{
  "user_id": "breez_sloth-0YETZafYeidii0e8jfZROv-2",
  "top_tracks": [
    "spotify:track:4oVlD8uK2QioN4iZ1lBL6X",
    "spotify:track:35BR2W8JpnmldYoOXWgJkH",
    "spotify:track:1d966178PJg6b4kcXqoYF3",
    "spotify:track:0cSkn2l67csUljEy0EEBPn",
    "spotify:track:1Xhy1gBPc2441AMBp8ztgY",
    "spotify:track:1di1C0QI6Y92yZPYn6XYAZ",
    "spotify:track:4k2GMy34pt5rQT9aVEzEwq",
    "spotify:track:4OQq1bcP12GQQXJNupxqfR",
    "spotify:track:28DlaPydCnrs8NxYOnUPZ8",
    "spotify:track:27iksNpaur1CcH0w8703by",
    "spotify:track:3LLYTletE6uiRZ0hgMSrCN",
    "spotify:track:5IzZpz0vA73IIjqFPpXSXP",
    "spotify:track:0qMip0B2D4ePEjBJvAtYre",
    "spotify:track:68XJP1sxQ5aiwbDJ8McUSr",
    "spotify:track:5iScqgKQne0dNnlI8MAytp",
    "spotify:track:2VBLFxCUyFp5BfmsZpxcis",
    "spotify:track:2XpV9sHBexcNrz0Gyf3l18",
    "spotify:track:32SYEk2ksN8iQtz50AtHYj",
    "spotify:track:7w4vDANlj1P5aitwEKYBWg",
    "spotify:track:73nX7BaV2Rat4AFVNV3YGR",
    "spotify:track:5s0AxcVJJD2YYPstMb61ro",
    "spotify:track:70p3HYq9iHZisJqpDmWd1U",
    "spotify:track:6uTTT5YZLkrI8atUK97s52",
    "spotify:track:7uBTN6TOq7FUqzru6Sbxp7",
    "spotify:track:2DLrgv7HhJanCuD8L9uJLR",
    "spotify:track:7CSTVNXkW2AbmNktlP1hi2",
    "spotify:track:1ZGmDs16vtSI0nlxDFljFK",
    "spotify:track:1zUqoSVqUE2O5x3MJ0mHz9",
    "spotify:track:1rN9QoVxw5U7TJkyaUR8C1",
    "spotify:track:0OGw7V8wAI6OsZIQ12JkTP",
    "spotify:track:5H6HtYNOkR1TEThh1LAyuf",
    "spotify:track:1rjvXhfeSpVVqERzW8qhRw",
    "spotify:track:0cDSDilvrV0MhO6GPU3DoI"
  ],
  "subgenres": {
    "j-pop": 0.18518518518518517,
    "anime": 0.24074074074074073,
    "vocaloid": 0.009259259259259259,
    "j-rock": 0.16666666666666666,
    "visual kei": 0.009259259259259259,
    "dark trap": 0.05555555555555555,
    "emo rap": 0.05555555555555555,
    "horrorcore": 0.05555555555555555,
    "punk rap": 0.05555555555555555,
    "cloud rap": 0.05555555555555555,
    "underground hip hop": 0.05555555555555555,
    "soundtrack": 0.037037037037037035,
    "j-rap": 0.009259259259259259,
    "japanese indie": 0.009259259259259259
  },
  "supergenres": {
    "Pop": 0.4752475247524752,
    "Rock": 0.1782178217821782,
    "Hip Hop": 0.3069306930693069,
    "Easy listening": 0.039603960396039604
  }
}