{
  "user_id": "breez_wheat-2K4CPmuC0XCA4glnBKBhfs-2",
  "top_tracks": [
    "spotify:track:6DoXuH326aAYEN8CnlLmhP",
    "spotify:track:5DNcUb4m3jC8Knkz0t42a2",
    "spotify:track:19Shlms2uTnOjIUg50TXzd",
    "spotify:track:1j6kDJttn6wbVyMaM42Nxm",
    "spotify:track:16x4zrgor3ewwEbPgSrTAB",
    "spotify:track:1Dr1fXbc2IxaK1Mu8P8Khz",
    "spotify:track:5SkRLpaGtvYPhw02vZhQQ9",
    "spotify:track:4paJ10JPNCyOaLtz2cY928",
    "spotify:track:5oady7OSE7dH7LHiqmb3Cr",
    "spotify:track:3GXSywNvYLAVUCtjMHkKDh",
    "spotify:track:5p7GiBZNL1afJJDUrOA6C8",
    "spotify:track:697zIbTO0LMhupzGblYREm",
    "spotify:track:3w0w2T288dec0mgeZZqoNN",
    "spotify:track:3YBfHJTZPHn5DqgMnD6g5g",
    "spotify:track:0WZ2PLxrMuEOLqmjJ1NbwF",
    "spotify:track:5mJGLBNJM0GULqAoL5mb9C",
    "spotify:track:3jHdKaLCkuNEkWcLVmQPCX",
    "spotify:track:51c94ac31swyDQj9B3Lzs3",
    "spotify:track:3G8xKBPsOgViF0V9ffwozx",
    "spotify:track:5muVpPu8Fj9fXfDbbqDdrZ",
    "spotify:track:4MQIDIQjNWkUvpXe5Je7TO",
    "spotify:track:52a8SjUaDMkIZeE0kRHr79",
    "spotify:track:6x68G4xQBgQDQ5AQ6L6TsL",
    "spotify:track:23A29DEDxMZdwpl0ZRrMOk",
    "spotify:track:1UGD3lW3tDmgZfAVDh6w7r",
    "spotify:track:7AUHZBFJ5c7fiLhl0I9r5S",
    "spotify:track:4ZtfLhWMxXKxPHXI9Tw8JZ",
    "spotify:track:15VRO9CQwMpbqUYA7e6Hwg",
    "spotify:track:6a9SPVrXyrlVh5Fh08f8Bz",
    "spotify:track:1cHCG42MxckrXNFqyF8Uhr",
    "spotify:track:19CkkPInDRDIOlqfrz1mVn",
    "spotify:track:30HCB1FoE77IfGRyNv4eFq",
    "spotify:track:3ZaEs1O8BG581qYPHpQ8d6"
  ],
  "subgenres": {
    "nu metal": 0.03389830508474576,
    "alternative metal": 0.03389830508474576,
    "rap metal": 0.03389830508474576,
    "shoegaze": 0.03389830508474576,
    "rock": 0.11864406779661017,
    "classic rock": 0.03389830508474576,
    "soft rock": 0.03389830508474576,
    "rap": 0.0847457627118644,
    "grunge": 0.1016949152542373,
    "alternative rock": 0.01694915254237288,
    "post-grunge": 0.03389830508474576,
    "punk": 0.01694915254237288,
    "pop punk": 0.01694915254237288,
    "reggae rock": 0.01694915254237288,
    "ska punk": 0.01694915254237288,
    "ska": 0.01694915254237288,
    "alternative hip hop": 0.01694915254237288,
    "jazz rap": 0.01694915254237288,
    "experimental hip hop": 0.01694915254237288,
    "boom bap": 0.01694915254237288,
    "east coast hip hop": 0.01694915254237288,
    "cloud rap": 0.05084745762711865,
    "dark trap": 0.05084745762711865,
    "underground hip hop": 0.05084745762711865,
    "memphis rap": 0.03389830508474576,
    "emo rap": 0.05084745762711865,
    "horrorcore": 0.01694915254237288,
    "punk rap": 0.01694915254237288
  },
  "supergenres": {
    "Metal": 0.14285714285714285,
    "Rock": 0.42857142857142855,
    "Hip Hop": 0.4107142857142857,
    "Folk/Acoustic": 0.017857142857142856
  }
}