{
  "user_id": "breez_vapor-6pHLiYgCEk5tO2NK29A9X3-3",
  "top_tracks": [
    "spotify:track:3mwvKOyMmG77zZRunnxp9E",
    "spotify:track:7e89621JPkKaeDSTQ3avtg",
    "spotify:track:5ghIJDpPoe3CfHMGu71E6T",
    "spotify:track:2RnPATK99oGOZygnD2GTO6",
    "spotify:track:7JIuqL4ZqkpfGKQhYlrirs",
    "spotify:track:536L9C0N7vhYdibCJx3cI2",
    "spotify:track:5jRQvcl66ovRTjUwzXziZA",
    "spotify:track:5ZBeML7Lf3FMEVviTyvi8l",
    "spotify:track:2TR7A4ulH9R1PNwMyd8o8U",
    "spotify:track:4KoecuyOpZaNFZ0UqVsllc",
    "spotify:track:4XNrMwGx1SqP01sqkGTDmo",
    "spotify:track:3tGhRLgcCP6SIZU3tbGl7l",
    "spotify:track:1HNE2PX70ztbEl6MLxrpNL",
    "spotify:track:0qOnSQQF0yzuPWsXrQ9paz",
    "spotify:track:2iUmqdfGZcHIhS3b9E9EWq",
    "spotify:track:1hTUFqJuQAMjXVGwUPWDqi",
    "spotify:track:1mKXFLRA179hdOWQBwUk9e",
    "spotify:track:5xEM5hIgJ1jjgcEBfpkt2F",
    "spotify:track:1EAgPzRbK9YmdOESSMUm6P",
    "spotify:track:5vl0sRtrQM1BTSAxQZFqEN",
    "spotify:track:4HlFJV71xXKIGcU3kRyttv",
    "spotify:track:15jhnquhNS1IZMlM493UBW",
    "spotify:track:4Sk6QA0RoRqZ3Hg9TlAX4X",
    "spotify:track:1h04XMpzGzmAudoI6VHBgA",
    "spotify:track:7N15WWy12QAMpGAh6QMAej",
    "spotify:track:3d9DChrdc6BOeFsbrZ3Is0",
    "spotify:track:5zcLnqZbAjDGXX7HNcT1rE",
    "spotify:track:1eT2CjXwFXNx6oY5ydvzKU",
    "spotify:track:1vLlzUAREiFMWgskzefFPr",
    "spotify:track:3EEd6ldsPat620GVYMEhOP",
    "spotify:track:2tznHmp70DxMyr2XhWLOW0",
    "spotify:track:4vziJcnB2Qyi9o4nIRUeN7",
    "spotify:track:3IvTwPCCjfZczCN2k4qPiH"
  ],
  "subgenres": {
    "alternative rock": 0.03225806451612903,
    "southern rock": 0.04838709677419355,
    "classic rock": 0.20967741935483872,
    "rock": 0.04838709677419355,
    "grunge": 0.016129032258064516,
    "psychedelic rock": 0.12903225806451613,
    "pop punk": 0.03225806451612903,
    "emo": 0.016129032258064516,
    "emo pop": 0.016129032258064516,
    "folk rock": 0.016129032258064516,
    "folk": 0.016129032258064516,
    "singer-songwriter": 0.016129032258064516,
    "country rock": 0.04838709677419355,
    "country": 0.03225806451612903,
    "pop country": 0.016129032258064516,
    "acoustic country": 0.016129032258064516,
    "pop": 0.016129032258064516,
    "punk": 0.03225806451612903,
    "skate punk": 0.016129032258064516,
    "folk pop": 0.016129032258064516,
    "soft pop": 0.016129032258064516,
    "bluegrass": 0.016129032258064516,
    "motown": 0.016129032258064516,
    "soul": 0.016129032258064516,
    "funk rock": 0.016129032258064516,
    "post-grunge": 0.016129032258064516,
    "alternative metal": 0.016129032258064516,
    "soft rock": 0.016129032258064516,
    "psychobilly": 0.016129032258064516,
    "rockabilly": 0.016129032258064516,
    "deathrock": 0.016129032258064516,
    "proto-punk": 0.016129032258064516,
    "modern rock": 0.016129032258064516
  },
  "supergenres": {
    "Rock": 0.8035714285714286,
    "Folk/Acoustic": 0.03571428571428571,
    "Country": 0.05357142857142857,
    "Pop": 0.017857142857142856,
    "Metal": 0.05357142857142857,
    "R&B": 0.03571428571428571
  }
}