{
  "user_id": "breez_stone-2SGpyIAdOHDH8F2GIrTANe-2",
  "top_tracks": [
    "spotify:track:628PXYmNDzst2flrsQTYdu",
    "spotify:track:6Qb7YsAqH4wWFUMbGsCpap",
    "spotify:track:4FjT3dqUW2Uq0R3pMz5V7C",
    "spotify:track:4o6BgsqLIBViaGVbx5rbRk",
    "spotify:track:7MTX3vevnm41xuEoPxWT3j",
    "spotify:track:3M8FzayQWtkvOhqMn2V4T2",
    "spotify:track:2M2WJ7gBlcKNxdhyfPp9zY",
    "spotify:track:254bXAqt3zP6P50BdQvEsq",
    "spotify:track:5PSaVasleQvJZ2mDN83Ixr",
    "spotify:track:4YeYupLm97ehlhYhboqMxM",
    "spotify:track:3usLNFntnS2UPB0WqKtz4l",
    "spotify:track:72yP0DUlWPyH8P7IoxskwN",
    "spotify:track:72o8iAttyL81GkscJ85xXc",
    "spotify:track:7buuX5RshJBQuNz3T3grHa",
    "spotify:track:5Ymwn4H27YMEsDB71KW8iK",
    "spotify:track:06rcHn4ehOCA1I1n6CJ2lb",
    "spotify:track:3PfIrDoz19wz7qK7tYeu62",
    "spotify:track:5p3JunprHCxClJjOmcLV8G",
    "spotify:track:19Shlms2uTnOjIUg50TXzd",
    "spotify:track:6yjKlmm7vOszkXEUku1EM1",
    "spotify:track:1JQ6Xm1JrvHfvAqhl5pwaA",
    "spotify:track:4RvWPyQ5RL0ao9LPZeSouE",
    "spotify:track:0dHpOqqAHj1UsMWlIv3Qjk",
    "spotify:track:59oLRNFEudC8csTmThlUrv",
    "spotify:track:0q1pkKvBMInZxxUzjuIrdf",
    "spotify:track:4cZvSjALHvfkwfDh9VW9HZ",
    "spotify:track:4LY7VZhDLlRpsUlBIOZ7Ew",
    "spotify:track:7I1v3hLSDCZK4EdGVokFcj",
    "spotify:track:2jYHHrLQI7q3sEND1jGI2x",
    "spotify:track:0GjEhVFGZW8afUYGChu3Rr",
    "spotify:track:38zsOOcu31XbbYj9BIPUF1",
    "spotify:track:7mjSHL2Eb0kAwiKbvNNyD9",
    "spotify:track:5QhikAUv91oMAaFnfKz22u"
  ],
  "subgenres": {
    "pop": 0.05405405405405406,
    "house": 0.02702702702702703,
    "soft rock": 0.13513513513513514,
    "soul": 0.02702702702702703,
    "motown": 0.05405405405405406,
    "disco": 0.02702702702702703,
    "classic rock": 0.05405405405405406,
    "neoclassical": 0.05405405405405406,
    "retro soul": 0.02702702702702703,
    "soul blues": 0.02702702702702703,
    "tropical house": 0.02702702702702703,
    "minimalism": 0.02702702702702703,
    "ambient": 0.02702702702702703,
    "progressive rock": 0.02702702702702703,
    "italian singer-songwriter": 0.02702702702702703,
    "glam rock": 0.02702702702702703,
    "proto-punk": 0.02702702702702703,
    "art rock": 0.02702702702702703,
    "new wave": 0.02702702702702703,
    "synthpop": 0.02702702702702703,
    "lo-fi beats": 0.02702702702702703,
    "lo-fi": 0.02702702702702703,
    "jazz beats": 0.02702702702702703,
    "downtempo": 0.02702702702702703,
    "lounge": 0.02702702702702703,
    "folk rock": 0.02702702702702703,
    "folk": 0.02702702702702703,
    "singer-songwriter": 0.02702702702702703,
    "album rock": 0.02702702702702703
  },
  "supergenres": {
    "Pop": 0.09375,
    "Electronic": 0.15625,
    "Rock": 0.4375,
    "R&B": 0.15625,
    "Blues": 0.03125,
    "Classical": 0.03125,
    "Easy listening": 0.03125,
    "Folk/Acoustic": 0.0625
  }
}