{
  "user_id": "brisk_ninja-2wb0rMjJ5hutwTYJI8X4X1-2",
  "top_tracks": [
    "spotify:track:2DnJjbjNTV9Nd5NOa1KGba",
    "spotify:track:1WYokrkFOb9TFVuTrmxTTt",
    "spotify:track:1YLJVmuzeM2YSUkCCaTNUB",
    "spotify:track:0djZ2ndRfAL69WYNra5jRC",
    "spotify:track:1QaJWSCk3UMKLotnPCIHh1",
    "spotify:track:1GEOSS415bZVHNuXWlCT6b",
    "spotify:track:6PwjJ58I4t7Mae9xfZ9l9v",
    "spotify:track:6UBjSnyP1O5W5ndJoO9vUk",
    "spotify:track:5p3JunprHCxClJjOmcLV8G",
    "spotify:track:0ESdtt9cjGZUkUbaubSrv2",
    "spotify:track:6GG73Jik4jUlQCkKg9JuGO",
    "spotify:track:1Ryxsiacu8pUXIMCVnIQ8J",
    "spotify:track:0sDeU2murnLh4yVHQ5IV70",
    "spotify:track:551qy5vUgrUfEUc4dCNfht",
    "spotify:track:1Cj2vqUwlJVG27gJrun92y",
    "spotify:track:6i81qFkru6Kj1IEsB7KNp2",
    "spotify:track:5BckPAYcKEJuYs1eV1BHHe",
    "spotify:track:4u3oXuVeOGoByIMz9pnOKf",
    "spotify:track:0nys6GusuHnjSYLW0PYYb7",
    "spotify:track:3OOFEF20WqtsUPcRbPY3L7",
    "spotify:track:5FVd6KXrgO9B3JPmC8OPst",
    "spotify:track:20I8RduZC2PWMWTDCZuuAN",
    "spotify:track:4jSay4yqn2x0VQJJCElKQA",
    "spotify:track:3NW1YMA8kfNVTzGJCGBS8m",
    "spotify:track:305WCRhhS10XUcH6AEwZk6",
    "spotify:track:29U7stRjqHU6rMiS8BfaI9",
    "spotify:track:7odHgoLFi3GQ90E9PeraI3",
    "spotify:track:3d8y0t70g7hw2FOWl9Z4Fm",
    "spotify:track:5FgPwJ7Nh2FVmIXviKl2VF",
    "spotify:track:5veJDT0MLsLbhYsx42GXUD",
    "spotify:track:2dLLR6qlu5UJ5gk0dKz0h3",
    "spotify:track:7DSAEUvxU8FajXtRloy8M0",
    "spotify:track:77oU2rjC5XbjQfNe3bD6so"
  ],
  "subgenres": {
    "classic rock": 0.1044776119402985,
    "soft rock": 0.014925373134328358,
    "baroque pop": 0.014925373134328358,
    "folk rock": 0.029850746268656716,
    "folk": 0.029850746268656716,
    "progressive rock": 0.04477611940298507,
    "psychedelic rock": 0.04477611940298507,
    "symphonic rock": 0.029850746268656716,
    "art rock": 0.04477611940298507,
    "rock": 0.1044776119402985,
    "alternative rock": 0.029850746268656716,
    "glam rock": 0.014925373134328358,
    "proto-punk": 0.014925373134328358,
    "emo": 0.014925373134328358,
    "pop punk": 0.014925373134328358,
    "emo pop": 0.014925373134328358,
    "soul": 0.014925373134328358,
    "soul blues": 0.014925373134328358,
    "motown": 0.014925373134328358,
    "grunge": 0.029850746268656716,
    "metal": 0.014925373134328358,
    "nu metal": 0.014925373134328358,
    "alternative metal": 0.014925373134328358,
    "rap metal": 0.014925373134328358,
    "hard rock": 0.029850746268656716,
    "heavy metal": 0.014925373134328358,
    "post-grunge": 0.014925373134328358,
    "album rock": 0.014925373134328358,
    "indie rock": 0.029850746268656716,
    "indie": 0.029850746268656716,
    "garage rock": 0.014925373134328358,
    "acid rock": 0.014925373134328358,
    "singer-songwriter": 0.014925373134328358,
    "jazz": 0.014925373134328358,
    "swing music": 0.014925373134328358,
    "big band": 0.014925373134328358,
    "vocal jazz": 0.014925373134328358,
    "jazz blues": 0.014925373134328358,
    "folk pop": 0.014925373134328358,
    "indie folk": 0.014925373134328358,
    "soft pop": 0.014925373134328358
  },
  "supergenres": {
    "Rock": 0.7,
    "Pop": 0.016666666666666666,
    "Folk/Acoustic": 0.06666666666666667,
    "R&B": 0.03333333333333333,
    "Blues": 0.03333333333333333,
    "Metal": 0.1,
    "Jazz": 0.03333333333333333,
    "Easy listening": 0.016666666666666666
  }
}