{
  "user_id": "brisk_cloud-4vhKJUznLeYjQP0jbt13Qm-3",
  "top_tracks": [
    "spotify:track:7E5p9vyjnx7C90DU8Jv1PI",
    "spotify:track:6wqt7M2wbw2XWAtCqqAfmA",
    "spotify:track:26twkVhzkT9nE1HiE6VAsv",
    "spotify:track:6FBzhcfgGacfXF3AmtfEaX",
    "spotify:track:4x8uLA848ZXSAMYVLDl1Br",
    "spotify:track:2sIWKrYmpVuGltnb1pXxO1",
    "spotify:track:4LAa9a5VMkk3mN8BHhB93c",
    "spotify:track:6ZfSXhqojBGB8BdRFb96Im",
    "spotify:track:1J9iVCaEriyoMXpj2XszhU",
    "spotify:track:5hffP5gJFe1zByXf7BIeYq",
    "spotify:track:5mIOsPuQdXchVY0jB5NO9Q",
    "spotify:track:0aU10VlpxhIAuxGcGi87mB",
    "spotify:track:6qUkNMd34rjpDP5EUy9JNS",
    "spotify:track:5yQ9iMZXGcr5rlO4hoLsP4",
    "spotify:track:1BXastKgdI3AiFipVt69Fv",
    "spotify:track:3IvTwPCCjfZczCN2k4qPiH",
    "spotify:track:0Lf2PlT8IPAaWc59a2fWU6",
    "spotify:track:4i3A0nzL5zbw5B50zoM1fd",
    "spotify:track:1tfZtA15BfJHQTUy3dqTKC",
    "spotify:track:15ouqiBsgL12olEwP3COsH",
    "spotify:track:0grFc6klR3hxoHLcgCYsF4",
    "spotify:track:6OojY4NdPiEGWHV2EUSwHz",
    "spotify:track:6fZQXbSPFrnoOafZUEpn4u",
    "spotify:track:5FZtl28q6FXkuDeAWxHzjx",
    "spotify:track:0djZ2ndRfAL69WYNra5jRC",
    "spotify:track:4IixKf4WnlQ56QPwHchEO5",
    "spotify:track:6MQXvOq8XHwToL2F1bFM8f",
    "spotify:track:0Z4ABgkKUGXmVwOx7WMWJu",
    "spotify:track:6dfhF1BDGmhM69fnCb6wSC",
    "spotify:track:3uwaQH9ibLHv9lCZ68qHBb",
    "spotify:track:3Pzh926pXggbMe2ZpXyMV7",
    "spotify:track:6e7LEf6iDAkshuWbpnqcKN",
    "spotify:track:1y4fbtHSJLqpaQXduQw88e"
  ],
  "subgenres": {
    "funk rock": 0.013888888888888888,
    "psychedelic rock": 0.041666666666666664,
    "alternative hip hop": 0.027777777777777776,
    "jazz rap": 0.027777777777777776,
    "experimental hip hop": 0.027777777777777776,
    "east coast hip hop": 0.041666666666666664,
    "afrobeat": 0.013888888888888888,
    "jazz funk": 0.013888888888888888,
    "afro soul": 0.013888888888888888,
    "retro soul": 0.027777777777777776,
    "boom bap": 0.013888888888888888,
    "underground hip hop": 0.013888888888888888,
    "blues": 0.041666666666666664,
    "classic blues": 0.027777777777777776,
    "jazz blues": 0.041666666666666664,
    "soul blues": 0.041666666666666664,
    "blues rock": 0.041666666666666664,
    "jazz": 0.013888888888888888,
    "hard bop": 0.013888888888888888,
    "cool jazz": 0.013888888888888888,
    "bebop": 0.013888888888888888,
    "free jazz": 0.013888888888888888,
    "adult standards": 0.013888888888888888,
    "exotica": 0.013888888888888888,
    "bedroom pop": 0.013888888888888888,
    "soul": 0.013888888888888888,
    "vocal jazz": 0.013888888888888888,
    "hip hop": 0.013888888888888888,
    "acid jazz": 0.013888888888888888,
    "classic rock": 0.013888888888888888,
    "folk punk": 0.013888888888888888,
    "mpb": 0.013888888888888888,
    "bossa nova": 0.013888888888888888,
    "brazilian jazz": 0.013888888888888888,
    "samba": 0.013888888888888888,
    "garage rock": 0.05555555555555555,
    "modern blues": 0.013888888888888888,
    "rock": 0.013888888888888888,
    "acid rock": 0.027777777777777776,
    "baroque pop": 0.013888888888888888,
    "psychedelic pop": 0.013888888888888888,
    "proto-punk": 0.013888888888888888,
    "folk rock": 0.041666666666666664,
    "folk": 0.027777777777777776,
    "rap": 0.013888888888888888,
    "modern rock": 0.013888888888888888,
    "stoner rock": 0.013888888888888888,
    "singer-songwriter": 0.013888888888888888
  },
  "supergenres": {
    "Rock": 0.2898550724637681,
    "Hip Hop": 0.18840579710144928,
    "World/Traditional": 0.014492753623188406,
    "Jazz": 0.14492753623188406,
    "R&B": 0.057971014492753624,
    "Blues": 0.14492753623188406,
    "Easy listening": 0.028985507246376812,
    "Pop": 0.043478260869565216,
    "Folk/Acoustic": 0.057971014492753624,
    "Latin": 0.028985507246376812
  }
}