{
  "user_id": "brisk_squid-6mpSYC44fBLJKtSKF4Cw9D-3",
  "top_tracks": [
    "spotify:track:0hUit24g1EIoATdKYWUiRj",
    "spotify:track:69Kzq3FMkDwiSFBQzRckFD",
    "spotify:track:0MUXUGM0qh4lqWWQ9vvytv",
    "spotify:track:2R4AlwtrrkMaRKojcTIzmL",
    "spotify:track:2wY7z8YfCFFvOn7RH63HXV",
    "spotify:track:5FHwElVwKA5C5dryoGGkFC",
    "spotify:track:3DjS3YvziBLYInH4yx4ZgS",
    "spotify:track:2mWJVuJsQIFg0fnRYcD8zz",
    "spotify:track:2cN7qiHMJflO91pkG9HoO1",
    "spotify:track:61rjspU9Rmf2NdrSmkVv0v",
    "spotify:track:0R0m9mTXa81zp1qtcU3dSR",
    "spotify:track:5tFpkuwgFZQm3jv4PTX4VB",
    "spotify:track:2RWQocwO9CRJL617lTZ5fi",
    "spotify:track:56Wmtbg2eMihs1aLNegG81",
    "spotify:track:1D6eNTsC5ixYBTzBxBx0gL",
    "spotify:track:4UJmPSJsBsIR1U0N79BU1g",
    "spotify:track:4uQ7wYsuL0DryknoDc11Hk",
    "spotify:track:5Bu1UJu2cTvxvdNIP56cd9",
    "spotify:track:1dVWz4VM5QkgzHLjFEKM4u",
    "spotify:track:3BtHClmMmURD8UHF2fiyxt",
    "spotify:track:2O5UcpKolgLT8l8yAvEmID",
    "spotify:track:4ToYlykhwpW98KtMIGnWQK",
    "spotify:track:4qPKQzKZbV3aSYXDYV5uqr",
    "spotify:track:6fRTLoXVX5XvEXlYgmCEOr",
    "spotify:track:2fXLhLA7cPYEmQ1NbeAtBD",
    "spotify:track:5ugzDiilhy6ILKmKfhEzd7",
    "spotify:track:48lIoKOJ9KOedV2PKgIfUT",
    "spotify:track:0Z57YWES04xGh3AImDz6Qr",
    "spotify:track:3iYermCTDOt4YfeCqf3sIn",
    "spotify:track:3KANrKOFYyAxfjQJHkgBdb",
    "spotify:track:68DKrU7sTyDpDA5T3dsOlk",
    "spotify:track:0vDSbxxAm67GWHYueykkpc",
    "spotify:track:0aanNVtIr5u9qy0MFlzUFz"
  ],
  "subgenres": {
    "grunge": 0.05333333333333334,
    "rock": 0.06666666666666667,
    "new wave": 0.013333333333333334,
    "madchester": 0.013333333333333334,
    "jangle pop": 0.013333333333333334,
    "stoner rock": 0.16,
    "alternative rock": 0.14666666666666667,
    "indie": 0.02666666666666667,
    "sludge metal": 0.04,
    "indie punk": 0.013333333333333334,
    "garage rock": 0.02666666666666667,
    "noise rock": 0.013333333333333334,
    "math rock": 0.02666666666666667,
    "post-hardcore": 0.02666666666666667,
    "nu metal": 0.02666666666666667,
    "alternative metal": 0.02666666666666667,
    "rap metal": 0.013333333333333334,
    "shoegaze": 0.02666666666666667,
    "slowcore": 0.013333333333333334,
    "reggae rock": 0.02666666666666667,
    "ska punk": 0.02666666666666667,
    "ska": 0.02666666666666667,
    "indie rock": 0.02666666666666667,
    "post-punk": 0.02666666666666667,
    "modern rock": 0.013333333333333334,
    "industrial rock": 0.013333333333333334,
    "industrial": 0.013333333333333334,
    "industrial metal": 0.013333333333333334,
    "electronic rock": 0.013333333333333334,
    "chamber pop": 0.013333333333333334,
    "doom metal": 0.013333333333333334,
    "space rock": 0.013333333333333334,
    "post-grunge": 0.013333333333333334
  },
  "supergenres": {
    "Rock": 0.7808219178082192,
    "Pop": 0.0273972602739726,
    "Metal": 0.1506849315068493,
    "Folk/Acoustic": 0.0410958904109589
  }
}