{
  "user_id": "cloud_panda-7zSThiDt2I7KKfZV6IwGPK-1",
  "top_tracks": [
    "spotify:track:4BSrRUm2cSaLRjN7xGpCRt",
    "spotify:track:2vNUATEUKbavRo2gMjHs2S",
    "spotify:track:0YZEYxd1oiqZRFhnnmTKKi",
    "spotify:track:3c9kVsKF68xMzlS0NikVn3",
    "spotify:track:0vPkRB52RENZMpHybpFKYK",
    "spotify:track:75jOZla67WCSH24GjJrq5r",
    "spotify:track:14ZDr0cH018WC2STL1XY2g",
    "spotify:track:776AftMmFFAWUIEAb3lHhw",
    "spotify:track:73QoCfWJJWbRYmm5nCH5Y2",
    "spotify:track:2S7uJQCvFAyANAnDiyVER8",
    "spotify:track:2dDjXlJa6pnOTGl8C8iChL",
    "spotify:track:7okAszmL6H3YM6mtX5TZYW",
    "spotify:track:7xuhVUJmBpHR276Yc7AsgW",
    "spotify:track:0Tkgl0sQyr6QO0IGmS8aa5",
    "spotify:track:4Xgono4pmRbojXlCIYh8or",
    "spotify:track:2fDy68BuFDTa7UGVicym4Z",
    "spotify:track:1PVD8pnxk9bRaiBnGTJRA1",
    "spotify:track:36sAFU68abNDrMOJI5QYZi",
    "spotify:track:4EsaTQDXDnD9hsKUjqtSK1",
    "spotify:track:0Zf3HZwWSVugx67XjItDJa",
    "spotify:track:2tRk2KR79Y6DVkaPsZ9Ij7",
    "spotify:track:2ciYYljvXw3vJdWi6hkEfS",
    "spotify:track:7o67roCVsFiCt7Cf0ZLOJq",
    "spotify:track:0o38KhbFa0XnKQOamsqUDx",
    "spotify:track:1B8MHa0NveCF1ViBEOZWO5",
    "spotify:track:0O2UONKvVfdwDyefKh5Yo1",
    "spotify:track:3FJWujo6lhrjtS3w8rR78F",
    "spotify:track:0ZZCltcOacjI1kY4BnVDjt",
    "spotify:track:01Z971lhUmtrFVrjVOIu6p",
    "spotify:track:1KF6uW84ksAUlTMy08gP1R",
    "spotify:track:0eJmsdfbAOM1KD0w50EhlD",
    "spotify:track:2hzdutjZmHEyM2EB0JqDsx",
    "spotify:track:0qZ03ABKZsGbGhvh1zbbil"
  ],
  "subgenres": {
    "metalcore": 0.20987654320987653,
    "post-hardcore": 0.09876543209876543,
    "screamo": 0.13580246913580246,
    "deathcore": 0.037037037037037035,
    "metal": 0.14814814814814814,
    "gregorian chant": 0.012345679012345678,
    "dark trap": 0.024691358024691357,
    "post-grunge": 0.024691358024691357,
    "rock": 0.024691358024691357,
    "pop punk": 0.04938271604938271,
    "punk": 0.037037037037037035,
    "skate punk": 0.024691358024691357,
    "nu metal": 0.012345679012345678,
    "alternative metal": 0.012345679012345678,
    "rap metal": 0.012345679012345678,
    "heavy metal": 0.012345679012345678,
    "christian folk": 0.012345679012345678,
    "christian alternative rock": 0.012345679012345678,
    "christian": 0.012345679012345678,
    "pop worship": 0.012345679012345678,
    "christian pop": 0.012345679012345678,
    "soft rock": 0.012345679012345678,
    "emo": 0.024691358024691357,
    "emo pop": 0.012345679012345678,
    "djent": 0.012345679012345678
  },
  "supergenres": {
    "Metal": 0.6753246753246753,
    "Rock": 0.2727272727272727,
    "Classical": 0.012987012987012988,
    "Hip Hop": 0.025974025974025976,
    "Pop": 0.012987012987012988
  }
}