{
  "user_id": "cloud_scone-43YS3rrnq6RuPqNlm4Ex0q-2",
  "top_tracks": [
    "spotify:track:4kdf8P7yjNbzbPDJfslLAD",
    "spotify:track:7lNmcW2wW6ciV9Rhh8YOMe",
    "spotify:track:6v0UJD4a2FtleHeSYVX02A",
    "spotify:track:2RMgDzKU002S6IcwWwG9i1",
    "spotify:track:5zkFu1crgFwigVL4Se0ZPO",
    "spotify:track:5AJ9hqTS2wcFQCELCFRO7A",
    "spotify:track:2GKiJcQfvBCsjciiEGRGLf",
    "spotify:track:31mR7srvUx67RpNLd1MxOU",
    "spotify:track:1NwyJs8dFvkV5cvvehav7s",
    "spotify:track:2hXsitK8UcULfvQpeukAyV",
    "spotify:track:1h2xVEoJORqrg71HocgqXd",
    "spotify:track:3XVBdLihbNbxUwZosxcGuJ",
    "spotify:track:0Au59XJDRaCpmgaXBpkXTh",
    "spotify:track:7aQit8ovPbSAnxMI7YtdsP",
    "spotify:track:4cCja4eP2SuiouFLBZy6Ey",
    "spotify:track:5mPMCnbqbLQedrEVJH2BVN",
    "spotify:track:2pfAvgMoHLfialvMYn337d",
    "spotify:track:5nR6MBAFCdusf8C3BZGtop",
    "spotify:track:1AIt0r0YN6pdW9QHmECLvr",
    "spotify:track:7pYvlvXuljROQPXMFZwfAk",
    "spotify:track:5VxQiXaz15qCnaeGfPUeAl",
    "spotify:track:1SeiTuZE9CPwhlH7chsTaJ",
    "spotify:track:3RqsX9mUWAhkFeRESUs1e8",
    "spotify:track:4RvW5ggYKC7bCDX4UUSSDc",
    "spotify:track:0VBKbgt7Q8fvR4B5DrvVph",
    "spotify:track:4RR9b3odZNjk4vI0db8orZ",
    "spotify:track:7Mze4xkzLpL2MJROXVuOOZ",
    "spotify:track:4tqcoej1zPvwePZCzuAjJd",
    "spotify:track:53DRkI3ebM3SbSQm4gQ1vF",
    "spotify:track:0CMUmDILSCGK6U07Bkzp0p",
    "spotify:track:2gT2iF1YK5r54A2PDEXVv8",
    "spotify:track:3OQWmRTZbP8CuqBrH1o3qP",
    "spotify:track:3jN9XORpHKoTEQB2CGiOiZ"
  ],
  "subgenres": {
    "country": 0.058823529411764705,
    "red dirt": 0.0392156862745098,
    "soft pop": 0.0196078431372549,
    "soul": 0.0392156862745098,
    "motown": 0.0392156862745098,
    "jazz blues": 0.0196078431372549,
    "modern blues": 0.1568627450980392,
    "blues rock": 0.13725490196078433,
    "retro soul": 0.11764705882352941,
    "r&b": 0.0196078431372549,
    "neo soul": 0.0196078431372549,
    "southern rock": 0.058823529411764705,
    "blues": 0.09803921568627451,
    "roots rock": 0.0392156862745098,
    "indie folk": 0.0392156862745098,
    "folk": 0.0196078431372549,
    "texas country": 0.0196078431372549,
    "folk pop": 0.0196078431372549,
    "soul blues": 0.0196078431372549,
    "rap": 0.0196078431372549
  },
  "supergenres": {
    "Country": 0.12244897959183673,
    "R&B": 0.24489795918367346,
    "Blues": 0.30612244897959184,
    "Rock": 0.24489795918367346,
    "Folk/Acoustic": 0.061224489795918366,
    "Hip Hop": 0.02040816326530612
  }
}