{
  "user_id": "cozyy_tulip-4vhKJUznLeYjQP0jbt13Qm-2",
  "top_tracks": [
    "spotify:track:3RJdwyIp02q99eXzmLSMos",
    "spotify:track:4f5nUYzeUioPwNbz2mGx5S",
    "spotify:track:0P2vjYoUjjHBeYArlQtRmf",
    "spotify:track:4G3dZN9o3o2X4VKwt4CLts",
    "spotify:track:3lGBvPUgO7MJltUnBlOpe9",
    "spotify:track:5r5Lj2MkgwQJz6TaBdL865",
    "spotify:track:1R28m5eWk1EV9FQ3puWrUp",
    "spotify:track:2Vy16OMt19FH30uQNTFdLk",
    "spotify:track:1w327AHTCoChRIkJUprAnV",
    "spotify:track:2tznHmp70DxMyr2XhWLOW0",
    "spotify:track:1PC5GV3OaoXx5em8ttQOMI",
    "spotify:track:6bmJYo1KS2X2nzQrCGzdOe",
    "spotify:track:47TQjzeG4KI0XWWb0wkbri",
    "spotify:track:7GVvj4zJNVuBJSl6StEfn5",
    "spotify:track:4UEgKxYLP0bPG6EwD0DgYK",
    "spotify:track:3T2LUDcZRrOnYzV1FprZTy",
    "spotify:track:4zIeRcsaho6lZuaXEYR1y3",
    "spotify:track:1x1XQqhBViz4opcpwc7FVs",
    "spotify:track:6ur7NoA7h7ohK25GI2IJva",
    "spotify:track:0icFJI44Ub8pJ5Wi77OKFF",
    "spotify:track:3XsrEA7lVrxOeRgZahaJTF",
    "spotify:track:5DUWIeIriroyHEbPdqxEFG",
    "spotify:track:0lEWIegMNMQ7W1ooB1zWT2",
    "spotify:track:4A48ckONJNoXU5smWT9CeG",
    "spotify:track:3yrSvpt2l1xhsV9Em88Pul",
    "spotify:track:5oMCxf5GrRoeJE8UARbOoj",
    "spotify:track:54qG9hpUjLgkgTJQ9qvB1P",
    "spotify:track:59OzzlZ0CaIp7BONONcWDr",
    "spotify:track:6ouQW2sUweAmRKeYcvSyrC",
    "spotify:track:1W4qc7UnAuRmT93W8Ad1t1",
    "spotify:track:2nilAlGEZmwyaLTMMyDdLo",
    "spotify:track:4R8XY2fcKNW4zNug9Y1WLJ",
    "spotify:track:5FBf12F4ry9TXoZAvISu6F"
  ],
  "subgenres": {
    "east coast hip hop": 0.07692307692307693,
    "hip hop": 0.07692307692307693,
    "boom bap": 0.046153846153846156,
    "psychedelic rock": 0.03076923076923077,
    "classic rock": 0.046153846153846156,
    "acid rock": 0.015384615384615385,
    "blues rock": 0.046153846153846156,
    "surf rock": 0.015384615384615385,
    "jazz rap": 0.07692307692307693,
    "west coast hip hop": 0.015384615384615385,
    "modern rock": 0.03076923076923077,
    "alternative hip hop": 0.07692307692307693,
    "experimental hip hop": 0.06153846153846154,
    "alternative r&b": 0.015384615384615385,
    "bedroom pop": 0.015384615384615385,
    "blues": 0.03076923076923077,
    "roots rock": 0.015384615384615385,
    "indie": 0.015384615384615385,
    "indie pop": 0.015384615384615385,
    "folk rock": 0.015384615384615385,
    "singer-songwriter": 0.015384615384615385,
    "retro soul": 0.046153846153846156,
    "classic blues": 0.015384615384615385,
    "soul blues": 0.015384615384615385,
    "jazz blues": 0.03076923076923077,
    "modern blues": 0.015384615384615385,
    "power pop": 0.015384615384615385,
    "jangle pop": 0.015384615384615385,
    "rap": 0.015384615384615385,
    "indie folk": 0.015384615384615385,
    "jazz": 0.015384615384615385,
    "hard bop": 0.015384615384615385,
    "cool jazz": 0.015384615384615385,
    "bebop": 0.015384615384615385
  },
  "supergenres": {
    "Hip Hop": 0.45901639344262296,
    "Rock": 0.21311475409836064,
    "R&B": 0.06557377049180328,
    "Pop": 0.06557377049180328,
    "Blues": 0.09836065573770492,
    "Folk/Acoustic": 0.03278688524590164,
    "Jazz": 0.06557377049180328
  }
}