{
  "user_id": "dusky_bloom-2K4CPmuC0XCA4glnBKBhfs-1",
  "top_tracks": [
    "spotify:track:4EWCNWgDS8707fNSZ1oaA5",
    "spotify:track:5hVghJ4KaYES3BFUATCYn0",
    "spotify:track:0YsGMHid6sFq5PcToe3JZE",
    "spotify:track:5IhCGnAYfeGlsfAXbqKlI1",
    "spotify:track:4S4Mfvv03M1cHgIOJcbUCL",
    "spotify:track:0ofHAoxe9vBkTCp2UQIavz",
    "spotify:track:67eqrRkxp2ED26CEqvqbDv",
    "spotify:track:4KW1lqgSr8TKrvBII0Brf8",
    "spotify:track:5FkoSXiJPKTNyYgALRJFhD",
    "spotify:track:5vVKkF3xih38Vcoo4HgAo8",
    "spotify:track:3Kq3ISwL8eJWORDBsXTDYn",
    "spotify:track:6AtscuPpNRwDvuehpFtWw1",
    "spotify:track:5gRcv46AMTrosmTOqrOV3Q",
    "spotify:track:1PS1QMdUqOal0ai3Gt7sDQ",
    "spotify:track:3kZAm2TC74lBJFPDoV40Qc",
    "spotify:track:3ppVO2tyWRRznNmONvt7Se",
    "spotify:track:1158ckiB5S4cpsdYHDB9IF",
    "spotify:track:3aEDTqPcVXDiuKXaedAZgx",
    "spotify:track:2JmFRXaJrkAUD2cs6U20KG",
    "spotify:track:5467KZaTToEB680WvOd9w5",
    "spotify:track:2aPTvyE09vUCRwVvj0I8WK",
    "spotify:track:1zgHn1EqUyA0HqNYMdJ5ia",
    "spotify:track:0zLClc0emc6qUeV1p5nc99",
    "spotify:track:2SHTKB8YYlawTGIuJ2b2ok",
    "spotify:track:3tTpvK7QgjjQCKGnHt5xn3",
    "spotify:track:4YFcGTdgmEuw8xTO4XrxbB",
    "spotify:track:1Kxn9I2iOvUFLlTZgzmEyM",
    "spotify:track:3B4q6KbHbGV51HO3GznBFF",
    "spotify:track:5sFDReWLrZHLFZFjHsjUTS",
    "spotify:track:0hPRWztAIbNkt6GcFcLiqF",
    "spotify:track:1OubIZ0ARYCUq5kceYUQiO",
    "spotify:track:5cZqsjVs6MevCnAkasbEOX",
    "spotify:track:2gAGWaK4wvt2xrFUlR4mK8"
  ],
  "subgenres": {
    "rap": 0.14285714285714285,
    "dark trap": 0.06349206349206349,
    "horrorcore": 0.047619047619047616,
    "emo rap": 0.06349206349206349,
    "classic rock": 0.015873015873015872,
    "soft rock": 0.015873015873015872,
    "alternative hip hop": 0.031746031746031744,
    "jazz rap": 0.031746031746031744,
    "experimental hip hop": 0.031746031746031744,
    "boom bap": 0.031746031746031744,
    "nu metal": 0.047619047619047616,
    "alternative metal": 0.047619047619047616,
    "rap metal": 0.047619047619047616,
    "shoegaze": 0.031746031746031744,
    "rock": 0.07936507936507936,
    "grunge": 0.047619047619047616,
    "cloud rap": 0.031746031746031744,
    "underground hip hop": 0.031746031746031744,
    "memphis rap": 0.015873015873015872,
    "hip hop": 0.015873015873015872,
    "r&b": 0.015873015873015872,
    "alternative rock": 0.015873015873015872,
    "reggae rock": 0.015873015873015872,
    "ska punk": 0.015873015873015872,
    "ska": 0.015873015873015872,
    "post-grunge": 0.015873015873015872,
    "punk rap": 0.015873015873015872,
    "rap rock": 0.015873015873015872
  },
  "supergenres": {
    "Hip Hop": 0.5409836065573771,
    "Rock": 0.26229508196721313,
    "Metal": 0.16393442622950818,
    "R&B": 0.01639344262295082,
    "Folk/Acoustic": 0.01639344262295082
  }
}