{
  "user_id": "dusky_scone-76kxhBeCZ96VobdTzzdeKn-3",
  "top_tracks": [
    "spotify:track:0h6vLT1rLneoc5I4sOxvB1",
    "spotify:track:0B9o1qzf2HvTDDp60EhZMQ",
    "spotify:track:3KWQwppcl2EpUfbq3LXmt0",
    "spotify:track:2pIk8EErerGs25iitIvZ03",
    "spotify:track:6Ix9YwZc6loLuisD8tDy01",
    "spotify:track:1EJ8fXfKmKVyuIo1GwvrxL",
    "spotify:track:51EMSRpNm9Rg5rGViVCczv",
    "spotify:track:2VixZjAv5SOC5DRyZhnMlS",
    "spotify:track:38Ngied9rBORlAbLYNCl4k",
    "spotify:track:28gz2W2KMsn1QnvojoWPqv",
    "spotify:track:4xkcGfpM9RwB4IiQ7yx2dB",
    "spotify:track:11A0lCLTCw1pLyuPqYMoxX",
    "spotify:track:2BdRIIfNX6z5vCZqLOpz9B",
    "spotify:track:37pKTyMwalomKCZjxTc2QZ",
    "spotify:track:6k7TQSB0vW7EuSJs9vEvNl",
    "spotify:track:1dyTcli07c77mtQK3ahUZR",
    "spotify:track:6FdVdYNgEbbWbtIyQh8fPL",
    "spotify:track:5Oy3MvisFnvTBCQsABK4VX",
    "spotify:track:39VxarnBZV8POFPXvnAD2U",
    "spotify:track:0xzBmAsCfu3AzX1W0GYtMJ",
    "spotify:track:7hrQx8C3rT5R447bmNnq5Y",
    "spotify:track:3yODCa8ekg0S8B4UC2TWz9",
    "spotify:track:2dxTFfMRkukWEY3jyaALRU",
    "spotify:track:04pktsRGucPz8jOgUSx9jp",
    "spotify:track:30T8Egyt4cunXqJMfTR3oN",
    "spotify:track:7kVoPBSlGghzLoQjODkxGD",
    "spotify:track:1ASMqs9x07lQPj4iMz46O3",
    "spotify:track:3XCveEutwTaDiekRkkfdp9",
    "spotify:track:3vxRgB4aJynFfuTGhaERC8",
    "spotify:track:0KVvCxDFbvCUI3Xu4xTB4p",
    "spotify:track:0XYDsThQp51DSYyAX5gFc9",
    "spotify:track:0nqItUdx96RDxP32foWt7H",
    "spotify:track:0G9fPit3Hd88IkYlUXxOvM"
  ],
  "subgenres": {
    "nu metal": 0.01639344262295082,
    "alternative metal": 0.01639344262295082,
    "rap metal": 0.01639344262295082,
    "shoegaze": 0.13114754098360656,
    "rock": 0.01639344262295082,
    "dream pop": 0.11475409836065574,
    "idm": 0.03278688524590164,
    "indie rock": 0.01639344262295082,
    "post-punk": 0.06557377049180328,
    "modern rock": 0.01639344262295082,
    "jangle pop": 0.01639344262295082,
    "art pop": 0.03278688524590164,
    "baroque pop": 0.01639344262295082,
    "chamber pop": 0.01639344262295082,
    "surf rock": 0.01639344262295082,
    "garage rock": 0.01639344262295082,
    "new wave": 0.03278688524590164,
    "art rock": 0.03278688524590164,
    "alternative rock": 0.03278688524590164,
    "space rock": 0.01639344262295082,
    "grunge": 0.01639344262295082,
    "post-grunge": 0.01639344262295082,
    "deathrock": 0.01639344262295082,
    "hyperpop": 0.01639344262295082,
    "slowcore": 0.04918032786885246,
    "noise rock": 0.04918032786885246,
    "midwest emo": 0.03278688524590164,
    "emo": 0.03278688524590164,
    "pop punk": 0.01639344262295082,
    "folk punk": 0.01639344262295082,
    "math rock": 0.03278688524590164,
    "post-hardcore": 0.01639344262295082,
    "emocore": 0.01639344262295082
  },
  "supergenres": {
    "Metal": 0.06666666666666667,
    "Rock": 0.6166666666666667,
    "Pop": 0.21666666666666667,
    "Electronic": 0.03333333333333333,
    "Folk/Acoustic": 0.06666666666666667
  }
}