{
  "user_id": "dusky_sloth-74TmSEjAwIqDr1wgRijfFx-3",
  "top_tracks": [
    "spotify:track:2ySc7XpO3sdt01UG986MwE",
    "spotify:track:6fhgO6p9DsTyHqPctyzDkV",
    "spotify:track:7AANiLuLkhlg1WrJ3qv9n6",
    "spotify:track:61jCFoNIuzQnc9UovuzNVW",
    "spotify:track:6AI3ezQ4o3HUoP6Dhudph3",
    "spotify:track:0bePGTDjn0XuEKoN7rOMvV",
    "spotify:track:6dgUya35uo964z7GZXM07g",
    "spotify:track:6Qn5zhYkTa37e91HC1D7lb",
    "spotify:track:37F7E7BKEw2E4O2L7u0IEp",
    "spotify:track:3lsWwQnDg99gtni4g5V0UG",
    "spotify:track:4JfpJrrGNXRj2yXm1fYV23",
    "spotify:track:61mWefnWQOLf90gepjOCb3",
    "spotify:track:2tudvzsrR56uom6smgOcSf",
    "spotify:track:5v3MSh7CD3VNyCwAoSha5p",
    "spotify:track:5gOyjqIifZ9NqVcaIIlqv7",
    "spotify:track:3JvrhDOgAt6p7K8mDyZwRd",
    "spotify:track:17phhZDn6oGtzMe56NuWvj",
    "spotify:track:0b6xZk9f96N77BfmYWnQNC",
    "spotify:track:1gk3FhAV07q9Jg77UxnVjX",
    "spotify:track:3FwzAQ2kVYHhaACqh79trJ",
    "spotify:track:6twjuBZfRJIZnoHrghzWLk",
    "spotify:track:1YzIpqwnj5M8qylwn1Tr9Z",
    "spotify:track:0GO8y8jQk1PkHzS31d699N",
    "spotify:track:7fmJGzyvOcbh6UANsH8Cp6",
    "spotify:track:14AyWf6y7KlWWLfAjdKMKI",
    "spotify:track:2QKLrgXNQtK2c8QbLRO3XC",
    "spotify:track:7yNf9YjeO5JXUE3JEBgnYc",
    "spotify:track:0grFc6klR3hxoHLcgCYsF4",
    "spotify:track:4O05ZiEmlfUFPhvafHqcIO",
    "spotify:track:2Dct3GykKZ58hpWRFfe2Qd",
    "spotify:track:5ssnt7GzfLILpZkNQ0oU3U",
    "spotify:track:1o5WgxPWvoVgo20DQItKOE",
    "spotify:track:1eFYbcVZBTKcE0iFIYU5qk"
  ],
  "subgenres": {
    "gothic country": 0.027777777777777776,
    "country": 0.08333333333333333,
    "red dirt": 0.1111111111111111,
    "alt country": 0.027777777777777776,
    "bluegrass": 0.027777777777777776,
    "americana": 0.027777777777777776,
    "hip hop": 0.027777777777777776,
    "west coast hip hop": 0.027777777777777776,
    "indie": 0.08333333333333333,
    "phonk": 0.027777777777777776,
    "dark trap": 0.027777777777777776,
    "memphis rap": 0.027777777777777776,
    "nu metal": 0.027777777777777776,
    "metal": 0.027777777777777776,
    "alternative metal": 0.027777777777777776,
    "rap metal": 0.027777777777777776,
    "heavy metal": 0.027777777777777776,
    "rap": 0.027777777777777776,
    "christian folk": 0.027777777777777776,
    "folk pop": 0.08333333333333333,
    "meme rap": 0.027777777777777776,
    "texas country": 0.027777777777777776,
    "indie folk": 0.027777777777777776,
    "blues rock": 0.027777777777777776,
    "garage rock": 0.027777777777777776,
    "modern blues": 0.027777777777777776,
    "rock": 0.027777777777777776
  },
  "supergenres": {
    "Country": 0.4,
    "Hip Hop": 0.2,
    "Metal": 0.2,
    "Folk/Acoustic": 0.04,
    "Rock": 0.12,
    "Blues": 0.04
  }
}