{
  "user_id": "fizzy_tulip-2wb0rMjJ5hutwTYJI8X4X1-3",
  "top_tracks": [
    "spotify:track:5y8zb3grlQonjdqd27K39T",
    "spotify:track:0YZ3J8xzGwLOg4yEgST1YK",
    "spotify:track:1Nz1PPjU3ONNEgjg8Pkppg",
    "spotify:track:1d6KS9GH06JAd19uiBy9IE",
    "spotify:track:6rovOdp3HgK1DeAMYDzoA7",
    "spotify:track:003vvx7Niy0yvhvHt4a68B",
    "spotify:track:6jGnykaS6TkWp15utXSAeI",
    "spotify:track:0grFc6klR3hxoHLcgCYsF4",
    "spotify:track:3Pzh926pXggbMe2ZpXyMV7",
    "spotify:track:211zXouX3GROvKvaoasR6V",
    "spotify:track:1zNXF2svmdlNxfS5XeNUgr",
    "spotify:track:1szwDbVdIdoQq5mG5GXAmJ",
    "spotify:track:7E2J0A97uGn3LNyCzvSt5M",
    "spotify:track:2DFRFqWNahKtFD112H2iEZ",
    "spotify:track:5G1sTBGbZT5o4PNRc75RKI",
    "spotify:track:2ctvdKmETyOzPb2GiJJT53",
    "spotify:track:5l9c6bJmzvftumhz4TMPgk",
    "spotify:track:4THrHKyBL0yaDDw9yg37Zk",
    "spotify:track:5ZUachQ574VccyTQL2MXRR",
    "spotify:track:3TwtrR1yNLY1PMPsrGQpOp",
    "spotify:track:4GjfVYoUJ0OCmDiL869kUJ",
    "spotify:track:3MqgFVRerrpqWHdRopk247",
    "spotify:track:2YIaZvqivJGIFvyeDR2YUr",
    "spotify:track:2tznHmp70DxMyr2XhWLOW0",
    "spotify:track:6rRIRMEhVclbTleCJQsrPm",
    "spotify:track:3QZ7uX97s82HFYSmQUAN1D",
    "spotify:track:6Ceejf3zBXvAhIY9DbP1Pr",
    "spotify:track:1WN4uNclrDuczTO3bCr8s1",
    "spotify:track:5fdhThPDe6jQQDqCyWrdAn",
    "spotify:track:7HB1REjjalFLSXgXlAAwFs",
    "spotify:track:2TVxnKdb3tqe1nhQWwwZCO",
    "spotify:track:389QX9Q1eUOEZ19vtzzI9O",
    "spotify:track:5kcsc92tGAjS0uvhDY3Mok"
  ],
  "subgenres": {
    "jazz": 0.018518518518518517,
    "swing music": 0.018518518518518517,
    "big band": 0.018518518518518517,
    "vocal jazz": 0.018518518518518517,
    "jazz blues": 0.018518518518518517,
    "soft rock": 0.018518518518518517,
    "alternative rock": 0.05555555555555555,
    "blues rock": 0.037037037037037035,
    "garage rock": 0.037037037037037035,
    "modern blues": 0.037037037037037035,
    "rock": 0.07407407407407407,
    "modern rock": 0.037037037037037035,
    "classical piano": 0.05555555555555555,
    "classical": 0.1111111111111111,
    "chamber music": 0.018518518518518517,
    "orchestra": 0.037037037037037035,
    "psychedelic pop": 0.018518518518518517,
    "progressive rock": 0.037037037037037035,
    "psychedelic rock": 0.037037037037037035,
    "classic rock": 0.09259259259259259,
    "symphonic rock": 0.018518518518518517,
    "art rock": 0.018518518518518517,
    "folk rock": 0.018518518518518517,
    "singer-songwriter": 0.018518518518518517,
    "roots rock": 0.018518518518518517,
    "soft pop": 0.018518518518518517,
    "hard rock": 0.018518518518518517,
    "album rock": 0.018518518518518517,
    "blues": 0.018518518518518517,
    "christmas": 0.018518518518518517,
    "country": 0.018518518518518517
  },
  "supergenres": {
    "Jazz": 0.04,
    "Easy listening": 0.02,
    "Blues": 0.08,
    "Rock": 0.58,
    "Classical": 0.22,
    "Pop": 0.02,
    "Folk/Acoustic": 0.02,
    "Country": 0.02
  }
}