{
  "user_id": "fizzy_ghost-7r5gWYgYVfgiEcAZIIjZNZ-2",
  "top_tracks": [
    "spotify:track:2JuasWPUodaUxf5nwNpciQ",
    "spotify:track:4veeNpXDK1YRHMTJ1Cppsg",
    "spotify:track:1PH2MDbcBAU094DlgTIND1",
    "spotify:track:1gqkRc9WtOpnGIqxf2Hvzr",
    "spotify:track:6tByydPskASjm9jTPkNQq0",
    "spotify:track:78XFPcFYN8YFOHjtVwnPsl",
    "spotify:track:7LSpFCvRZZot2AlmkUzy9k",
    "spotify:track:0xgsyoVvRFSYvV5cdtYhX1",
    "spotify:track:439TlnnznSiBbQbgXiBqAd",
    "spotify:track:4Rs2N7ewIjanXUNYtMKK3j",
    "spotify:track:0hL9gOw6XBWsygEUcVjxEc",
    "spotify:track:5F6rwEF15hN1jnhNk2YQHn",
    "spotify:track:6AI3ezQ4o3HUoP6Dhudph3",
    "spotify:track:53jogSv23P6DFcOHcZrDs9",
    "spotify:track:0NMC6aezcf1GItgscoiQCO",
    "spotify:track:42VsgItocQwOQC3XWZ8JNA",
    "spotify:track:6AioOohg4bQZFA4jIYQQ2r",
    "spotify:track:3DZoL58N1dCaNah9WEvlP0",
    "spotify:track:4Xg8YbCGzuLPOdZ2ILVLmU",
    "spotify:track:4E3XDKil4ElJt6sXuz5cc6",
    "spotify:track:2gbPu2QNqhnnqtfK3yyeZ0",
    "spotify:track:4VymMhILk4DSwghPkLUPVS",
    "spotify:track:1udwFobQ1JoOdWPQrp2b6u",
    "spotify:track:5KUNwkaNf8l5A9sXZhiCgI",
    "spotify:track:6DyywdbmTzlmXBzG9ym7Rt",
    "spotify:track:3PrvYgv97s5U752pIpDMNf",
    "spotify:track:3qwTUI4YJWu9YphzpSmI9g",
    "spotify:track:7Ks4VCY1wFebnOdJrM13t6",
    "spotify:track:6GkAi85HSZGqJwzYC2qXyI",
    "spotify:track:0jqblvsI9LBY4irmLVqqEO",
    "spotify:track:4Uiw0Sl9yskBaC6P4DcdVD",
    "spotify:track:6XyxCBp6x3jvtxXvMN5sAA",
    "spotify:track:3xby7fOyqmeON8jsnom0AT"
  ],
  "subgenres": {
    "grunge": 0.023255813953488372,
    "post-grunge": 0.023255813953488372,
    "metal": 0.1511627906976744,
    "alternative metal": 0.1511627906976744,
    "heavy metal": 0.09302325581395349,
    "rock": 0.11627906976744186,
    "rap": 0.08139534883720931,
    "nu metal": 0.023255813953488372,
    "rap metal": 0.023255813953488372,
    "hip hop": 0.03488372093023256,
    "west coast hip hop": 0.03488372093023256,
    "experimental hip hop": 0.03488372093023256,
    "alternative hip hop": 0.03488372093023256,
    "experimental": 0.023255813953488372,
    "progressive metal": 0.03488372093023256,
    "progressive rock": 0.03488372093023256,
    "hardcore": 0.011627906976744186,
    "deathcore": 0.011627906976744186,
    "metalcore": 0.011627906976744186,
    "east coast hip hop": 0.011627906976744186,
    "jazz rap": 0.011627906976744186,
    "punk rap": 0.011627906976744186,
    "shoegaze": 0.011627906976744186
  },
  "supergenres": {
    "Rock": 0.21951219512195122,
    "Metal": 0.5609756097560976,
    "Hip Hop": 0.21951219512195122
  }
}