{
  "user_id": "foggy_cloud-76kxhBeCZ96VobdTzzdeKn-2",
  "top_tracks": [
    "spotify:track:2teZRYS6ULPgHhAbSQREAd",
    "spotify:track:2lSYQyP8LYXyfSp6S1kJu0",
    "spotify:track:01rbWMfV06IIAKhm05NKPI",
    "spotify:track:4dWltT1kwOojQQyZJMs5tw",
    "spotify:track:0pUVeEgZuNyFzIMKp67RbS",
    "spotify:track:4wTvw1dBiPXNiHTh0zzpcI",
    "spotify:track:2zco38BnUzODIa6duYk8On",
    "spotify:track:2jkZB94i573H134wKmsw2y",
    "spotify:track:1I3XuGIh2qluBSUknDyA62",
    "spotify:track:5c9tBmJKbTdn1vhzXHeAwW",
    "spotify:track:4xdBrk0nFZaP54vvZj0yx7",
    "spotify:track:3ngZf8e29zHlW4gNMQb6IR",
    "spotify:track:4PAR0Zp6Mbu3p6NKYClgBr",
    "spotify:track:5CeL9C3bsoe4yzYS1Qz8cw",
    "spotify:track:1H30SHChNYZzSr7Irl6x2b",
    "spotify:track:6Rz4b1XPWPquE1h2Uup29S",
    "spotify:track:4yaBfHHZbAb2nim1fP7cRV",
    "spotify:track:5Q6Xzp25aXYxNJ4B6vBkcf",
    "spotify:track:2eYLwAcTu83O71LUqvQ1NL",
    "spotify:track:0uLI1jac8ZJSSRG4QJDo3J",
    "spotify:track:3tYxhPqkioZEV5el3DJxLQ",
    "spotify:track:5Ae8NzsNURuUT6iMmmn7TF",
    "spotify:track:3cxZT78mZDyLsLPJKcTu3U",
    "spotify:track:1DXD0wVXXHwUYo9AXbcMMI",
    "spotify:track:3Fwe3XoPOiyWUPYdBKMTqV",
    "spotify:track:5xA5MggKc3aQxuOzNzPUWB",
    "spotify:track:7dBt70xgF0BawJvmtgKn8f",
    "spotify:track:31aXehbZI8PfLpWuqhuR2G",
    "spotify:track:6LgJvl0Xdtc73RJ1mmpotq",
    "spotify:track:33qrQEXQJg4uk6k8fZgoOa",
    "spotify:track:5hUCTgttGB1eS4GJdPEQEM",
    "spotify:track:5QYUNHT2dQwoNHorXznygN",
    "spotify:track:0CNzMsJ8xfotsr8E60OvXz"
  ],
  "subgenres": {
    "space rock": 0.014285714285714285,
    "grunge": 0.014285714285714285,
    "post-grunge": 0.04285714285714286,
    "shoegaze": 0.14285714285714285,
    "midwest emo": 0.04285714285714286,
    "indie rock": 0.05714285714285714,
    "hyperpop": 0.02857142857142857,
    "art pop": 0.04285714285714286,
    "art rock": 0.04285714285714286,
    "alternative rock": 0.05714285714285714,
    "nu metal": 0.04285714285714286,
    "alternative metal": 0.04285714285714286,
    "rap metal": 0.04285714285714286,
    "rock": 0.05714285714285714,
    "post-punk": 0.04285714285714286,
    "modern rock": 0.02857142857142857,
    "britpop": 0.014285714285714285,
    "madchester": 0.02857142857142857,
    "dream pop": 0.04285714285714286,
    "slowcore": 0.02857142857142857,
    "new wave": 0.014285714285714285,
    "jangle pop": 0.014285714285714285,
    "shibuya-kei": 0.014285714285714285,
    "japanese indie": 0.014285714285714285,
    "bedroom pop": 0.014285714285714285,
    "emo": 0.014285714285714285,
    "pop punk": 0.014285714285714285,
    "folk punk": 0.014285714285714285,
    "math rock": 0.014285714285714285,
    "baroque pop": 0.014285714285714285
  },
  "supergenres": {
    "Rock": 0.5942028985507246,
    "Metal": 0.17391304347826086,
    "Pop": 0.18840579710144928,
    "Folk/Acoustic": 0.043478260869565216
  }
}