{
  "user_id": "foggy_koala-2O0aXCqEqfr68dLXScLRbz-3",
  "top_tracks": [
    "spotify:track:6nVT7yKO7jV4Qw6PZ9B0PK",
    "spotify:track:27NXBLDyTBkOXNpy1kpLKi",
    "spotify:track:1Pfc1Qpj0s9vQumI0JvpBp",
    "spotify:track:3B4q6KbHbGV51HO3GznBFF",
    "spotify:track:7wdzLe2Gsx1RGqbvYZHASz",
    "spotify:track:6wxGZ8D8lAuJpocaTAVVyL",
    "spotify:track:1gPeJMO7Az6ZtzHiaKUTWb",
    "spotify:track:0fCwTrRNfoNk962ati8n2K",
    "spotify:track:1qzOaUlljUwB73NHNcFbkG",
    "spotify:track:6fhgO6p9DsTyHqPctyzDkV",
    "spotify:track:4x1dWc1GgAfC04GcTlllax",
    "spotify:track:52y4KhkcAbYcogFg2u7UVP",
    "spotify:track:726y8lv1LYJ2WvdMMbzk8l",
    "spotify:track:1Xzr6UzZzm2ksXBafZzowm",
    "spotify:track:3tlvMnw2YNRGcPsq9MJC93",
    "spotify:track:7f1HoWerlIfVpwgsOu0Mib",
    "spotify:track:7j6dMazc8Rw5WZAKcWfABz",
    "spotify:track:3s5ogvexUgA6XjNj37zpnP",
    "spotify:track:3GXSywNvYLAVUCtjMHkKDh",
    "spotify:track:15VRO9CQwMpbqUYA7e6Hwg",
    "spotify:track:5lZX0cZpdT3Y10uJ3oR17s",
    "spotify:track:2k5SEAK05D29ZkqbnFgIVL",
    "spotify:track:3V0nnQhqvbE3JmiDdnzQFQ",
    "spotify:track:11DjZQEZ69EXLo77HVj6yW",
    "spotify:track:7M7AwtGvWdMYudqx5Iuh1m",
    "spotify:track:1XrSjpNe49IiygZfzb74pk",
    "spotify:track:7xM33k6Z3ADF8pEmIClcnz",
    "spotify:track:4HpFU6eMThgW6Cael5AwYy",
    "spotify:track:7gtrXOGETM9OkerNjNXeie",
    "spotify:track:7vlgDSqfuUlLGvH0r09qr1",
    "spotify:track:4ZJ4vzLQekI0WntDbanNC7",
    "spotify:track:3OGCNLxpBmTYRxPZg2yDE5",
    "spotify:track:59QJsTw38Jj13WnR1qz1MC"
  ],
  "subgenres": {
    "trip hop": 0.017857142857142856,
    "downtempo": 0.03571428571428571,
    "acid jazz": 0.017857142857142856,
    "lounge": 0.017857142857142856,
    "indie folk": 0.017857142857142856,
    "reggae rock": 0.03571428571428571,
    "ska punk": 0.017857142857142856,
    "ska": 0.017857142857142856,
    "hip hop": 0.017857142857142856,
    "west coast hip hop": 0.017857142857142856,
    "reggae": 0.05357142857142857,
    "jazz house": 0.017857142857142856,
    "lo-fi house": 0.017857142857142856,
    "indie jazz": 0.017857142857142856,
    "country": 0.05357142857142857,
    "red dirt": 0.05357142857142857,
    "alt country": 0.05357142857142857,
    "texas country": 0.017857142857142856,
    "bluegrass": 0.03571428571428571,
    "gothic country": 0.017857142857142856,
    "americana": 0.03571428571428571,
    "roots reggae": 0.03571428571428571,
    "dub": 0.03571428571428571,
    "ragga": 0.03571428571428571,
    "classic rock": 0.03571428571428571,
    "rock": 0.03571428571428571,
    "alternative hip hop": 0.017857142857142856,
    "jazz rap": 0.017857142857142856,
    "experimental hip hop": 0.017857142857142856,
    "boom bap": 0.017857142857142856,
    "grunge": 0.017857142857142856,
    "southern rock": 0.017857142857142856,
    "country rock": 0.017857142857142856,
    "psychedelic rock": 0.017857142857142856,
    "acid rock": 0.017857142857142856,
    "indie": 0.017857142857142856,
    "folk": 0.017857142857142856,
    "singer-songwriter": 0.017857142857142856,
    "melodic rap": 0.017857142857142856
  },
  "supergenres": {
    "Pop": 0.020833333333333332,
    "Electronic": 0.08333333333333333,
    "Jazz": 0.041666666666666664,
    "Easy listening": 0.020833333333333332,
    "Folk/Acoustic": 0.08333333333333333,
    "Rock": 0.25,
    "Hip Hop": 0.125,
    "R&B": 0.14583333333333334,
    "Country": 0.22916666666666666
  }
}