{
  "user_id": "fuzzy_ghost-6MlTnYPKMoflonRjw31UW1-2",
  "top_tracks": [
    "spotify:track:6aZDFmYJNyKZWrC758IsM5",
    "spotify:track:5P1neQtZt1ncaREEXcCdBD",
    "spotify:track:3CbGA59vzNqlJxdfK7iRuS",
    "spotify:track:0s4t2lkjP4hpzG3IncoiDW",
    "spotify:track:4hwU7SlJ31oD8BmFrflqxW",
    "spotify:track:6B7Dwtj1Qo0ETD8O2jYesc",
    "spotify:track:60B1Mzy3yNsbJSOHfp8H2U",
    "spotify:track:0ZwS03v4euiMztP9xDLgoO",
    "spotify:track:3rrv1sQftMszpL7vxLSvX2",
    "spotify:track:6JqHjc7ibtWCkko3Sfcyxy",
    "spotify:track:5naar7XewEOAjOywIp6Jjq",
    "spotify:track:1MQTmpYOZ6fcMQc56Hdo7T",
    "spotify:track:2BY7ALEWdloFHgQZG6VMLA",
    "spotify:track:0qRR9d89hIS0MHRkQ0ejxX",
    "spotify:track:46s31ZgMsbN1FtTjPzwUn2",
    "spotify:track:5LlsD7LdSMkGV4Iu0a2Zq0",
    "spotify:track:67YPjbcxUypwNOwYBZquq1",
    "spotify:track:5cnnRpdvxGPLC3A6PNxHQu",
    "spotify:track:0q21FNwES2bbtcduB6kjEU",
    "spotify:track:4A48ckONJNoXU5smWT9CeG",
    "spotify:track:3IXBvJvpUHNwwqnjzNg7Ih",
    "spotify:track:6S6B1OetKOlJJjFCjjZHi2",
    "spotify:track:6ntzEcmJIaguJDGkEZczN3",
    "spotify:track:6BzSWeDsh6egbOs57UfrXY",
    "spotify:track:4MXE6VCvTsQitHWrAxj7Kg",
    "spotify:track:3q6iPQ339EnP4YAU4rDAnS",
    "spotify:track:7w7xPbKSuHfya3ufPeCS4e",
    "spotify:track:51GW4vZsaIYebUWTRpGskz",
    "spotify:track:3AydAydLzyyZutA0375XIz",
    "spotify:track:597i9UhHbW8hHgBUp8Tm54",
    "spotify:track:7uy7ZDVB2E66cXEQJsC6Bz",
    "spotify:track:0UkVtmw0ZzEd9vzAa7Ocnu",
    "spotify:track:0Jgbauc8Nv2OOjR5ERW28B"
  ],
  "subgenres": {
    "indie": 0.2608695652173913,
    "psychedelic pop": 0.043478260869565216,
    "midwest emo": 0.08695652173913043,
    "math rock": 0.08695652173913043,
    "indie punk": 0.043478260869565216,
    "emo pop": 0.043478260869565216,
    "emo": 0.043478260869565216,
    "rap metal": 0.043478260869565216,
    "rap rock": 0.043478260869565216,
    "alternative metal": 0.043478260869565216,
    "nu metal": 0.043478260869565216,
    "soft rock": 0.043478260869565216,
    "modern rock": 0.043478260869565216,
    "retro soul": 0.043478260869565216,
    "baroque pop": 0.043478260869565216,
    "christmas": 0.043478260869565216
  },
  "supergenres": {
    "Pop": 0.13333333333333333,
    "Rock": 0.6,
    "Metal": 0.2,
    "R&B": 0.06666666666666667
  }
}