{
  "user_id": "grimy_candy-2PWNHoPdjeUeZgCQTqy3nB-3",
  "top_tracks": [
    "spotify:track:4w5m4X0OZ2IslxNOgtntTN",
    "spotify:track:4gAtj23mqTx5pjfkzVaXhh",
    "spotify:track:1jMj8dmlB0EAvNhRee2n3P",
    "spotify:track:6HZILIRieu8S0iqY8kIKhj",
    "spotify:track:3cJhvKu04O5akhOHpZmMvP",
    "spotify:track:5PPwyMqz0vexoXcLijbERR",
    "spotify:track:5XrFMPAXaxXewtKnGcTBaJ",
    "spotify:track:2jd0mRbnEOwzLJek2Cnoif",
    "spotify:track:62fqMvguJbsSs9HKhhRfuS",
    "spotify:track:4AFsRbaLKRWo3dDtjDFA2V",
    "spotify:track:1UsQe17Ef7tV1ahFqHEFR3",
    "spotify:track:7s8qEKaXNn8OGhDNNgimfy",
    "spotify:track:3Y1EvIgEVw51XtgNEgpz5c",
    "spotify:track:2uB9gUU1HLnHckvK2tylJM",
    "spotify:track:7oYvZtOelvW0mDrcUZ3m67",
    "spotify:track:1VNZWu2xi8RprnAuj8cEMv",
    "spotify:track:737gwrDNwTCAwAjy02FSMO",
    "spotify:track:2bSF5Qs8IQE9RRaZIef7mO",
    "spotify:track:4ok9IBfjHIzU7TaLBP3xF6",
    "spotify:track:16ZVWcMCtb2PDV51Y4tQ3l",
    "spotify:track:2HWFwY4LiEqHrZ4lYdyAHG",
    "spotify:track:1GAyiJ6lME4pFquf8NuY8k",
    "spotify:track:2WVsyRWVM6xyKkZadKu32E",
    "spotify:track:2Hh3ETdQKrmSI3QS0hme7g",
    "spotify:track:0fC23QgwF2sIM7hRTJhfov",
    "spotify:track:6iz5TBabgrV7ELJJDxKnmG",
    "spotify:track:3sAYxq1986j3ydqLv6jwUJ",
    "spotify:track:1o0kWPueYo94LIjPYOE5Nf",
    "spotify:track:3sQDstyMhCcDJ3mY6onZez",
    "spotify:track:56IGGA6VwAbIni6KoN7VC5",
    "spotify:track:4aguR8nLIlmF6WCOlCArhT",
    "spotify:track:3vEmpJQC2p8h0U3OiBufQm",
    "spotify:track:5cN4KyXGUdNOve1TEPWmhL"
  ],
  "subgenres": {
    "alternative hip hop": 0.09259259259259259,
    "dark trap": 0.037037037037037035,
    "emo rap": 0.037037037037037035,
    "horrorcore": 0.037037037037037035,
    "punk rap": 0.05555555555555555,
    "cloud rap": 0.05555555555555555,
    "underground hip hop": 0.037037037037037035,
    "experimental hip hop": 0.018518518518518517,
    "experimental": 0.018518518518518517,
    "hip hop": 0.05555555555555555,
    "west coast hip hop": 0.018518518518518517,
    "psychedelic pop": 0.018518518518518517,
    "hyperpop": 0.09259259259259259,
    "art pop": 0.07407407407407407,
    "jazz fusion": 0.018518518518518517,
    "city pop": 0.037037037037037035,
    "jazz funk": 0.018518518518518517,
    "chillwave": 0.018518518518518517,
    "dream pop": 0.018518518518518517,
    "vaporwave": 0.018518518518518517,
    "j-dance": 0.018518518518518517,
    "breakcore": 0.018518518518518517,
    "speedcore": 0.018518518518518517,
    "jungle": 0.018518518518518517,
    "meme rap": 0.018518518518518517,
    "classical": 0.018518518518518517,
    "chamber music": 0.018518518518518517,
    "orchestra": 0.018518518518518517,
    "rap": 0.018518518518518517,
    "southern hip hop": 0.037037037037037035,
    "trip hop": 0.018518518518518517
  },
  "supergenres": {
    "Hip Hop": 0.5208333333333334,
    "Rock": 0.041666666666666664,
    "Pop": 0.3125,
    "Jazz": 0.041666666666666664,
    "Electronic": 0.041666666666666664,
    "Classical": 0.041666666666666664
  }
}