{
  "user_id": "grimy_raven-6mpSYC44fBLJKtSKF4Cw9D-2",
  "top_tracks": [
    "spotify:track:1ZBqJilDGBVYktvlCEo9jC",
    "spotify:track:6bhDbWpmFKVE1T8I29eJKs",
    "spotify:track:7K3mac0IqCjLGmbZ47jOf9",
    "spotify:track:23GhH0GUzYH7YpkTYUYkO4",
    "spotify:track:4igzUPURXsUtCAuNEuRd80",
    "spotify:track:18EkFrYFOGyFK52iiWY8No",
    "spotify:track:2UWdUez9MB9yzL7Y81Mcip",
    "spotify:track:2jahbbMfa8GsYFhwBOBYMC",
    "spotify:track:46dGFTD918NMz1IP1rPJXO",
    "spotify:track:53eJFr4Mfbw5PXJ01K6cFw",
    "spotify:track:5W6y7vsA0KLrHrzhdurUXE",
    "spotify:track:5yprGKAwV1GSJSiATa50Ni",
    "spotify:track:6N7JMoaUYgo4pwPgsnSobr",
    "spotify:track:3suf1WpGLuPpq2DXkkmyK5",
    "spotify:track:6d8AnIyJ3c7vjSMFJai6vc",
    "spotify:track:4KGdFDc2InqRHYCZt4svYc",
    "spotify:track:0qnXF61Hv7C7gdjYiKHzOq",
    "spotify:track:7c1Dar0pIAW7w5TzaGjt9t",
    "spotify:track:6qLEOZvf5gI7kWE63JE7p3",
    "spotify:track:5HjEC3NlSzKsVKmqnhXrum",
    "spotify:track:7i8XQTUczz7xyFdkSAdEg9",
    "spotify:track:05lmqBrKGLHAmqsADEuU9a",
    "spotify:track:7aIoi1zi7rtvwqBPCQSqmF",
    "spotify:track:7lj6UtoorYeYsfMO6XbCrf",
    "spotify:track:0bPiyfCmBIWqDDQZ6KqFXu",
    "spotify:track:286mFeYjBJ9fkioaIzaxoN",
    "spotify:track:2EoOZnxNgtmZaD8uUmz2nD",
    "spotify:track:3hoUASQwAAUwpQGXH8VioM",
    "spotify:track:4yScRxolqurMrlENa2Q0XN",
    "spotify:track:6ctbCIikHbC6tSOL1rewQX",
    "spotify:track:2HueGawQdjgiKeSS8UOi7c",
    "spotify:track:2Nt0KxMdXtpwUiiiIFp2Cq",
    "spotify:track:6KtLECDztnah63TNmV4Plw"
  ],
  "subgenres": {
    "indie rock": 0.04477611940298507,
    "post-punk": 0.029850746268656716,
    "modern rock": 0.029850746268656716,
    "stoner rock": 0.19402985074626866,
    "garage rock": 0.014925373134328358,
    "slowcore": 0.014925373134328358,
    "shoegaze": 0.014925373134328358,
    "alternative rock": 0.1791044776119403,
    "sludge metal": 0.05970149253731343,
    "doom metal": 0.029850746268656716,
    "space rock": 0.029850746268656716,
    "baroque pop": 0.014925373134328358,
    "jangle pop": 0.014925373134328358,
    "rock": 0.07462686567164178,
    "grunge": 0.08955223880597014,
    "post-grunge": 0.04477611940298507,
    "noise rock": 0.014925373134328358,
    "industrial rock": 0.014925373134328358,
    "funk rock": 0.029850746268656716,
    "singer-songwriter": 0.014925373134328358,
    "hard rock": 0.014925373134328358,
    "nu metal": 0.014925373134328358,
    "alternative metal": 0.014925373134328358
  },
  "supergenres": {
    "Rock": 0.7761194029850746,
    "Folk/Acoustic": 0.029850746268656716,
    "Metal": 0.16417910447761194,
    "Pop": 0.029850746268656716
  }
}