{
  "user_id": "grimy_cloud-42xUPn8mIXpLFnGfyFrrqt-2",
  "top_tracks": [
    "spotify:track:16Of7eeW44kt0a1M0nitHM",
    "spotify:track:6HZ9VeI5IRFCNQLXhpF4bq",
    "spotify:track:5W4kiM2cUYBJXKRudNyxjW",
    "spotify:track:2aPTvyE09vUCRwVvj0I8WK",
    "spotify:track:62bOmKYxYg7dhrC6gH9vFn",
    "spotify:track:5uHYcK0nbEYgRaFTY5BqnP",
    "spotify:track:07nH4ifBxUB4lZcsf44Brn",
    "spotify:track:7JxexWxny7yJ3slTLmWz2U",
    "spotify:track:3Qu3Zh4WTKhP9GEXo0aDnb",
    "spotify:track:2iGvsJuc2mC4mDVOVMNAP6",
    "spotify:track:1vBpwxsLVwaR4evBIaFmqD",
    "spotify:track:07oO1U722crtVcavi6frX6",
    "spotify:track:7qTaDOcld0VmBWXnkbUj45",
    "spotify:track:1auxYwYrFRqZP7t3s7w4um",
    "spotify:track:1mMLMZYXkMueg65jRRWG1l",
    "spotify:track:0PHrcmOtDE89ew4vVEaD7S",
    "spotify:track:1rXq0uoV4KTgRN64jXzIxo",
    "spotify:track:3tt9i3Hhzq84dPS8H7iSiJ",
    "spotify:track:7grWGhX8SHNmyGOkMNVMCt",
    "spotify:track:5ItzU5pBrFmRUudfr5RkJP",
    "spotify:track:1yj1ZztSGITJ5Nf4mfH92c",
    "spotify:track:5qdQPrWmZv8xYhMJCDrdHF",
    "spotify:track:3UGIZ8qcrMTwzLbx6Kttqt",
    "spotify:track:59NraMJsLaMCVtwXTSia8i",
    "spotify:track:5tEaVciE2GnR28aN6W9cLS",
    "spotify:track:226le7T3p82reYWzsi9Hsz",
    "spotify:track:66ZcOcouenzZEnzTJvoFmH",
    "spotify:track:6g6A7qNhTfUgOSH7ROOxTD",
    "spotify:track:6bAkr9wkQyPM4IDrP4tuwR",
    "spotify:track:4ZPdLEztrlZqbJkgHNw54L",
    "spotify:track:0U4iRayct65wsaBMQGiLbg",
    "spotify:track:00KyYtT6NaXwbPecina5Pj",
    "spotify:track:1vQWFjEC34DHNXrRTFjDxe"
  ],
  "subgenres": {
    "country": 0.39285714285714285,
    "rap": 0.10714285714285714,
    "edm": 0.03571428571428571,
    "hyperpop": 0.03571428571428571,
    "art pop": 0.03571428571428571,
    "honky tonk": 0.03571428571428571,
    "drill": 0.03571428571428571,
    "hip hop": 0.03571428571428571,
    "east coast hip hop": 0.03571428571428571,
    "reggaeton": 0.03571428571428571,
    "latin": 0.03571428571428571,
    "colombian pop": 0.03571428571428571,
    "acoustic country": 0.07142857142857142,
    "hypertechno": 0.03571428571428571,
    "pop": 0.03571428571428571
  },
  "supergenres": {
    "Country": 0.4230769230769231,
    "Hip Hop": 0.23076923076923078,
    "Electronic": 0.07692307692307693,
    "Pop": 0.15384615384615385,
    "Rock": 0.038461538461538464,
    "Latin": 0.07692307692307693
  }
}