{
  "user_id": "hasty_bloom-2O0aXCqEqfr68dLXScLRbz-2",
  "top_tracks": [
    "spotify:track:05oETzWbd4SI33qK2gbJfR",
    "spotify:track:4AcIVgQDyBdLtfJyho29Mj",
    "spotify:track:2mFnxVS2wZpqntPzZB17O1",
    "spotify:track:5nR6MBAFCdusf8C3BZGtop",
    "spotify:track:414J8tKHbtF16XOiHGBEso",
    "spotify:track:2dono2Koz7DEvGwxUsmMLq",
    "spotify:track:7jnaAu7P745QnBBHm3RtSU",
    "spotify:track:5BkNCuxzzid0gz9sx3NNbX",
    "spotify:track:7nNUSD1jkWC71zIOUWY03E",
    "spotify:track:3fIwQMc3TgWgIFjIMZAXb8",
    "spotify:track:3nPifd7hjanGVp02REhtlH",
    "spotify:track:3XcvrvOCfSvK0mm6nOTw6d",
    "spotify:track:7Duz1lXRfECWROhjHQ5dWk",
    "spotify:track:75nZ4W6quZhI55LKiqCXWh",
    "spotify:track:281ioxkZbJ3p9hCvjD2bon",
    "spotify:track:30U7MwsSebniOJyZ8y1hcE",
    "spotify:track:2mZipsgSp4vAc0sGNhiyLN",
    "spotify:track:3YPDKKytc1zpUcHaRPyYen",
    "spotify:track:6gwMhuVPNWwFTTKHKRtJun",
    "spotify:track:5e9TFTbltYBg2xThimr0rU",
    "spotify:track:1U3BASc885MPCYOzYwOIpO",
    "spotify:track:1v6jHij1OfpLui0YSmNTks",
    "spotify:track:6me7F0aaZjwDo6RJ5MrfBD",
    "spotify:track:3L8sfv4Fb8pONhiMA4nAKJ",
    "spotify:track:5hM5arv9KDbCHS0k9uqwjr",
    "spotify:track:3tEL74JlN4OT9YPoNx5eRI",
    "spotify:track:0VpSpAYEc2DlNSmnxGyg6F",
    "spotify:track:4HfLQJtVT1KiX1eVedDyTm",
    "spotify:track:7LpApBtRMSNREMhddGSAXo",
    "spotify:track:2mLgOcRkEgq89j8WstUpui",
    "spotify:track:71lyUtIPCMAYjTwwwxy2jW",
    "spotify:track:254bXAqt3zP6P50BdQvEsq",
    "spotify:track:5JQeFVoT7dpl6NmVObf3LG"
  ],
  "subgenres": {
    "classic rock": 0.08333333333333333,
    "soft rock": 0.08333333333333333,
    "country": 0.027777777777777776,
    "red dirt": 0.027777777777777776,
    "blues rock": 0.027777777777777776,
    "garage rock": 0.027777777777777776,
    "modern blues": 0.027777777777777776,
    "rock": 0.027777777777777776,
    "ethiopian jazz": 0.027777777777777776,
    "indie": 0.05555555555555555,
    "alternative r&b": 0.05555555555555555,
    "indie folk": 0.1111111111111111,
    "folk": 0.1111111111111111,
    "trip hop": 0.027777777777777776,
    "downtempo": 0.027777777777777776,
    "acid jazz": 0.027777777777777776,
    "lounge": 0.027777777777777776,
    "slowcore": 0.027777777777777776,
    "retro soul": 0.027777777777777776,
    "soul blues": 0.027777777777777776,
    "modern rock": 0.027777777777777776,
    "psychedelic pop": 0.027777777777777776,
    "gothic country": 0.027777777777777776,
    "bedroom pop": 0.027777777777777776
  },
  "supergenres": {
    "Rock": 0.3125,
    "Country": 0.0625,
    "Blues": 0.0625,
    "R&B": 0.09375,
    "Folk/Acoustic": 0.28125,
    "Pop": 0.09375,
    "Electronic": 0.03125,
    "Jazz": 0.03125,
    "Easy listening": 0.03125
  }
}