{
  "user_id": "hasty_mossy-1BuwhD1RkZlQ93pntxudIQ-3",
  "top_tracks": [
    "spotify:track:0bCi4ZzIbVJsHxD9CSzIzB",
    "spotify:track:2LKOHdMsL0K9KwcPRlJK2v",
    "spotify:track:4FMsnzJirE6Y8SMscJjsX0",
    "spotify:track:6RmWk7p9QY8VMGHdgq4Ulh",
    "spotify:track:39Pudjd7JS8NosYN24m7Hc",
    "spotify:track:1xzsEmaU4IXjvxxwQlA8Lz",
    "spotify:track:4006IB6j2jPw2BqmFOtZzI",
    "spotify:track:3vT58d8HuLwBWKldRwK9bl",
    "spotify:track:4HOg84QsolNLzNp08qZ3sX",
    "spotify:track:7lmmtMx2dEnF7WW4EAJomw",
    "spotify:track:7795WJLVKJoAyVoOtCWqXN",
    "spotify:track:0YZEYxd1oiqZRFhnnmTKKi",
    "spotify:track:7aQjPecQdIuNd1sz3KCDhD",
    "spotify:track:5CalS8Gn69OOrR9aiw0ZO9",
    "spotify:track:2tgQaL85WoRfgEa4hFQgrE",
    "spotify:track:0qMZXgcLfkl5RI3q50KHMH",
    "spotify:track:4L9Ds4mpD3SuYoWwFUlv16",
    "spotify:track:2IRZnDFmlqMuOrYOLnZZyc",
    "spotify:track:3HlK8txWAdtKMrbsqX40pl",
    "spotify:track:4fn4imVYZcfM5s4cSCDRTm",
    "spotify:track:3o0PAtzc7XusfH8qbbnX0p",
    "spotify:track:0t2QiRkpag0fAgs9zuCPlH",
    "spotify:track:5ep1aGnQEL42H6O9yhMhqh",
    "spotify:track:5fpq1wF8xa5tSSlcKHdmGQ",
    "spotify:track:4UyAtnwhaKv7EG1BdkBYRI",
    "spotify:track:06DnAibXMeqPO1ueOQ8EQS",
    "spotify:track:1nikHfOwdPSb9IFPgEMvPk",
    "spotify:track:773YNtbrxwrlIQ3gcDFkN4",
    "spotify:track:4IA6pgGRmqfxWGAfyZ8cgR",
    "spotify:track:0LVdV9NG0y0ROxbYLpjbKc",
    "spotify:track:7CUkeiG7QtB7tPU9f8SANS",
    "spotify:track:0zDK7gAioDcF4g4eEpWYka",
    "spotify:track:5JLFFb79qY2xjSHeM5SFkA"
  ],
  "subgenres": {
    "emo": 0.043478260869565216,
    "metalcore": 0.06521739130434782,
    "post-hardcore": 0.043478260869565216,
    "witch house": 0.043478260869565216,
    "darkwave": 0.021739130434782608,
    "bedroom pop": 0.021739130434782608,
    "hyperpop": 0.06521739130434782,
    "glitch": 0.06521739130434782,
    "electroclash": 0.021739130434782608,
    "new rave": 0.021739130434782608,
    "alternative dance": 0.021739130434782608,
    "soft pop": 0.021739130434782608,
    "metal": 0.043478260869565216,
    "screamo": 0.043478260869565216,
    "indie folk": 0.021739130434782608,
    "folk pop": 0.021739130434782608,
    "folk": 0.021739130434782608,
    "country": 0.043478260869565216,
    "red dirt": 0.021739130434782608,
    "alt country": 0.021739130434782608,
    "texas country": 0.021739130434782608,
    "bluegrass": 0.021739130434782608,
    "pop country": 0.021739130434782608,
    "acoustic country": 0.021739130434782608,
    "rap": 0.021739130434782608,
    "indie": 0.021739130434782608,
    "proto-punk": 0.021739130434782608,
    "baroque pop": 0.021739130434782608,
    "rock": 0.021739130434782608,
    "modern rock": 0.021739130434782608,
    "emo rap": 0.021739130434782608,
    "lo-fi beats": 0.021739130434782608,
    "jazz beats": 0.021739130434782608,
    "lo-fi": 0.021739130434782608
  },
  "supergenres": {
    "Rock": 0.2702702702702703,
    "Metal": 0.1891891891891892,
    "Electronic": 0.08108108108108109,
    "Pop": 0.13513513513513514,
    "New age": 0.08108108108108109,
    "Folk/Acoustic": 0.05405405405405406,
    "Country": 0.13513513513513514,
    "Hip Hop": 0.05405405405405406
  }
}