{
  "user_id": "hasty_bloom-3V1acvna6D1D6QpOQYLI2n-3",
  "top_tracks": [
    "spotify:track:7DHlJLCXFlny3WhjnEL9qY",
    "spotify:track:17cia5k4BpGVlyEfqrFH50",
    "spotify:track:6tQvjqDIK9GXWIC6mejms8",
    "spotify:track:6vwa7btzNYPTpfJ3FbKjiy",
    "spotify:track:20R4HfKloPKgXDqU7UKk3x",
    "spotify:track:6SC9DUmZnaNyrmARkM0wu5",
    "spotify:track:64bKVrkaXQAKx04dLHqCNz",
    "spotify:track:5hS8s1Vf4CeSRBT1bTWa39",
    "spotify:track:20dkebBtPR4AJ8vVos41Gw",
    "spotify:track:1lJLPcXO6ARYzx7c6khKQI",
    "spotify:track:6fhgO6p9DsTyHqPctyzDkV",
    "spotify:track:1HbzxLqpNVPdiBXvpC7Ovb",
    "spotify:track:0Uybrtb766jul6WpkjqbID",
    "spotify:track:6KufYdEosLjK6bEKPyz4oA",
    "spotify:track:3KiexfmhxHvG5IgAElmTkd",
    "spotify:track:40dfo65kBJa1UgzkD652Gl",
    "spotify:track:1Uscs72LRkbpf1HyRdwiWC",
    "spotify:track:26YxqhG0XM48N7NgWFieHy",
    "spotify:track:0psXs0SxH2hGnJoj8C2fFf",
    "spotify:track:7ci0HKEojdqFGff57644nJ",
    "spotify:track:7hm4HTk9encxT0LYC0J6oI",
    "spotify:track:0qksx8mV28lztYIZ1om8ml",
    "spotify:track:0voUr8lubIafUVJlauJxYF",
    "spotify:track:2R3I5DiDf8bLz2QjrPmUpk",
    "spotify:track:3DQVgcqaP3iSMbaKsd57l5",
    "spotify:track:4hf0hL4kWyjWztZzVsM39V",
    "spotify:track:0fo7PKUGND9z5Evl6JqLQo",
    "spotify:track:2c78oUybrylUrT96i65PuH",
    "spotify:track:4dyx5SzxPPaD8xQIid5Wjj",
    "spotify:track:1afbEzAV4W4RI4pvV3zHGl",
    "spotify:track:1H7gMYGykdtwZOV6s1N0by",
    "spotify:track:58XuhoLGFJCqpD5EOPif3f",
    "spotify:track:1AIt0r0YN6pdW9QHmECLvr"
  ],
  "subgenres": {
    "blues rock": 0.05,
    "garage rock": 0.06666666666666667,
    "modern blues": 0.03333333333333333,
    "rock": 0.03333333333333333,
    "classic rock": 0.1,
    "psychedelic rock": 0.08333333333333333,
    "folk rock": 0.016666666666666666,
    "psychedelic pop": 0.016666666666666666,
    "country": 0.1,
    "red dirt": 0.06666666666666667,
    "alt country": 0.05,
    "texas country": 0.05,
    "bluegrass": 0.05,
    "gothic country": 0.016666666666666666,
    "americana": 0.016666666666666666,
    "neo soul": 0.016666666666666666,
    "smooth r&b": 0.016666666666666666,
    "r&b": 0.016666666666666666,
    "reggae rock": 0.016666666666666666,
    "reggae": 0.016666666666666666,
    "blues": 0.016666666666666666,
    "indie rock": 0.016666666666666666,
    "alternative rock": 0.016666666666666666,
    "indie folk": 0.03333333333333333,
    "folk": 0.03333333333333333,
    "indie": 0.03333333333333333,
    "folk pop": 0.016666666666666666
  },
  "supergenres": {
    "Rock": 0.46153846153846156,
    "Blues": 0.057692307692307696,
    "Pop": 0.019230769230769232,
    "Country": 0.3269230769230769,
    "R&B": 0.057692307692307696,
    "Folk/Acoustic": 0.07692307692307693
  }
}