{
  "user_id": "hasty_squid-6YlQzadiLbJGadpoU5RLK3-1",
  "top_tracks": [
    "spotify:track:3KsatAMRt1a7iryhWt5I8U",
    "spotify:track:4zx4H3Q0ASymmPgbfUmeRo",
    "spotify:track:1ZozJfi8u9cO2Ob8KwiwNT",
    "spotify:track:18BajNiyvH6GpYshB0unrm",
    "spotify:track:4LGKzrdEeBwR9UHCGlDT0W",
    "spotify:track:5ByJlcDmUzK69tpub789AB",
    "spotify:track:2j3PFZXmenUxgjjBUIod7F",
    "spotify:track:7Cwhlma0JgRVhDHR5CftD5",
    "spotify:track:2kN05N1AQQplsgFweFAqYb",
    "spotify:track:6NvRxjfYkkT2SpirAlmsjH",
    "spotify:track:5ghIJDpPoe3CfHMGu71E6T",
    "spotify:track:0x2wtJbtJrox3SDmnMj97x",
    "spotify:track:6HeFCUg1F1v0bnE3JFTlxz",
    "spotify:track:5IU7VALvsWfzC8W5rjLNT0",
    "spotify:track:7JmkaCBAvDrXlcjOSScThs",
    "spotify:track:7lSDCrF11sdTVfjbAQVZE8",
    "spotify:track:5ZBeML7Lf3FMEVviTyvi8l",
    "spotify:track:45DElIx0dXqUH4A88yQFdE",
    "spotify:track:7EZC6E7UjZe63f1jRmkWxt",
    "spotify:track:76Je5Wklky23mVoxiRszcN",
    "spotify:track:7hObovvcbBpXgZHQ9if4WU",
    "spotify:track:3uz0O62HqYoyRiWZjS61KK",
    "spotify:track:0BqQWfhMrkpRAUCbdfdHUC",
    "spotify:track:67vYdAAM3oGsEImCRfbtsF",
    "spotify:track:77oU2rjC5XbjQfNe3bD6so",
    "spotify:track:305WCRhhS10XUcH6AEwZk6",
    "spotify:track:3RQlPnPdfHkVLHOx6C4ijN",
    "spotify:track:1Q0KFOFDJLAhtlzWWXtC44",
    "spotify:track:2nuA1esWzYEgnfQ4DpsSsm",
    "spotify:track:1kdiiFGX1Htx0aVZYaDwEJ",
    "spotify:track:1sxUaLi0G2vB7dl4ogtCxH",
    "spotify:track:0zwLRWbPxPHt0WLvYpV1Xc",
    "spotify:track:2rBHnIxbhkMGLpqmsNX91M"
  ],
  "subgenres": {
    "rock": 0.16666666666666666,
    "post-grunge": 0.11904761904761904,
    "alternative rock": 0.13095238095238096,
    "grunge": 0.11904761904761904,
    "modern rock": 0.08333333333333333,
    "stoner rock": 0.05952380952380952,
    "country": 0.011904761904761904,
    "punk": 0.023809523809523808,
    "proto-punk": 0.011904761904761904,
    "classic rock": 0.05952380952380952,
    "southern rock": 0.011904761904761904,
    "midwest emo": 0.011904761904761904,
    "psychedelic rock": 0.011904761904761904,
    "glam metal": 0.011904761904761904,
    "glam rock": 0.011904761904761904,
    "hard rock": 0.011904761904761904,
    "britpop": 0.011904761904761904,
    "madchester": 0.011904761904761904,
    "metalcore": 0.023809523809523808,
    "metal": 0.023809523809523808,
    "heavy metal": 0.011904761904761904,
    "screamo": 0.011904761904761904,
    "rap metal": 0.011904761904761904,
    "rap rock": 0.011904761904761904,
    "alternative metal": 0.011904761904761904,
    "nu metal": 0.011904761904761904
  },
  "supergenres": {
    "Rock": 0.7349397590361446,
    "Metal": 0.24096385542168675,
    "Country": 0.012048192771084338,
    "Pop": 0.012048192771084338
  }
}