{
  "user_id": "hasty_robot-2SGpyIAdOHDH8F2GIrTANe-1",
  "top_tracks": [
    "spotify:track:5tQQCJaNdtafROf7M6hXax",
    "spotify:track:0ofHAoxe9vBkTCp2UQIavz",
    "spotify:track:3CHcHGHcS1RggaRsWPnMDO",
    "spotify:track:3HfhB8sYqLlVmpBPb7cc2x",
    "spotify:track:7Ar4G7Ci11gpt6sfH9Cgz5",
    "spotify:track:4CfG49r7r2NUrteLdUF2yI",
    "spotify:track:0DcrhZ12WcCqruCs8ibXSf",
    "spotify:track:546735gnmAwZMsnekU9inp",
    "spotify:track:0qRR9d89hIS0MHRkQ0ejxX",
    "spotify:track:17fPLuA4TttWwfNcf833J1",
    "spotify:track:0bRXwKfigvpKZUurwqAlEh",
    "spotify:track:6zSpb8dQRaw0M1dK8PBwQz",
    "spotify:track:3yrSvpt2l1xhsV9Em88Pul",
    "spotify:track:6Rvj9TmRsHXU8W2fVz871t",
    "spotify:track:35U4PXL3W3XIkAjEUdhr36",
    "spotify:track:3kXoKlD84c6OmIcOLfrfEs",
    "spotify:track:5JSvMEfZI2cbtVXcSKFgse",
    "spotify:track:2y2TNx72H4oE01TkztsAR6",
    "spotify:track:36d1lPdPLZJQctziBzxIBp",
    "spotify:track:6Em4KTMuPv1E4R9DzxMqL4",
    "spotify:track:0h3Xy4V4apMraB5NuM8U7Z",
    "spotify:track:3Fvh9wFJmy2YgZ604dRNcv",
    "spotify:track:3Sx7Mh8NnjDt3KdMpLs0ar",
    "spotify:track:2Xb6wJYGi0QXwURw5WWvI5",
    "spotify:track:3HeZam86SuxGp1wZ3XMIjE",
    "spotify:track:2CioKOaM8dU2VvjYUCNRGx",
    "spotify:track:1oCHMNWzKJdwdwjsPMjXf3",
    "spotify:track:5IdhVFJKEU4JNi7cwDnc6h",
    "spotify:track:0FDzzruyVECATHXKHFs9eJ",
    "spotify:track:1wZ7o1mZysv1l26ZWawVfW",
    "spotify:track:2LM47nP1VSpxtsvQB2Nu4z",
    "spotify:track:7LgkYu7dPMb9AMi2762upe",
    "spotify:track:0PvLTqhCjhlh5aQpvE4Qfh"
  ],
  "subgenres": {
    "classic rock": 0.09090909090909091,
    "soft rock": 0.13636363636363635,
    "southern rock": 0.045454545454545456,
    "trance": 0.045454545454545456,
    "melodic techno": 0.045454545454545456,
    "soul": 0.045454545454545456,
    "motown": 0.045454545454545456,
    "slap house": 0.045454545454545456,
    "tropical house": 0.045454545454545456,
    "nu disco": 0.045454545454545456,
    "disco": 0.045454545454545456,
    "soundtrack": 0.045454545454545456,
    "downtempo": 0.045454545454545456,
    "tango": 0.045454545454545456,
    "nu jazz": 0.045454545454545456,
    "french jazz": 0.045454545454545456,
    "jazz": 0.045454545454545456,
    "jazz fusion": 0.045454545454545456,
    "acid jazz": 0.045454545454545456
  },
  "supergenres": {
    "Rock": 0.2727272727272727,
    "Electronic": 0.22727272727272727,
    "R&B": 0.18181818181818182,
    "Easy listening": 0.045454545454545456,
    "Latin": 0.045454545454545456,
    "Jazz": 0.22727272727272727
  }
}