{
  "user_id": "moody_sloth-5V7El0owiHagVgsE0Bhle1-3",
  "top_tracks": [
    "spotify:track:12BjylmI6NS7ydikIzbuD0",
    "spotify:track:288rR07jQ5tckfhifwqwqZ",
    "spotify:track:5SWnsxjhdcEDc7LJjq9UHk",
    "spotify:track:3mkE4LX6ozOcvKEC7chB2q",
    "spotify:track:15iosIuxC3C53BgsM5Uggs",
    "spotify:track:7kMg8gmoI96lgbqCyVFO5Y",
    "spotify:track:1Is8hGpkGMiePASAxBluxM",
    "spotify:track:45EwtYrnqJH3AH2bFpEOC6",
    "spotify:track:1qMMYpVatbRITKCfq1gasi",
    "spotify:track:68eDGmSTQgxJde9JTG7b71",
    "spotify:track:5LZ0ZCRXrklIpnzn4Tcyde",
    "spotify:track:016z46SJwcRosW9Xb8JKmF",
    "spotify:track:1pacwLXyRO47ka0v6LTIiY",
    "spotify:track:3R0l4ivVzkajiNAYH07ZKl",
    "spotify:track:4bB7Gj1dssw0MYDb7zj1Kg",
    "spotify:track:1LRktFWVk7tRMluBz0VuzZ",
    "spotify:track:7cAFB83sEKAmwekVvQtGZj",
    "spotify:track:5GqFHxvAVUmZPdAFj6THjD",
    "spotify:track:6vBbirJ0n9L0j1XPtWlG6T",
    "spotify:track:0WiyWiJDkNCyGNqkv7NByy",
    "spotify:track:4H3prpSM3TWw4UJtg6rHwD",
    "spotify:track:6nbXYLeP21ksEQNFrHl2a2",
    "spotify:track:3daUZMkia3HT0E7xITejR6",
    "spotify:track:1XcFa5d1qoWdCIICnXlggj",
    "spotify:track:1XDyVXt7xfw5l301dL3wz2",
    "spotify:track:0fyP96TikhD9sM4eKqw5Yp",
    "spotify:track:1mMLMZYXkMueg65jRRWG1l",
    "spotify:track:075qcpR3BnxD5CWUIx1HTr",
    "spotify:track:0qfmKEHGRhMN2C3kQvGTlD",
    "spotify:track:57ELn9TPDIhrpl0dasS465",
    "spotify:track:0caJ2wkqp4UmXBwdR2JvB5",
    "spotify:track:6DLbBlGIOjjEj0dNN25zhZ",
    "spotify:track:3fvR1LSh0lRcAohUteSz6e"
  ],
  "subgenres": {
    "country": 0.35294117647058826,
    "acoustic country": 0.029411764705882353,
    "rap": 0.08823529411764706,
    "hip hop": 0.029411764705882353,
    "shoegaze": 0.029411764705882353,
    "metalcore": 0.029411764705882353,
    "djent": 0.029411764705882353,
    "metal": 0.029411764705882353,
    "deathcore": 0.029411764705882353,
    "post-hardcore": 0.029411764705882353,
    "red dirt": 0.029411764705882353,
    "texas country": 0.029411764705882353,
    "country rock": 0.029411764705882353,
    "edm": 0.058823529411764705,
    "progressive house": 0.029411764705882353,
    "melodic rap": 0.029411764705882353,
    "doom metal": 0.029411764705882353,
    "death metal": 0.029411764705882353,
    "black metal": 0.029411764705882353,
    "sludge metal": 0.029411764705882353
  },
  "supergenres": {
    "Country": 0.42424242424242425,
    "Hip Hop": 0.15151515151515152,
    "Rock": 0.09090909090909091,
    "Metal": 0.24242424242424243,
    "Electronic": 0.09090909090909091
  }
}