{
  "user_id": "moody_panda-7zSThiDt2I7KKfZV6IwGPK-3",
  "top_tracks": [
    "spotify:track:5ofoB8PFmocBXFBEWVb6Vz",
    "spotify:track:7ECj7iTkPxx2NfMmDH2BVx",
    "spotify:track:1oHClQEgDmmbcEx12Kc5nZ",
    "spotify:track:3eJaCUXhOJsXy92dYGZ1uP",
    "spotify:track:1H4Y9uW4N0LsxJUz0VnaPJ",
    "spotify:track:56wLqIBnjapUsIC08vHHYU",
    "spotify:track:1g5Jqwo02PuitYfv19B6Jn",
    "spotify:track:5XUuldRjPXcP5QxyEN4IXT",
    "spotify:track:5VCTubijAK3uZ3VTWyJmu3",
    "spotify:track:6QjmnLmLqwjJzHSDCRTACU",
    "spotify:track:748yv6bb3l3CcKS45a6SZ8",
    "spotify:track:1rAzOr3zpUDRtN2zsqGHiG",
    "spotify:track:7vBfTSrKGuOTgydSSqZTQy",
    "spotify:track:0fr7Nl49mFbf6nXXca6YwO",
    "spotify:track:5axOkQnmQmwtjr4bv1Xt7i",
    "spotify:track:2ib8fuTavdc48X6MjhE4Ft",
    "spotify:track:2SgbR6ttzoNlCRGQOKjrop",
    "spotify:track:62TCEZic6RfrMkC2jkJQ2S",
    "spotify:track:1e1rQNYCZToyBDDka1Io34",
    "spotify:track:5TKkatGDLP5T9YBv6Npi6y",
    "spotify:track:0xoyUiHhxVH4gwb0CRgNmg",
    "spotify:track:3o3i8J3phhvFXOaH4wwjbT",
    "spotify:track:2Kh3cX18dUwMz9SnI0uBse",
    "spotify:track:2su7tPGovmhqSTKfCWMwpo",
    "spotify:track:2SMYQhVrLA7NRjUxAVghSH",
    "spotify:track:75dS4i4yFu4R4WBrneLXIC",
    "spotify:track:6u0Z82GTYAP8ECjSCpudOE",
    "spotify:track:5ih5d9WJSI7Hxz0KIPJPY2",
    "spotify:track:0S7aPnRsDKpvuKOt91iNdq",
    "spotify:track:2oe26VLWu5S49I4MYh3t1r",
    "spotify:track:40ICaPcBTNgovHhIqALL0W",
    "spotify:track:5Gw8owErJLfkNxWCSwPQKJ",
    "spotify:track:5tgXL0bJKzjwC2hZSYJzgl"
  ],
  "subgenres": {
    "metalcore": 0.11403508771929824,
    "djent": 0.008771929824561403,
    "metal": 0.14912280701754385,
    "post-hardcore": 0.06140350877192982,
    "deathcore": 0.043859649122807015,
    "power metal": 0.043859649122807015,
    "melodic metal": 0.043859649122807015,
    "symphonic metal": 0.043859649122807015,
    "folk metal": 0.02631578947368421,
    "pirate metal": 0.02631578947368421,
    "medieval metal": 0.02631578947368421,
    "heavy metal": 0.07017543859649122,
    "screamo": 0.06140350877192982,
    "emo": 0.043859649122807015,
    "rap metal": 0.03508771929824561,
    "hardcore": 0.008771929824561403,
    "hardcore punk": 0.008771929824561403,
    "new wave": 0.008771929824561403,
    "synthpop": 0.008771929824561403,
    "nu metal": 0.017543859649122806,
    "rock": 0.02631578947368421,
    "alternative metal": 0.017543859649122806,
    "glam metal": 0.008771929824561403,
    "hard rock": 0.008771929824561403,
    "groove metal": 0.008771929824561403,
    "thrash metal": 0.008771929824561403,
    "emocore": 0.017543859649122806,
    "pop punk": 0.008771929824561403,
    "punk": 0.008771929824561403,
    "post-grunge": 0.017543859649122806,
    "worship": 0.008771929824561403,
    "christian": 0.008771929824561403
  },
  "supergenres": {
    "Metal": 0.7850467289719626,
    "Rock": 0.19626168224299065,
    "Pop": 0.018691588785046728
  }
}