{
  "user_id": "moody_raven-298ake83n1yhQ7gkwjMWvW-1",
  "top_tracks": [
    "spotify:track:6GG73Jik4jUlQCkKg9JuGO",
    "spotify:track:1keSkRaOL77YjXkM4rJ6xX",
    "spotify:track:1fBl642IhJOE5U319Gy2Go",
    "spotify:track:5lN1EH25gdiqT1SFALMAq1",
    "spotify:track:72ahyckBJfTigJCFCviVN7",
    "spotify:track:3e0yTP5trHBBVvV32jwXqF",
    "spotify:track:1pHP4JeQV9wDx87D6qH9hD",
    "spotify:track:0grFc6klR3hxoHLcgCYsF4",
    "spotify:track:2ZLL9Blx7Tq4tBrhE9YvXE",
    "spotify:track:2iUmqdfGZcHIhS3b9E9EWq",
    "spotify:track:4EchqUKQ3qAQuRNKmeIpnf",
    "spotify:track:3Pzh926pXggbMe2ZpXyMV7",
    "spotify:track:5G1sTBGbZT5o4PNRc75RKI",
    "spotify:track:0qRR9d89hIS0MHRkQ0ejxX",
    "spotify:track:2QKLrgXNQtK2c8QbLRO3XC",
    "spotify:track:2SiXAy7TuUkycRVbbWDEpo",
    "spotify:track:0WoFs3EdGOx58yX5BtXvOa",
    "spotify:track:71SvEDmsOwIWw1IozsZoMA",
    "spotify:track:64UioB4Nmwgn2f4cbIpAkl",
    "spotify:track:6PwjJ58I4t7Mae9xfZ9l9v",
    "spotify:track:20OFwXhEXf12DzwXmaV7fj",
    "spotify:track:3ZOEytgrvLwQaqXreDs2Jx",
    "spotify:track:5RKQ5NdjSh2QzD4MaunT91",
    "spotify:track:7eMpW9I1ZpVs6VQ90naDBh",
    "spotify:track:3omXshBamrREltcf24gYDC",
    "spotify:track:6NJ5Q5QujNwwsst5mdSEfF",
    "spotify:track:3yrSvpt2l1xhsV9Em88Pul",
    "spotify:track:4BP3uh0hFLFRb5cjsgLqDh",
    "spotify:track:7Gk8IPlFTLUcoIH3mtASI0",
    "spotify:track:7bEDDsy2LFC0KSqhZp5nPE",
    "spotify:track:573latfTMO7SpGtStVrQx5",
    "spotify:track:6MDijuuArPJv1vbp7K1x3f",
    "spotify:track:3Zwu2K0Qa5sT6teCCHPShP"
  ],
  "subgenres": {
    "emo": 0.041666666666666664,
    "pop punk": 0.041666666666666664,
    "emo pop": 0.041666666666666664,
    "blues rock": 0.0625,
    "garage rock": 0.0625,
    "modern blues": 0.0625,
    "rock": 0.10416666666666667,
    "symphonic rock": 0.020833333333333332,
    "art rock": 0.020833333333333332,
    "indie rock": 0.020833333333333332,
    "indie": 0.020833333333333332,
    "punk": 0.020833333333333332,
    "skate punk": 0.020833333333333332,
    "modern rock": 0.0625,
    "soft rock": 0.041666666666666664,
    "hard rock": 0.020833333333333332,
    "classic rock": 0.10416666666666667,
    "rock and roll": 0.020833333333333332,
    "album rock": 0.041666666666666664,
    "alternative rock": 0.041666666666666664,
    "southern rock": 0.041666666666666664,
    "country rock": 0.041666666666666664,
    "funk rock": 0.020833333333333332,
    "alternative dance": 0.020833333333333332
  },
  "supergenres": {
    "Rock": 0.9090909090909091,
    "Blues": 0.06818181818181818,
    "Metal": 0.022727272727272728
  }
}