{
  "user_id": "nerdy_tulip-2PWNHoPdjeUeZgCQTqy3nB-2",
  "top_tracks": [
    "spotify:track:7HlfcKfWPWM0s59fIgPBoi",
    "spotify:track:0tDcxR6suuA4F76L9nG1W2",
    "spotify:track:4f4q4xqoQEx6E0IyrNLkYS",
    "spotify:track:4x3vJJYSW9fZWIubv5mmww",
    "spotify:track:4Oru6jFrkSB7oyVB6Gg74r",
    "spotify:track:2hEJDaomHQhnkz0IVT3A3p",
    "spotify:track:1icgLGTpX2fQXKRe4D7w2b",
    "spotify:track:0FQeZmAKQLLnZC5iTN6JuR",
    "spotify:track:5broFJ0PgJb4ozkDwLmBJt",
    "spotify:track:7hgue2CGpzs1SCP9VswVyJ",
    "spotify:track:1yCVsVH2hQ72SxNI8QTDaB",
    "spotify:track:54rNIPcl3M51J42P1C7NNX",
    "spotify:track:0qNnE0beu4OfHk8Txa3vGt",
    "spotify:track:2m4j9Z2XCxhRppNu94fMo5",
    "spotify:track:3oEM4aHIeSIUNmNaqS1tW3",
    "spotify:track:2vDC9iyQpY3EsioJD8pRiW",
    "spotify:track:1r9W6X7XA07X11WbW1TveA",
    "spotify:track:3ImJurxjtL8FutkeQ6uPRK",
    "spotify:track:3OmrhenbSvYxoZkcSrjrl3",
    "spotify:track:2GeCqcr5X9P055lHR9foYn",
    "spotify:track:32B4HyegZNlYIWhENs8FcZ",
    "spotify:track:1CKhx6sSkUxzomXnYZqSMh",
    "spotify:track:77DRzu7ERs0TX3roZcre7Q",
    "spotify:track:1pWIkEO7M6ukT9XxSjgokL",
    "spotify:track:5AdcWcvRVnQvFtJ90A2XUK",
    "spotify:track:4clDki3KRPUYnonIK99GcX",
    "spotify:track:5Z6hdVHH39nARjTBfMUVl6",
    "spotify:track:0zLClc0emc6qUeV1p5nc99",
    "spotify:track:7GqL2FGwsRKPEtfPOVSXgS",
    "spotify:track:5GsJIVCBFjhCcUwJaTW2sB",
    "spotify:track:3J58iVk8OXYAGG4YvOKG8u",
    "spotify:track:2x5YsiXAqOEqSZ1iHWITHS",
    "spotify:track:4iYRa2btalAzPZoSYfROqF"
  ],
  "subgenres": {
    "enka": 0.015384615384615385,
    "kayokyoku": 0.015384615384615385,
    "shibuya-kei": 0.046153846153846156,
    "cloud rap": 0.046153846153846156,
    "hyperpop": 0.03076923076923077,
    "dark trap": 0.046153846153846156,
    "emo rap": 0.046153846153846156,
    "horrorcore": 0.046153846153846156,
    "punk rap": 0.046153846153846156,
    "underground hip hop": 0.03076923076923077,
    "rage rap": 0.015384615384615385,
    "rap metal": 0.015384615384615385,
    "boom bap": 0.015384615384615385,
    "experimental hip hop": 0.03076923076923077,
    "alternative hip hop": 0.03076923076923077,
    "experimental": 0.03076923076923077,
    "footwork": 0.015384615384615385,
    "idm": 0.015384615384615385,
    "glitch": 0.015384615384615385,
    "drumstep": 0.015384615384615385,
    "rap": 0.046153846153846156,
    "vaporwave": 0.03076923076923077,
    "chillwave": 0.015384615384615385,
    "jazz rap": 0.03076923076923077,
    "west coast hip hop": 0.06153846153846154,
    "hip hop": 0.06153846153846154,
    "shoegaze": 0.015384615384615385,
    "dream pop": 0.015384615384615385,
    "post-punk": 0.015384615384615385,
    "lo-fi house": 0.015384615384615385,
    "deep house": 0.015384615384615385,
    "trip hop": 0.015384615384615385,
    "alternative dance": 0.015384615384615385,
    "art pop": 0.03076923076923077,
    "g-funk": 0.015384615384615385,
    "gangster rap": 0.015384615384615385,
    "east coast hip hop": 0.015384615384615385
  },
  "supergenres": {
    "World/Traditional": 0.017857142857142856,
    "Pop": 0.21428571428571427,
    "Hip Hop": 0.5535714285714286,
    "Metal": 0.017857142857142856,
    "Rock": 0.10714285714285714,
    "Electronic": 0.07142857142857142,
    "New age": 0.017857142857142856
  }
}