{
  "user_id": "nerdy_lemon-6pHLiYgCEk5tO2NK29A9X3-1",
  "top_tracks": [
    "spotify:track:2BY7ALEWdloFHgQZG6VMLA",
    "spotify:track:6dGnYIeXmHdcikdzNNDMm2",
    "spotify:track:0q21FNwES2bbtcduB6kjEU",
    "spotify:track:5zZqoeBLuXCDVdcjggDQdS",
    "spotify:track:4U45aEWtQhrm8A5mxPaFZ7",
    "spotify:track:1mqydO6xMtyTPa8yo1SdVr",
    "spotify:track:3M8FzayQWtkvOhqMn2V4T2",
    "spotify:track:476V2d6iA2tWXgQboKmTtA",
    "spotify:track:0aJrYfARfCKzv6gXjhs4SZ",
    "spotify:track:7kv7zBjMtVf0eIJle2VZxn",
    "spotify:track:32jHB7W9b08OTorAqR0cJo",
    "spotify:track:0P7DoyGrr4Wp9w5TotEtUC",
    "spotify:track:0KZodeWxqxd88F9wY1cqgs",
    "spotify:track:6Vecwo7AHst9V2CE3kmwr0",
    "spotify:track:7G6l2FtQyRhQgYgut2I6i8",
    "spotify:track:3oQomOPRNQ5NVFUmLJHbAV",
    "spotify:track:4S518ci8UY4op0Xyp6Hx6o",
    "spotify:track:64sn7wgJfeQKY3Jisnl59w",
    "spotify:track:4qYHnP5AmKzXbJhciPV8si",
    "spotify:track:7iN1s7xHE4ifF5povM6A48",
    "spotify:track:2KQM3kDM0zMBC9iynePBbS",
    "spotify:track:4XvTMTAYOR470Xm8oZyYdd",
    "spotify:track:5wQnmLuC1W7ATsArWACrgW",
    "spotify:track:3BQHpFgAp4l80e1XslIjNI",
    "spotify:track:4PJEK76V3A1S0XzZJuTWh7",
    "spotify:track:7rDcULv8vV16vetBjPJhuE",
    "spotify:track:7j31rVgGX9Q2blT92VBEA0",
    "spotify:track:50xwQXPtfNZFKFeZ0XePWc",
    "spotify:track:0YOOXnCJihgyluizqhAcrz",
    "spotify:track:68Iw932AjRCDEPLIzpmOtF",
    "spotify:track:7oNgPClUYdscWWHa5PF1gT",
    "spotify:track:2rWyz3Zav1m26q2WgXbAQt",
    "spotify:track:08S2nUUNdJTagxqPKsWhli"
  ],
  "subgenres": {
    "classic rock": 0.11538461538461539,
    "psychedelic rock": 0.07692307692307693,
    "folk rock": 0.057692307692307696,
    "folk": 0.057692307692307696,
    "singer-songwriter": 0.057692307692307696,
    "soft rock": 0.038461538461538464,
    "southern rock": 0.057692307692307696,
    "country rock": 0.019230769230769232,
    "soul": 0.038461538461538464,
    "motown": 0.019230769230769232,
    "surf rock": 0.019230769230769232,
    "country": 0.11538461538461539,
    "roots rock": 0.019230769230769232,
    "americana": 0.019230769230769232,
    "acoustic country": 0.019230769230769232,
    "rock": 0.019230769230769232,
    "blues": 0.019230769230769232,
    "soul blues": 0.019230769230769232,
    "classic blues": 0.019230769230769232,
    "classical piano": 0.019230769230769232,
    "classical": 0.019230769230769232,
    "emo": 0.038461538461538464,
    "pop punk": 0.038461538461538464,
    "emo pop": 0.038461538461538464,
    "reggae": 0.019230769230769232,
    "roots reggae": 0.019230769230769232
  },
  "supergenres": {
    "Rock": 0.5319148936170213,
    "Folk/Acoustic": 0.1276595744680851,
    "R&B": 0.10638297872340426,
    "Country": 0.14893617021276595,
    "Blues": 0.0425531914893617,
    "Classical": 0.0425531914893617
  }
}