{
  "user_id": "nerdy_robot-1BuwhD1RkZlQ93pntxudIQ-2",
  "top_tracks": [
    "spotify:track:086THPnabbu1zfDjRsxpoN",
    "spotify:track:7g7or6ba1mBgq5Ydj2ixjs",
    "spotify:track:6bmJYonQyJrjlmBiGf9OeK",
    "spotify:track:0U0ldCRmgCqhVvD6ksG63j",
    "spotify:track:3pyyGVqWvRMq43qtJBzxe0",
    "spotify:track:21LkHnuxPxVrOZ5gCaG7aM",
    "spotify:track:6cl76PUPFsSSYSuXgSVvn7",
    "spotify:track:5Apvsk0suoivI1H8CmBglv",
    "spotify:track:4svaKoxMMP7ImmKrD5hfQu",
    "spotify:track:36FZL9SzRh5BhtG1cUyGWr",
    "spotify:track:6t67COokESOCeqHkMNroSu",
    "spotify:track:7b7wO3Je7i2HhyipNhcs1u",
    "spotify:track:3Gxu9gAd5rXsnSS0rUpRAs",
    "spotify:track:21Q89OzFYAcYSNurWhz3Rk",
    "spotify:track:7cQjIIjLOhbRVCXyIepF2U",
    "spotify:track:1scwknKtBQpreYy6MSoJqJ",
    "spotify:track:4Ooq4tmYpe3nZP1BnCtsWM",
    "spotify:track:0qOCy2LqvdkMora7eZsJhQ",
    "spotify:track:1HHIv96gVeVkoOBzQeH9d8",
    "spotify:track:59R6x5aocUodgtHHIWoEfJ",
    "spotify:track:7w09r53aPON8ZUvEAnPe94",
    "spotify:track:4fiaDQ6LPITpaGtpCpVeH7",
    "spotify:track:5xaFYSG9oSO9vHV23t281o",
    "spotify:track:4wCmqSrbyCgxEXROQE6vtV",
    "spotify:track:7FET9gtiECWn7llt0sfvtU",
    "spotify:track:4oMyggIzClkOcCTvotFLkP",
    "spotify:track:57ak8sQYlYzHp1WNoF3PqT",
    "spotify:track:3u2e0jBFHbDT9yPA6vMK1v",
    "spotify:track:1xSmjB0t19q4CSJ0X0ymGB",
    "spotify:track:7gw9aTMItbIbnuByJEKtJd",
    "spotify:track:7kv7zBjMtVf0eIJle2VZxn",
    "spotify:track:6QZ8h3RqIgTRTo3hfaqryx",
    "spotify:track:62eIpsZoeyxJwMHw6LmVIU"
  ],
  "subgenres": {
    "emo rap": 0.047619047619047616,
    "synthwave": 0.047619047619047616,
    "french house": 0.047619047619047616,
    "bedroom pop": 0.19047619047619047,
    "future house": 0.047619047619047616,
    "alternative r&b": 0.047619047619047616,
    "emo": 0.047619047619047616,
    "pop punk": 0.14285714285714285,
    "emo pop": 0.09523809523809523,
    "post-grunge": 0.047619047619047616,
    "future bass": 0.047619047619047616,
    "j-dance": 0.047619047619047616,
    "christian hip hop": 0.047619047619047616,
    "phonk": 0.047619047619047616,
    "drift phonk": 0.047619047619047616
  },
  "supergenres": {
    "Hip Hop": 0.17647058823529413,
    "Pop": 0.29411764705882354,
    "Electronic": 0.17647058823529413,
    "R&B": 0.058823529411764705,
    "Rock": 0.23529411764705882,
    "Metal": 0.058823529411764705
  }
}