{
  "user_id": "quirk_mossy-2tWFZzDS89QEeKFGLoks5U-1",
  "top_tracks": [
    "spotify:track:2oMRghXavYBErsyBIPNm0i",
    "spotify:track:5z9WvIbBzvnRceAPeKvUtY",
    "spotify:track:6ur5OYXsRAwcXlzna2h8aL",
    "spotify:track:60AVJqYgyAlCckC6Nh2tgO",
    "spotify:track:2nLKcpdoIX6oFo5npWHVF4",
    "spotify:track:6Z1ctx9tn4nKC3QlrhU8xL",
    "spotify:track:6VpH2prT3NGiK5pnpG2L3J",
    "spotify:track:1HsNvx56s4deQ0CCMsQWQL",
    "spotify:track:5WDv5XQU8PbZP8Ymc5c7Tv",
    "spotify:track:1KlzVuoyn879TCSxVFcmWX",
    "spotify:track:55Am0g4bMZzngtGruPAeDC",
    "spotify:track:1VLM75hY5fluRorkbIt6NT",
    "spotify:track:7bejusfoFGA6h1vrweM0p5",
    "spotify:track:2z3sXsuy0b6AGubJoTHZF6",
    "spotify:track:5bwxMo2sye4bffTgp7uNbo",
    "spotify:track:13aiI2D4nrdD2sxXvCKn40",
    "spotify:track:6Z9DLcPnRFLupsw5WJ5sLw",
    "spotify:track:1jKXjxMWlq4BhH6f9GtZbu",
    "spotify:track:4c2RXQoNTtraGFfoDNKbTg",
    "spotify:track:5tzkaaFtJMPzbowjuK1Uew",
    "spotify:track:6b2Dw4kSKnmWMyiBXyRX2e",
    "spotify:track:7FJNM5i0qKjFfCtw18QVAU",
    "spotify:track:1H4BiYE8G4XuaKpVxvtJ4n",
    "spotify:track:3w0w2T288dec0mgeZZqoNN",
    "spotify:track:0f8hpPLguRwUgMAldsmQEa",
    "spotify:track:7H05LygiPiQQE1h88P7vIV",
    "spotify:track:5L9WFUodzACitS1TiGm7Mi",
    "spotify:track:0JtgoDDf0ggWaoXCGhcOoT",
    "spotify:track:3FhZPYvMGSjFc6boVYKlCv",
    "spotify:track:7zBQRGpYImAdIZc97FNj3V",
    "spotify:track:3rzUxFVoUazdBrFkslPmYx",
    "spotify:track:6Qgmm3Sz0vXwiyNTL9nDXy",
    "spotify:track:5MbtltJOrf5hTldbvaEqdV"
  ],
  "subgenres": {
    "country": 0.12903225806451613,
    "shoegaze": 0.06451612903225806,
    "phonk": 0.06451612903225806,
    "brazilian phonk": 0.03225806451612903,
    "melodic rap": 0.03225806451612903,
    "drift phonk": 0.03225806451612903,
    "alt country": 0.06451612903225806,
    "gregorian chant": 0.03225806451612903,
    "metalcore": 0.03225806451612903,
    "post-hardcore": 0.03225806451612903,
    "country rock": 0.03225806451612903,
    "midwest emo": 0.03225806451612903,
    "dream pop": 0.03225806451612903,
    "pop punk": 0.06451612903225806,
    "sea shanties": 0.03225806451612903,
    "latin indie": 0.03225806451612903,
    "argentine rock": 0.03225806451612903,
    "emo": 0.03225806451612903,
    "emo pop": 0.03225806451612903,
    "punk": 0.03225806451612903,
    "comedy": 0.03225806451612903,
    "memphis rap": 0.03225806451612903,
    "crunk": 0.03225806451612903,
    "country hip hop": 0.03225806451612903
  },
  "supergenres": {
    "Country": 0.21739130434782608,
    "Rock": 0.43478260869565216,
    "Hip Hop": 0.17391304347826086,
    "Electronic": 0.043478260869565216,
    "Classical": 0.043478260869565216,
    "Metal": 0.043478260869565216,
    "Pop": 0.043478260869565216
  }
}