{
  "user_id": "quirk_honey-6pHLiYgCEk5tO2NK29A9X3-2",
  "top_tracks": [
    "spotify:track:4MLBqAEzNN89o2M9h92Z26",
    "spotify:track:0i5el041vd6nxrGEU8QRxy",
    "spotify:track:0ToHhkK4qtwEyKOxhQpMbJ",
    "spotify:track:60IGhnH20N82dNxKnc8jDd",
    "spotify:track:0j3p1p06deJ7f9xmJ9yG22",
    "spotify:track:5rX6C5QVvvZB7XckETNych",
    "spotify:track:7yFvSYKk3g5g8e7Ffl16ws",
    "spotify:track:4ogaI0XfmAunA0LyjveMSF",
    "spotify:track:4joiWvli4qJVEW6qZV2i2J",
    "spotify:track:5EOoMWIB9iK4ZpcSex9Ec7",
    "spotify:track:6QhXQOpyYvbpdbyjgAqKdY",
    "spotify:track:6AI3ezQ4o3HUoP6Dhudph3",
    "spotify:track:2EqlS6tkEnglzr7tkKAAYD",
    "spotify:track:1x1XQqhBViz4opcpwc7FVs",
    "spotify:track:5FVd6KXrgO9B3JPmC8OPst",
    "spotify:track:4DMKwE2E2iYDKY01C335Uw",
    "spotify:track:3evG0BIqEFMMP7lVJh1cSf",
    "spotify:track:1j8z4TTjJ1YOdoFEDwJTQa",
    "spotify:track:18BajNiyvH6GpYshB0unrm",
    "spotify:track:5oHHMDcVOmPSFrCgdbHPdb",
    "spotify:track:3hNUYt4dMM9RhcWmty8oKF",
    "spotify:track:2QfiRTz5Yc8DdShCxG1tB2",
    "spotify:track:4k1YrSM0KCb5LepafCrW5K",
    "spotify:track:7Ar4G7Ci11gpt6sfH9Cgz5",
    "spotify:track:6nEkxYIEnrbYH7h1hJ8Xn6",
    "spotify:track:7f9sC9fvtjYSZYOLSmKJlq",
    "spotify:track:00Mb3DuaIH1kjrwOku9CGU",
    "spotify:track:6YffUZJ2R06kyxyK6onezL",
    "spotify:track:3mlMpmY8oZIBFc39D9zLbh",
    "spotify:track:4EEjMyQub6tgFVshlM9j1M",
    "spotify:track:1xOXXYh6lTW8laxlW7JP2J",
    "spotify:track:29U7stRjqHU6rMiS8BfaI9",
    "spotify:track:0vZ97gHhemKm6c64hTfJNA"
  ],
  "subgenres": {
    "classic rock": 0.23728813559322035,
    "psychedelic rock": 0.15254237288135594,
    "country": 0.0847457627118644,
    "pop country": 0.01694915254237288,
    "acoustic country": 0.03389830508474576,
    "folk rock": 0.05084745762711865,
    "reggae": 0.01694915254237288,
    "roots reggae": 0.01694915254237288,
    "soft rock": 0.05084745762711865,
    "folk": 0.01694915254237288,
    "hip hop": 0.01694915254237288,
    "west coast hip hop": 0.01694915254237288,
    "indie": 0.01694915254237288,
    "garage rock": 0.01694915254237288,
    "progressive rock": 0.01694915254237288,
    "album rock": 0.01694915254237288,
    "pop punk": 0.01694915254237288,
    "emo": 0.01694915254237288,
    "emo pop": 0.01694915254237288,
    "christian country": 0.01694915254237288,
    "rockabilly": 0.01694915254237288,
    "rock and roll": 0.01694915254237288,
    "southern rock": 0.01694915254237288,
    "singer-songwriter": 0.01694915254237288,
    "jazz": 0.01694915254237288,
    "swing music": 0.01694915254237288,
    "big band": 0.01694915254237288,
    "vocal jazz": 0.01694915254237288,
    "jazz blues": 0.01694915254237288
  },
  "supergenres": {
    "Rock": 0.72,
    "Country": 0.1,
    "R&B": 0.04,
    "Folk/Acoustic": 0.04,
    "Hip Hop": 0.02,
    "Jazz": 0.04,
    "Easy listening": 0.02,
    "Blues": 0.02
  }
}