{
  "user_id": "quirk_tulip-1Rk8qsP4nChMQuP2mUUO01-1",
  "top_tracks": [
    "spotify:track:5cZqsjVs6MevCnAkasbEOX",
    "spotify:track:1nLnpLXvl68RZCSjfkyiaa",
    "spotify:track:0qRR9d89hIS0MHRkQ0ejxX",
    "spotify:track:33iv3wnGMrrDugd7GBso1z",
    "spotify:track:2SHTKB8YYlawTGIuJ2b2ok",
    "spotify:track:4YFcGTdgmEuw8xTO4XrxbB",
    "spotify:track:1158ckiB5S4cpsdYHDB9IF",
    "spotify:track:2Tc9VznHtQUmfOgE3L1RdN",
    "spotify:track:3FP8A246XpuafFofRhDlWG",
    "spotify:track:2hnMS47jN0etwvFPzYk11f",
    "spotify:track:7kVoPBSlGghzLoQjODkxGD",
    "spotify:track:4BP3uh0hFLFRb5cjsgLqDh",
    "spotify:track:6L89mwZXSOwYl76YXfX13s",
    "spotify:track:3IV4swNduIRunHREK80owz",
    "spotify:track:7hPLPHeKbwJrsuDHv4BCTA",
    "spotify:track:20OFwXhEXf12DzwXmaV7fj",
    "spotify:track:5dTHtzHFPyi8TlTtzoz1J9",
    "spotify:track:6GG73Jik4jUlQCkKg9JuGO",
    "spotify:track:3zb6SWbtSON0DGs7xPibeY",
    "spotify:track:7hm4HTk9encxT0LYC0J6oI",
    "spotify:track:1IT0WQk5J8NsaeII8ktdlZ",
    "spotify:track:1ZozJfi8u9cO2Ob8KwiwNT",
    "spotify:track:5FkoSXiJPKTNyYgALRJFhD",
    "spotify:track:6W21LNLz9Sw7sUSNWMSHRu",
    "spotify:track:5UWwZ5lm5PKu6eKsHAGxOk",
    "spotify:track:5mJGLBNJM0GULqAoL5mb9C",
    "spotify:track:6SpLc7EXZIPpy0sVko0aoU",
    "spotify:track:2d7FJ0JIKLQRU4afDvU4f1",
    "spotify:track:4LJhJ6DQS7NwE7UKtvcM52",
    "spotify:track:5gRcv46AMTrosmTOqrOV3Q",
    "spotify:track:5lDriBxJd22IhOH9zTcFrV",
    "spotify:track:4KW1lqgSr8TKrvBII0Brf8",
    "spotify:track:5oBarQJHCnHLzyezz0XzFx"
  ],
  "subgenres": {
    "nu metal": 0.038461538461538464,
    "rap metal": 0.038461538461538464,
    "alternative metal": 0.038461538461538464,
    "rap rock": 0.019230769230769232,
    "punk": 0.028846153846153848,
    "pop punk": 0.125,
    "soft rock": 0.009615384615384616,
    "grunge": 0.038461538461538464,
    "rock": 0.0673076923076923,
    "alternative rock": 0.028846153846153848,
    "shoegaze": 0.009615384615384616,
    "emo": 0.125,
    "post-hardcore": 0.019230769230769232,
    "screamo": 0.019230769230769232,
    "emo pop": 0.07692307692307693,
    "christian rock": 0.009615384615384616,
    "christian alternative rock": 0.009615384615384616,
    "reggae rock": 0.009615384615384616,
    "ska punk": 0.009615384615384616,
    "ska": 0.009615384615384616,
    "midwest emo": 0.04807692307692308,
    "folk punk": 0.028846153846153848,
    "math rock": 0.04807692307692308,
    "classic rock": 0.019230769230769232,
    "southern rock": 0.019230769230769232,
    "country rock": 0.019230769230769232,
    "garage rock": 0.009615384615384616,
    "indie rock": 0.009615384615384616,
    "post-grunge": 0.019230769230769232,
    "metal": 0.009615384615384616,
    "modern rock": 0.009615384615384616,
    "indie punk": 0.009615384615384616,
    "skate punk": 0.009615384615384616,
    "rap": 0.009615384615384616
  },
  "supergenres": {
    "Metal": 0.1875,
    "Rock": 0.7604166666666666,
    "Folk/Acoustic": 0.041666666666666664,
    "Hip Hop": 0.010416666666666666
  }
}