{
  "user_id": "quirk_pearl-5ZZm4tzxmceQ3T9sjsFyc9-2",
  "top_tracks": [
    "spotify:track:3SeeaIXnrCfT88vHVCRWHl",
    "spotify:track:7yNf9YjeO5JXUE3JEBgnYc",
    "spotify:track:6sk05SeOdnAfxOhMLi8wTZ",
    "spotify:track:4Yicqjumhd4OdKGTu7zNGn",
    "spotify:track:1158ckiB5S4cpsdYHDB9IF",
    "spotify:track:58ge6dfP91o9oXMzq3XkIS",
    "spotify:track:0ou367q5bmco9pZNxq80iD",
    "spotify:track:2c7sRekhMGlj7u1WIIzoQu",
    "spotify:track:7fEoXCZTZFosUFvFQg1BmW",
    "spotify:track:2LGdO5MtFdyphi2EihANZG",
    "spotify:track:6tNQ70jh4OwmPGpYy6R2o9",
    "spotify:track:6Stz1dIY7OD61gU7SdVR22",
    "spotify:track:4OssqCixV2Xsxd43wMIQyS",
    "spotify:track:5h9hkYIBWTZYFRmF6Iz1gt",
    "spotify:track:4cLdpErILMO8Db8pQVAVcZ",
    "spotify:track:0OA00aPt3BV10qeMIs3meW",
    "spotify:track:2rCM9E5gZK2YRiIClGsGpu",
    "spotify:track:2jATUzETZL49e6SywauZKE",
    "spotify:track:3ScMs95OaNlkrZuRe7gyYa",
    "spotify:track:36gcliMRX1vCpgnrZE3dFZ",
    "spotify:track:0NdTUS4UiNYCNn5FgVqKQY",
    "spotify:track:42VsgItocQwOQC3XWZ8JNA",
    "spotify:track:24SUWisv2lYQiB3bVpE1sn",
    "spotify:track:4bO6IzKXMWhmncfIO9GBq2",
    "spotify:track:72cGBEqu7RitIOoACXYjfR",
    "spotify:track:1vQWFjEC34DHNXrRTFjDxe",
    "spotify:track:0KQh7AuuZvpTKWhcJa8Pbr",
    "spotify:track:6tNgRQ0K2NYZ0Rb9l9DzL8",
    "spotify:track:2X485T9Z5Ly0xyaghN73ed",
    "spotify:track:4rl593K2O1pAt026iBVGrd",
    "spotify:track:3sLTYBYs6lJsFK84t2X7wt",
    "spotify:track:1N8TTK1Uoy7UvQNUazfUt5",
    "spotify:track:3qhlB30KknSejmIvZZLjOD"
  ],
  "subgenres": {
    "country": 0.02564102564102564,
    "acoustic country": 0.02564102564102564,
    "electro house": 0.02564102564102564,
    "southern hip hop": 0.02564102564102564,
    "nu metal": 0.05128205128205128,
    "alternative metal": 0.05128205128205128,
    "rap metal": 0.05128205128205128,
    "shoegaze": 0.05128205128205128,
    "rock": 0.05128205128205128,
    "indie": 0.1282051282051282,
    "garage rock": 0.07692307692307693,
    "slap house": 0.02564102564102564,
    "rage rap": 0.02564102564102564,
    "drill": 0.02564102564102564,
    "psychedelic pop": 0.07692307692307693,
    "malayalam hip hop": 0.02564102564102564,
    "desi hip hop": 0.02564102564102564,
    "drum and bass": 0.02564102564102564,
    "edm": 0.02564102564102564,
    "trance": 0.02564102564102564,
    "big room": 0.02564102564102564,
    "house": 0.02564102564102564,
    "dance": 0.02564102564102564,
    "rap": 0.02564102564102564,
    "acid jazz": 0.02564102564102564,
    "disco": 0.02564102564102564
  },
  "supergenres": {
    "Country": 0.030303030303030304,
    "Electronic": 0.24242424242424243,
    "Hip Hop": 0.18181818181818182,
    "Metal": 0.18181818181818182,
    "Rock": 0.21212121212121213,
    "Pop": 0.09090909090909091,
    "Jazz": 0.030303030303030304,
    "R&B": 0.030303030303030304
  }
}