{
  "user_id": "quirk_bloom-7KiGD6BDIqA6eQANfCiN0B-3",
  "top_tracks": [
    "spotify:track:0lE2Jl13AfiAONJKrrXDxD",
    "spotify:track:1IE23VQSr0WsbVSINwP9OK",
    "spotify:track:3JaRjTNqNKiK8bWp3Dn7KB",
    "spotify:track:6bD3ZMFWnPAI5OweU0aORy",
    "spotify:track:6xGljnR9ch9N9OntXUKFUX",
    "spotify:track:2PnFHCWo2FIbMCXwvGM1kH",
    "spotify:track:1IMbKfMzGyFK4WxsMy9xRF",
    "spotify:track:2tZu1yMFbHSyFXjMMm9K8w",
    "spotify:track:6C5k5RJzhr229Hr2kV63EP",
    "spotify:track:0eqY7wsVxA1KvnFUPeCr4s",
    "spotify:track:1mFrjW8e8fuAOowlU3Q3Dr",
    "spotify:track:4rIkUFycyCjwfxDHtoBwME",
    "spotify:track:4TD6fj03dGwfDDrb6UWmy8",
    "spotify:track:3rusZrj15J4M90PX2PV4yj",
    "spotify:track:5by3w3NXvwDpV9FBSOR35u",
    "spotify:track:2PUqKnaCIKBGXOG6oqmcfH",
    "spotify:track:2LBSwRN7NIT1OMKfVeBQfm",
    "spotify:track:4ALUsXwb37gZXpMxhzQ20E",
    "spotify:track:0bCZAwsv8YMZhnbyeLd8Na",
    "spotify:track:5eSoRa2cyxTtfpfbWV4bJu",
    "spotify:track:59XHd88H19ivW9kUWDvMQJ",
    "spotify:track:7GnI4dm48vmF3faY296UIk",
    "spotify:track:0szihfA0S1MfsKOpDfb3lZ",
    "spotify:track:6s3x9zSwfzgi1IY9iDXjYh",
    "spotify:track:7srxMzBrkEx1Ec8DnGiV5I",
    "spotify:track:6MciTwwZMkfENa1QcT8UB8",
    "spotify:track:1fwLuGwKH8qDck6MpTmr9d",
    "spotify:track:3T9od6SSQiWptOw967DW9k",
    "spotify:track:5AplLHW4HDbDhzA678PJvO",
    "spotify:track:3pGmrLUYypOZLaddEGVmJr",
    "spotify:track:1zm7QJsjKIzKMa8lhIU5m5",
    "spotify:track:14iaA4hmhxZ7TAwAdyHTgd",
    "spotify:track:1PtQJZVZIdWIYdARpZRDFO"
  ],
  "subgenres": {
    "lounge": 0.027777777777777776,
    "slowcore": 0.027777777777777776,
    "shoegaze": 0.027777777777777776,
    "free jazz": 0.027777777777777776,
    "jazz fusion": 0.027777777777777776,
    "jazz": 0.027777777777777776,
    "avant-garde": 0.05555555555555555,
    "mpb": 0.027777777777777776,
    "bossa nova": 0.027777777777777776,
    "samba": 0.027777777777777776,
    "folk rock": 0.08333333333333333,
    "darkwave": 0.027777777777777776,
    "cold wave": 0.027777777777777776,
    "post-punk": 0.027777777777777776,
    "proto-punk": 0.027777777777777776,
    "art rock": 0.08333333333333333,
    "folk": 0.05555555555555555,
    "neofolk": 0.027777777777777776,
    "indie folk": 0.027777777777777776,
    "latin indie": 0.027777777777777776,
    "latin alternative": 0.027777777777777776,
    "latin folk": 0.027777777777777776,
    "ethiopian jazz": 0.027777777777777776,
    "dream pop": 0.027777777777777776,
    "art pop": 0.08333333333333333,
    "experimental": 0.027777777777777776,
    "noise rock": 0.027777777777777776,
    "baroque pop": 0.027777777777777776
  },
  "supergenres": {
    "Easy listening": 0.03333333333333333,
    "Folk/Acoustic": 0.16666666666666666,
    "Rock": 0.3333333333333333,
    "Jazz": 0.13333333333333333,
    "Classical": 0.06666666666666667,
    "Latin": 0.1,
    "Pop": 0.16666666666666666
  }
}