{
  "user_id": "quirk_robot-2tWFZzDS89QEeKFGLoks5U-2",
  "top_tracks": [
    "spotify:track:483ngpflrHCLnkBSXsSnsb",
    "spotify:track:0DQlMTRzNfRY2wCycahewD",
    "spotify:track:1gZCi0kvlZmd5QRJ56xhG7",
    "spotify:track:0eZSteWYtxwMNWKUQdAgvK",
    "spotify:track:1wVUjggKup9hP2jd24gLSg",
    "spotify:track:0Ti2dlF2xLjXblvdU5fCxM",
    "spotify:track:1zXOibHOM0vtM9TbAqn1w2",
    "spotify:track:2nIulsLMiP2SMTDrtxfQXX",
    "spotify:track:5OSchtWXIRv9GLEUD4kERV",
    "spotify:track:55GZoDnOEe2yBczr2hNHSj",
    "spotify:track:55BYnMUhDNtRo4HLvay6hk",
    "spotify:track:2I3VoovnXODv5W8FRwv836",
    "spotify:track:26QJuQfM8PVAWkIm1JRyqq",
    "spotify:track:275a9yzwGB6ncAW4SxY7q3",
    "spotify:track:6lyKOW0FNW6aAZdKVgoM8m",
    "spotify:track:4AWERULtZeGrjngfjK7c8F",
    "spotify:track:7qmRDvFh7y1OmZIp4J2bpv",
    "spotify:track:6YnwabfodprvQbEmUkV1Bl",
    "spotify:track:54SvbpFPrwWucUVKSFRdW7",
    "spotify:track:5sG3G54H21hNfd5etlheoe",
    "spotify:track:5MrpOF0tWEQn6pDDckFUI7",
    "spotify:track:63AVqsO178i9WRYvVUL2cV",
    "spotify:track:5AbvSH0TSAR9dgXNvavHDN",
    "spotify:track:7LFj4V7izgF22CUGeDo38n",
    "spotify:track:5idmfDT06TjCQ1SPDsa5qh",
    "spotify:track:4N3mpuGDYO39LYh4XepwbO",
    "spotify:track:2aIB1CdRRG7YLBu9hNw9nR",
    "spotify:track:1rBiNR61IhvbzeKwfs3AwE",
    "spotify:track:1FOwVLLOY7naEPelVEs0Kw",
    "spotify:track:37bFHkEAi61i9bNGBANB7B",
    "spotify:track:5UHHuxxYFnuE5KBbpl4Hzu",
    "spotify:track:67rYj7BSJhALJXlvAabmyx",
    "spotify:track:3GDxQBr7aghzWH0kA0N8yk"
  ],
  "subgenres": {
    "modern rock": 0.04878048780487805,
    "punk": 0.0975609756097561,
    "hardcore punk": 0.04878048780487805,
    "emo": 0.07317073170731707,
    "skate punk": 0.04878048780487805,
    "emo pop": 0.04878048780487805,
    "r&b": 0.024390243902439025,
    "garage rock": 0.024390243902439025,
    "rock": 0.04878048780487805,
    "east coast hip hop": 0.024390243902439025,
    "southern hip hop": 0.024390243902439025,
    "rap": 0.024390243902439025,
    "rage rap": 0.024390243902439025,
    "country": 0.07317073170731707,
    "christian country": 0.024390243902439025,
    "jersey club": 0.024390243902439025,
    "metalcore": 0.04878048780487805,
    "post-hardcore": 0.04878048780487805,
    "shoegaze": 0.024390243902439025,
    "industrial metal": 0.024390243902439025,
    "industrial rock": 0.024390243902439025,
    "industrial": 0.024390243902439025,
    "metal": 0.04878048780487805,
    "nu metal": 0.024390243902439025,
    "screamo": 0.024390243902439025,
    "country rock": 0.024390243902439025
  },
  "supergenres": {
    "Rock": 0.47368421052631576,
    "Metal": 0.2894736842105263,
    "R&B": 0.02631578947368421,
    "Hip Hop": 0.10526315789473684,
    "Country": 0.07894736842105263,
    "Pop": 0.02631578947368421
  }
}