{
  "user_id": "quirk_scone-04vajMJKqrwB1O7ib4V8rt-2",
  "top_tracks": [
    "spotify:track:7mq92gCVqxaZQuzE6h9ZBp",
    "spotify:track:3JFOyRfu5kNjljJjetxWbC",
    "spotify:track:4pvb0WLRcMtbPGmtejJJ6y",
    "spotify:track:2CzXAeABCmbEB52ZziuMsH",
    "spotify:track:794IGyga5qnhlzOUimLOMw",
    "spotify:track:1lguQJjlNrIOoOylYVZN3M",
    "spotify:track:0pqu2PSOGfcV2CFqhHUBOL",
    "spotify:track:5A1sDpspNCT3Jbpzm2dxzG",
    "spotify:track:40fCroW8wu8TdmW9A7k17z",
    "spotify:track:3C3cr2JQwXIhqAHqOardVO",
    "spotify:track:4BUtvtGTRvJB49Hx2F7lle",
    "spotify:track:3RGz1UbLFkDdxgs0JFFsnD",
    "spotify:track:0eF8TYM3rYzdS26URcs4U6",
    "spotify:track:0CwYG1UnRmOx8Q1EzElCIL",
    "spotify:track:0LBz07gAdgUukYvpFyW87y",
    "spotify:track:5RkJMrhW5aU2zMuJcZUNmh",
    "spotify:track:58zsLZPvfflaiIbNWoA22O",
    "spotify:track:00Blm7zeNqgYLPtW6zg8cj",
    "spotify:track:0IYPfzjDcJ49ZCxixwRXJ2",
    "spotify:track:2t52LXtpJ6mfoUNg0cbn3w",
    "spotify:track:6mIHP19RfAUXTPdxxUqtfn",
    "spotify:track:484hOY6ixnBQsm8txPwMfE",
    "spotify:track:3fMNMAP51H7NywqzoukIRy",
    "spotify:track:4U67Lbvi3m0Psvxr5rdocv",
    "spotify:track:0jpoRHaMiyKNnCectzcXTv",
    "spotify:track:4sK96UnGx3NjBaqvfTG2dm",
    "spotify:track:3Hp8GJDsH3E7fumfAACH2k",
    "spotify:track:2La74vQJjGEbn0LdTKTGGY",
    "spotify:track:0GaM1ogQ95LcGz55a8RaB7",
    "spotify:track:464EUQ37LtYz11JIcuqBF8",
    "spotify:track:5Cevkgj9FyNRFIwY3xSCn8",
    "spotify:track:5cbpoIu3YjoOwbBDGUEp3P",
    "spotify:track:51AxhwqcWWR0j4dLwmXBBr"
  ],
  "subgenres": {
    "p-pop": 0.023809523809523808,
    "chillstep": 0.11904761904761904,
    "drum and bass": 0.09523809523809523,
    "liquid funk": 0.09523809523809523,
    "drumstep": 0.07142857142857142,
    "dubstep": 0.09523809523809523,
    "melodic bass": 0.07142857142857142,
    "future bass": 0.07142857142857142,
    "edm": 0.047619047619047616,
    "progressive trance": 0.023809523809523808,
    "soft pop": 0.023809523809523808,
    "post-grunge": 0.023809523809523808,
    "alternative metal": 0.023809523809523808,
    "rock": 0.023809523809523808,
    "acoustic rock": 0.023809523809523808,
    "pop punk": 0.07142857142857142,
    "emo": 0.023809523809523808,
    "emo pop": 0.023809523809523808,
    "musicals": 0.023809523809523808,
    "synthpop": 0.023809523809523808
  },
  "supergenres": {
    "Pop": 0.06060606060606061,
    "Electronic": 0.696969696969697,
    "Metal": 0.06060606060606061,
    "Rock": 0.18181818181818182
  }
}