{
  "user_id": "quirk_raven-2SGpyIAdOHDH8F2GIrTANe-3",
  "top_tracks": [
    "spotify:track:6kopmMZiyLmw7h66uXcXR7",
    "spotify:track:79wbJeLkXOlJh4AzaWCWfL",
    "spotify:track:1vMGIZbIkpaLSagdF2ygcV",
    "spotify:track:33NVPJcl3jcS6lsBuCqdRr",
    "spotify:track:3eSmjY0PxxTlX6UxRDKaul",
    "spotify:track:6oJ6le65B3SEqPwMRNXWjY",
    "spotify:track:59swFMbWuPBEJLnJyUGo2Q",
    "spotify:track:6UqRGwjwYL0stXbaodTxwo",
    "spotify:track:4Dvkj6JhhA12EX05fT7y2e",
    "spotify:track:3eTMWHfAxwRop0mAl1uOe5",
    "spotify:track:3Y7fpFZbHLpAvWJJYGehz0",
    "spotify:track:6W9rbkBueZQrwuzO24GHZ2",
    "spotify:track:6QhXQOpyYvbpdbyjgAqKdY",
    "spotify:track:0wEo4mwfs6tXYgCem9m9wP",
    "spotify:track:2M9ro2krNb7nr7HSprkEgo",
    "spotify:track:3JaRjTNqNKiK8bWp3Dn7KB",
    "spotify:track:6Qb7gtV6Q4MnUjSbkFcopl",
    "spotify:track:26g48sI8nJSWGtLecKZrej",
    "spotify:track:2pWleO2fCd07IBAfjDCOmf",
    "spotify:track:683b4ikwa62JevCjwrmfg6",
    "spotify:track:19Ym5Sg0YyOCa6ao21bdoG",
    "spotify:track:0FqUMEzL1NKcjzalZauz1u",
    "spotify:track:69cPOjM29imZFpOJGEW3rW",
    "spotify:track:5ieZt7wenkU5i7WjoVjcmq",
    "spotify:track:476V2d6iA2tWXgQboKmTtA",
    "spotify:track:6dGnYIeXmHdcikdzNNDMm2",
    "spotify:track:4E2rXUbcF1zhZVzNzeVPGV",
    "spotify:track:600m7rqCDlRD80E9MQtVZB",
    "spotify:track:2gs8HVC6KXOQe76XggzZH5",
    "spotify:track:3V01ETFJCMkWqCLtuciuwb",
    "spotify:track:2eF8pWbiivYsYRpbntYsnc",
    "spotify:track:3zBhihYUHBmGd2bcQIobrF",
    "spotify:track:25Hybi5CmLRpW5tnEDy6cb"
  ],
  "subgenres": {
    "tropical house": 0.05714285714285714,
    "retro soul": 0.02857142857142857,
    "folk rock": 0.08571428571428572,
    "folk": 0.08571428571428572,
    "singer-songwriter": 0.08571428571428572,
    "lounge": 0.02857142857142857,
    "neoclassical": 0.05714285714285714,
    "nu jazz": 0.05714285714285714,
    "acid jazz": 0.02857142857142857,
    "latin jazz": 0.02857142857142857,
    "jazz funk": 0.02857142857142857,
    "classic rock": 0.05714285714285714,
    "soft rock": 0.02857142857142857,
    "electro swing": 0.05714285714285714,
    "jazz blues": 0.02857142857142857,
    "trip hop": 0.02857142857142857,
    "swing music": 0.02857142857142857,
    "psychedelic rock": 0.02857142857142857,
    "motown": 0.05714285714285714,
    "soul": 0.05714285714285714,
    "soul blues": 0.02857142857142857,
    "gothic country": 0.02857142857142857
  },
  "supergenres": {
    "Electronic": 0.06451612903225806,
    "R&B": 0.16129032258064516,
    "Rock": 0.22580645161290322,
    "Folk/Acoustic": 0.1935483870967742,
    "Easy listening": 0.0967741935483871,
    "Jazz": 0.16129032258064516,
    "Blues": 0.06451612903225806,
    "Pop": 0.03225806451612903
  }
}