{
  "user_id": "quirk_scone-1gD5khdDLnM3MsRP0delei-1",
  "top_tracks": [
    "spotify:track:2malYWL8GiAyoAqvLOeSrX",
    "spotify:track:4XUXEOSn4jCL97lbLAKUCp",
    "spotify:track:2uvTqA4hY5Tsqgeu6iTTO2",
    "spotify:track:7hPLPHeKbwJrsuDHv4BCTA",
    "spotify:track:7jKx10iRMLEzxVVmtd4nlD",
    "spotify:track:7FAFkQQZFeNwOFzTrSDFIh",
    "spotify:track:5FHqmS1Cw9AoPl797CXDRn",
    "spotify:track:5voUHhC2Pgxj0UoKX9RwPg",
    "spotify:track:14WkuyHF9Kx6mZkXAuTH8Y",
    "spotify:track:4rZH3znbopFwWlUNeA01LG",
    "spotify:track:2Twb5I8kcF0saloSFtwote",
    "spotify:track:6hka6lkWeJAoPIO03c7W6f",
    "spotify:track:7Do8YU4eCsiaD3h9jlfoZd",
    "spotify:track:7L6v4BoEk6efFAC4ErAKj5",
    "spotify:track:3kOf4NR7O6pgXaVBgikw2y",
    "spotify:track:4Vt4vfcqBtOT9MT9GtWiXP",
    "spotify:track:6ihL9TjfRjadfEePzXXyVF",
    "spotify:track:29uQ5xOa48nO2gDSbs1a4Q",
    "spotify:track:73nzSeXp43EsCJnehTvCbs",
    "spotify:track:7rt7ywY9yekwaYXk2Zt4Q5",
    "spotify:track:5lDriBxJd22IhOH9zTcFrV",
    "spotify:track:7N0cqt5Yjs6KIg5H6AzkOs",
    "spotify:track:0qIxg8uFWlIsnQFmisI0A5",
    "spotify:track:5cmgYl7aSVCy2uHZKDKFaS",
    "spotify:track:3vtm0sZhFD5ihxAikTY5Io",
    "spotify:track:3Sl9f6fSRnSGqeR1KXCrUq",
    "spotify:track:5TYHzFAQp3IBeWqRIBIDjJ",
    "spotify:track:3my7cJz3T7iXwDbiWh553p",
    "spotify:track:5BkO8Wp1ssLb60S7cF35KX",
    "spotify:track:3EY1vEkydU2oguC17jzhTZ",
    "spotify:track:1EGcSmc5XMKfbiHV6MruqA",
    "spotify:track:2Rmw7J0krEU75ffhkaK93D",
    "spotify:track:2ZWXVNO7H7vFW4RyPSErqf"
  ],
  "subgenres": {
    "midwest emo": 0.08571428571428572,
    "emo": 0.11428571428571428,
    "pop punk": 0.2,
    "folk punk": 0.02857142857142857,
    "math rock": 0.05714285714285714,
    "reggae rock": 0.02857142857142857,
    "reggae": 0.02857142857142857,
    "garage rock": 0.05714285714285714,
    "surf rock": 0.05714285714285714,
    "indie punk": 0.11428571428571428,
    "emo pop": 0.05714285714285714,
    "devotional": 0.02857142857142857,
    "alternative rock": 0.02857142857142857,
    "psychedelic rock": 0.02857142857142857,
    "acid rock": 0.02857142857142857,
    "psychedelic pop": 0.02857142857142857,
    "spoken word": 0.02857142857142857
  },
  "supergenres": {
    "Rock": 0.8666666666666667,
    "Folk/Acoustic": 0.03333333333333333,
    "R&B": 0.03333333333333333,
    "Pop": 0.03333333333333333,
    "Hip Hop": 0.03333333333333333
  }
}