{
  "user_id": "sassy_cloud-40mZ7Gaf29yKaxrmhrprpN-2",
  "top_tracks": [
    "spotify:track:35iLpqqQg4KrfYAzbvN1vH",
    "spotify:track:4Uiw0Sl9yskBaC6P4DcdVD",
    "spotify:track:3uC4r2daXertBxxc8BpbbN",
    "spotify:track:5V9ri3wZCY3ChAbqxk5Pso",
    "spotify:track:3DQVgcqaP3iSMbaKsd57l5",
    "spotify:track:5sUCU4eiyf0pplIJ7OGEoc",
    "spotify:track:4ltqfN12ohaVZdM6C45gMg",
    "spotify:track:10V8XpuyMoEcSMfM79WDET",
    "spotify:track:7e8utCy2JlSB8dRHKi49xM",
    "spotify:track:1iir1dMidSGRzbPMCCEtfX",
    "spotify:track:5UWwZ5lm5PKu6eKsHAGxOk",
    "spotify:track:4GiVcDqNQI0fc0yYuRGH9m",
    "spotify:track:54UKhjVcYsny6L1cS3y6dP",
    "spotify:track:3d86YYHRKkUzc9gGbSq1MB",
    "spotify:track:3f12DhfR4Yiph6jhxBopjq",
    "spotify:track:0eyQSNrnZ7vKs1q0bQlN8O",
    "spotify:track:1rCQdw3dnvVexJwu1c7EAL",
    "spotify:track:4TPgBDOEVwywalXHFUUUQY",
    "spotify:track:7wqnjdR7SJjTGszAaUWgSI",
    "spotify:track:3cXiUuiGpFmZ8OdAWKk8Ck",
    "spotify:track:4JpazKcfOhbwqZrsYhzHee",
    "spotify:track:4bLCPfBLKlqiONo6TALTh5",
    "spotify:track:6k5l8AID6WTHsguJ6rppSI",
    "spotify:track:68DKrU7sTyDpDA5T3dsOlk",
    "spotify:track:2EEinN4Zk8MUv4OQuLsTBj",
    "spotify:track:0sll2PXvdsst1w51S2TsHN",
    "spotify:track:4RS9PmtHQe7I0o5fEeweOY",
    "spotify:track:57dem1V7wz8owejklpELCh",
    "spotify:track:3BmjRmFTESgWZLPSVGp8aG",
    "spotify:track:2rBHnIxbhkMGLpqmsNX91M",
    "spotify:track:7yVfb1QNzpuIYc5FMmvWBE",
    "spotify:track:5TOYgNohZAFEPOtnchPhZS",
    "spotify:track:1aDLUzCyYpRXgrjwUWzV2X"
  ],
  "subgenres": {
    "hardcore punk": 0.012195121951219513,
    "post-hardcore": 0.012195121951219513,
    "punk": 0.012195121951219513,
    "hardcore": 0.012195121951219513,
    "nu metal": 0.07317073170731707,
    "alternative metal": 0.07317073170731707,
    "rap metal": 0.06097560975609756,
    "shoegaze": 0.036585365853658534,
    "rock": 0.10975609756097561,
    "indie": 0.024390243902439025,
    "garage rock": 0.024390243902439025,
    "industrial metal": 0.012195121951219513,
    "industrial rock": 0.012195121951219513,
    "metal": 0.012195121951219513,
    "emo": 0.036585365853658534,
    "pop punk": 0.024390243902439025,
    "emo pop": 0.012195121951219513,
    "post-grunge": 0.04878048780487805,
    "alternative rock": 0.04878048780487805,
    "grunge": 0.036585365853658534,
    "modern rock": 0.036585365853658534,
    "psychedelic pop": 0.012195121951219513,
    "midwest emo": 0.036585365853658534,
    "indie rock": 0.012195121951219513,
    "indie punk": 0.012195121951219513,
    "math rock": 0.024390243902439025,
    "glam metal": 0.024390243902439025,
    "glam rock": 0.012195121951219513,
    "hard rock": 0.024390243902439025,
    "classic rock": 0.024390243902439025,
    "folk punk": 0.012195121951219513,
    "stoner rock": 0.012195121951219513,
    "new wave": 0.012195121951219513,
    "synthpop": 0.012195121951219513,
    "post-punk": 0.012195121951219513,
    "madchester": 0.012195121951219513,
    "rap rock": 0.012195121951219513
  },
  "supergenres": {
    "Metal": 0.34177215189873417,
    "Rock": 0.620253164556962,
    "Pop": 0.02531645569620253,
    "Folk/Acoustic": 0.012658227848101266
  }
}