{
  "user_id": "silly_scone-1dXdZ3T4fMsiuv3nvWREOi-3",
  "top_tracks": [
    "spotify:track:2GNj9KRwpxBWgEiPQc3jEj",
    "spotify:track:0L3RnOmyfM0MrrzNbmWZ25",
    "spotify:track:0mKnuxVkPi5h0kuvZl44VM",
    "spotify:track:4jyTj9zkWix1Csl79uizh0",
    "spotify:track:2FlgMbZedLFq7PoYjB9rqZ",
    "spotify:track:14lQ5h3VQjO2FqaSKPBr1b",
    "spotify:track:1y3CG6thNhG1ndaNW0JuEp",
    "spotify:track:5L95vS64rG1YMIFm1hLjyZ",
    "spotify:track:1gPeJMO7Az6ZtzHiaKUTWb",
    "spotify:track:720DXnPFSZgboGcNcovsPP",
    "spotify:track:3MwHZDGwAR8RjZZBriBqmx",
    "spotify:track:2Kpm9tFxblFm2nquieRdnZ",
    "spotify:track:2U15ix0JMkQY8EsxneUfyL",
    "spotify:track:0uRrG2jRR5tuifsYIJHEao",
    "spotify:track:4nZi6XNe36Ut4Nij3IQ1yC",
    "spotify:track:51yjH6e35yHWJhPo9YPGD3",
    "spotify:track:6pTDPaMcN5KSYD8hJ1uWId",
    "spotify:track:2v1L7Mf7mhgBzpAEcGSdfL",
    "spotify:track:2xQJwReGvxioWM9jeehAEh",
    "spotify:track:0OWhKvvsHptt6vnnNUSM9a",
    "spotify:track:4IU1RL4BKvFyXtbTwaHAvW",
    "spotify:track:4ZRpvZFwUnUCgkz0uiOzgo",
    "spotify:track:4FUDWkguOUVpLRAVn5C20z",
    "spotify:track:3EvZ03hGAFwGZ2Ebcu86YH",
    "spotify:track:16yqV3N7JTMVrHEmvsU8sy",
    "spotify:track:2jdAk8ATWIL3dwT47XpRfu",
    "spotify:track:1Lo0QY9cvc8sUB2vnIOxDT",
    "spotify:track:0Z57YWES04xGh3AImDz6Qr",
    "spotify:track:1fDFHXcykq4iw8Gg7s5hG9",
    "spotify:track:7kUtL133QLx9R80ehfVOUs",
    "spotify:track:7sgNQ34g23PpgpfAAuxMPy",
    "spotify:track:2aku9CbppMvVCbuDe4scTB",
    "spotify:track:51KKQAgYFoJHgVIuJWHdHb"
  ],
  "subgenres": {
    "indie rock": 0.02857142857142857,
    "country": 0.2,
    "red dirt": 0.11428571428571428,
    "alt country": 0.05714285714285714,
    "texas country": 0.02857142857142857,
    "bluegrass": 0.05714285714285714,
    "jazz house": 0.02857142857142857,
    "lo-fi house": 0.02857142857142857,
    "indie jazz": 0.02857142857142857,
    "classic rock": 0.02857142857142857,
    "soft rock": 0.05714285714285714,
    "retro soul": 0.05714285714285714,
    "rock": 0.02857142857142857,
    "folk rock": 0.02857142857142857,
    "singer-songwriter": 0.05714285714285714,
    "chamber pop": 0.02857142857142857,
    "indie folk": 0.02857142857142857,
    "folk": 0.05714285714285714,
    "newgrass": 0.02857142857142857,
    "americana": 0.02857142857142857
  },
  "supergenres": {
    "Rock": 0.1875,
    "Country": 0.46875,
    "Electronic": 0.0625,
    "Jazz": 0.03125,
    "R&B": 0.0625,
    "Folk/Acoustic": 0.15625,
    "Pop": 0.03125
  }
}