{
  "user_id": "silly_panda-6ChSRuGzWIczjZrp90BQzz-1",
  "top_tracks": [
    "spotify:track:13xVnZKZDEGbmXkzBFpJDD",
    "spotify:track:0HEytGQM3bG1vKxER7IgVK",
    "spotify:track:22VHOlVYBqytsrAqV8yXBK",
    "spotify:track:2bsC6KLZ6a9v6zdoDkziBL",
    "spotify:track:02VBYrHfVwfEWXk5DXyf0T",
    "spotify:track:4KW1lqgSr8TKrvBII0Brf8",
    "spotify:track:0qOnSQQF0yzuPWsXrQ9paz",
    "spotify:track:3SAga35lAPYdjj3qyfEsCF",
    "spotify:track:6Z8R6UsFuGXGtiIxiD8ISb",
    "spotify:track:2Dct3GykKZ58hpWRFfe2Qd",
    "spotify:track:2MLHyLy5z5l5YRp7momlgw",
    "spotify:track:5n0CTysih20NYdT2S0Wpe8",
    "spotify:track:3uC4r2daXertBxxc8BpbbN",
    "spotify:track:57Xjny5yNzAcsxnusKmAfA",
    "spotify:track:474uVhyGgK5MtY9gMcDgGl",
    "spotify:track:6BU1RZexmvJcBjgagVVt3M",
    "spotify:track:6Ec5LeRzkisa5KJtwLfOoW",
    "spotify:track:5PbdVk09VHHcvGa0pX86RP",
    "spotify:track:2tgQaL85WoRfgEa4hFQgrE",
    "spotify:track:4k6Uh1HXdhtusDW5y8Gbvy",
    "spotify:track:4pCbJC43j3gSqG6Fen6upD",
    "spotify:track:6RtPijgfPKROxEzTHNRiDp",
    "spotify:track:1yjY7rpaAQvKwpdUliHx0d",
    "spotify:track:1LAlLBTGBUO0MDA8IbSysd",
    "spotify:track:5hVghJ4KaYES3BFUATCYn0",
    "spotify:track:2cnKST6T9qUo2i907lm8zX",
    "spotify:track:7yNf9YjeO5JXUE3JEBgnYc",
    "spotify:track:5ruzrDWcT0vuJIOMW7gMnW",
    "spotify:track:5VSCgNlSmTV2Yq5lB40Eaw",
    "spotify:track:0am001WwFBVGDGLwRh3ixi",
    "spotify:track:2tznHmp70DxMyr2XhWLOW0",
    "spotify:track:2OSfEYKhlSsLx6vn4O75RK",
    "spotify:track:0pR5vcd51X9wyACCiolHNR"
  ],
  "subgenres": {
    "country": 0.12903225806451613,
    "red dirt": 0.12903225806451613,
    "rap": 0.06451612903225806,
    "alternative rock": 0.0967741935483871,
    "modern rock": 0.06451612903225806,
    "garage rock": 0.06451612903225806,
    "indie rock": 0.06451612903225806,
    "hip hop": 0.03225806451612903,
    "west coast hip hop": 0.03225806451612903,
    "folk pop": 0.03225806451612903,
    "indie folk": 0.03225806451612903,
    "alt country": 0.03225806451612903,
    "texas country": 0.03225806451612903,
    "bluegrass": 0.03225806451612903,
    "pop punk": 0.03225806451612903,
    "emo": 0.03225806451612903,
    "emo pop": 0.03225806451612903,
    "motown": 0.03225806451612903,
    "christmas": 0.03225806451612903
  },
  "supergenres": {
    "Country": 0.38461538461538464,
    "Hip Hop": 0.11538461538461539,
    "Rock": 0.4230769230769231,
    "Folk/Acoustic": 0.038461538461538464,
    "R&B": 0.038461538461538464
  }
}