{
  "user_id": "silly_lemon-3GV9R1UznADcHpNolaGAAL-3",
  "top_tracks": [
    "spotify:track:6FWTd1QMVU0Pe1U628AQiV",
    "spotify:track:23uzHs9how4gW1rn7knLqX",
    "spotify:track:281Ohr3epWom0NgYyTXshi",
    "spotify:track:57BlL9l7O9JmUcD4cFnCH8",
    "spotify:track:1P7hMSbpJOQy58eC78qx7s",
    "spotify:track:2WOuLxGqZmLH0lcx2a0czd",
    "spotify:track:5euPL0sC2732ydONgol6zR",
    "spotify:track:0knsBJ21cqAbgjdr2i0R9b",
    "spotify:track:3cgUo5TYCbseNEk5ueXJ5s",
    "spotify:track:2Lss5tezmIkgZA3GFfptI2",
    "spotify:track:02YBdthu3iJVFRBaXVxFO4",
    "spotify:track:7r2cCbhAbGUE4Izor1ZnlZ",
    "spotify:track:5ZUIPLoTLJZrPQh2kFZEUM",
    "spotify:track:5B8VpcIC3EAI3wke3XQoRy",
    "spotify:track:5JCbXW8JhgJsVnkB8m7GCW",
    "spotify:track:7DdXf9x75iEVCHWfoRwRuR",
    "spotify:track:6pooRNiLyYpxZeIA5kJ5EX",
    "spotify:track:4MQXkF0FjdlqEHy73IZfoO",
    "spotify:track:5OYUtKjALXnNjXRwTVStCK",
    "spotify:track:07MDkzWARZaLEdKxo6yArG",
    "spotify:track:0d1ujEcFwTqA4kWliTSJim",
    "spotify:track:3LG6ksCmIN1bFsmUQmouWJ",
    "spotify:track:4c1TXKNAh4yb5cb0zE3x1X",
    "spotify:track:2QjOHCTQ1Jl3zawyYOpxh6",
    "spotify:track:0cgy8EueqwMuYzOZrW5vPB",
    "spotify:track:7CpbhqKUedOIrcvc94p60Y",
    "spotify:track:3Ukt7NkeA9noJ8b0vU8sNO",
    "spotify:track:3dLAuJrWEQQaXyh12BeQG5",
    "spotify:track:5QZmUKPG3uPU0hwJuHwfGD",
    "spotify:track:3335KpgBYhfxNPAZmkNist",
    "spotify:track:57RA3JGafJm5zRtKJiKPIm",
    "spotify:track:7oJPmo2YL566okOf1RQcCp",
    "spotify:track:0o2Jngx6YVivDjE6RqqFlF"
  ],
  "subgenres": {
    "drum and bass": 0.02631578947368421,
    "edm": 0.07894736842105263,
    "big room": 0.07894736842105263,
    "electronica": 0.05263157894736842,
    "hardstyle": 0.02631578947368421,
    "nightcore": 0.02631578947368421,
    "slap house": 0.10526315789473684,
    "future house": 0.05263157894736842,
    "hypertechno": 0.05263157894736842,
    "afro house": 0.02631578947368421,
    "indie": 0.05263157894736842,
    "indie rock": 0.02631578947368421,
    "melodic bass": 0.02631578947368421,
    "future bass": 0.05263157894736842,
    "electro swing": 0.02631578947368421,
    "techno": 0.02631578947368421,
    "melbourne bounce": 0.02631578947368421,
    "meme rap": 0.02631578947368421,
    "nu metal": 0.02631578947368421,
    "alternative metal": 0.02631578947368421,
    "rap metal": 0.02631578947368421,
    "metal": 0.02631578947368421,
    "house": 0.02631578947368421,
    "tech house": 0.02631578947368421,
    "stutter house": 0.02631578947368421,
    "drumstep": 0.02631578947368421
  },
  "supergenres": {
    "Electronic": 0.7352941176470589,
    "Pop": 0.029411764705882353,
    "Rock": 0.029411764705882353,
    "Easy listening": 0.029411764705882353,
    "Hip Hop": 0.058823529411764705,
    "Metal": 0.11764705882352941
  }
}