{
  "user_id": "sleek_candy-31X0F4EGRT2FpBx990MGiJ-3",
  "top_tracks": [
    "spotify:track:4QMgEffJQuKtjCNvqfRZ0m",
    "spotify:track:5RmOHOEZxoMryrW3WiE9Jg",
    "spotify:track:7mFhyM0k5ZKG8jxcwmPVYl",
    "spotify:track:6QnfsyzifAJJrNHYTO6j9J",
    "spotify:track:7uGYWMwRy24dm7RUDDhUlD",
    "spotify:track:0ToG55iJZCOzZkcpWbXxpW",
    "spotify:track:0CySZwyRJ0vyUqtSjM9i2k",
    "spotify:track:2Y8BloifAHEn6GproQgPs7",
    "spotify:track:3zMDGj4D8ogaYgAIZPeU7S",
    "spotify:track:4FEr6dIdH6EqLKR0jB560J",
    "spotify:track:5xo8RrjJ9CVNrtRg2S3B1R",
    "spotify:track:4vTkieCtQPP9sFo4qVXdcP",
    "spotify:track:47wtXjG0Sk6DI6cjkRBcEg",
    "spotify:track:6NunWZuZ6g9KipJ9Q5Vck7",
    "spotify:track:6dXtpfUR2xV0gnjp9nGkRX",
    "spotify:track:3IX0yuEVvDbnqUwMBB3ouC",
    "spotify:track:46tfxn5lP7Qsbz7NHsj9iu",
    "spotify:track:5vbnQr1tWSSREmcIONIUm9",
    "spotify:track:1a9dUxIQ2ehPH3992H9uPe",
    "spotify:track:6HZILIRieu8S0iqY8kIKhj",
    "spotify:track:5Bedn0svl0ZD7RGmJkmKKw",
    "spotify:track:6WEXy56jM0Nl3bZHY9l7aH",
    "spotify:track:5eQAybRCE1L1YgPgu6n6UG",
    "spotify:track:4Pn4LRRzZyfCjVBvtshAbM",
    "spotify:track:1EryAkZ0VHstC6haIxVBiE",
    "spotify:track:256nKlwQdp2GE6DYGvTDoG",
    "spotify:track:2Kj95VOpBEJzBFNzwirZwU",
    "spotify:track:0xzBmAsCfu3AzX1W0GYtMJ",
    "spotify:track:26QLJMK8G0M06sk7h7Fkse",
    "spotify:track:5meVa5klVlJalupZTvv5XX",
    "spotify:track:741UUVE2kuITl0c6zuqqbO",
    "spotify:track:2EMniKj6ybqN7ASJ2h5WU4",
    "spotify:track:0wFarTaQ43vjM0HBd0TZ9W"
  ],
  "subgenres": {
    "indie": 0.09090909090909091,
    "hyperpop": 0.09090909090909091,
    "art pop": 0.09090909090909091,
    "classic rock": 0.045454545454545456,
    "soft rock": 0.045454545454545456,
    "nu metal": 0.09090909090909091,
    "alternative metal": 0.09090909090909091,
    "rap metal": 0.09090909090909091,
    "shoegaze": 0.09090909090909091,
    "rock": 0.09090909090909091,
    "art rock": 0.045454545454545456,
    "alternative rock": 0.045454545454545456,
    "hip hop": 0.045454545454545456,
    "west coast hip hop": 0.045454545454545456
  },
  "supergenres": {
    "Pop": 0.21052631578947367,
    "Rock": 0.42105263157894735,
    "Metal": 0.3157894736842105,
    "Hip Hop": 0.05263157894736842
  }
}