{
  "user_id": "spicy_berry-5V7El0owiHagVgsE0Bhle1-1",
  "top_tracks": [
    "spotify:track:7ovB5FvDwq1g7AG9ICYaNY",
    "spotify:track:4zDhFZz6XsyUGFNduYb2nR",
    "spotify:track:7aRCf5cLOFN1U7kvtChY1G",
    "spotify:track:1nLnpLXvl68RZCSjfkyiaa",
    "spotify:track:2DvOwcQd7RB5IV7MdlwpvN",
    "spotify:track:69uZ3bW56CXB3yK01LvJtX",
    "spotify:track:2otVC3BB5KkJNNySWdsDlj",
    "spotify:track:1ZLtE9tSJdaUiIJ9YoKHQe",
    "spotify:track:2kYevr8cbIAH2ha8210Bnz",
    "spotify:track:1h73U7tmZkUCg2lUh5IGeA",
    "spotify:track:1v4m9GLt7lpFM5iOvwQZrU",
    "spotify:track:1Bv3h7Vc4AaYA2BcSM3rVd",
    "spotify:track:5IZXB5IKAD2qlvTPJYDCFB",
    "spotify:track:2QxYsn2ygOrfJ70JItrlCO",
    "spotify:track:2Yt4SXIgmoaPZHGdRafp4P",
    "spotify:track:6Rmsz10sTBhP3tlmIPZ3Bs",
    "spotify:track:1V6ydFPrLHFsBvw1wv3NQN",
    "spotify:track:3w0w2T288dec0mgeZZqoNN",
    "spotify:track:6zKF4293k44ItKWJJgrhXv",
    "spotify:track:3xxjOdeAwsrzwUY0njaiNS",
    "spotify:track:6rJKRar5Jf3Ec2FIhiog7Y",
    "spotify:track:3oZ6dlSfCE9gZ55MGPJctc",
    "spotify:track:3OxL6MuctgZp1e0zxoAZhH",
    "spotify:track:4kWO6O1BUXcZmaxitpVUwp",
    "spotify:track:59ctAKO1FjmolusX5705cQ",
    "spotify:track:2PsbT927UanvyH9VprlNOu",
    "spotify:track:0Ae4YMelaM5V6uWa5HNyKw",
    "spotify:track:1qzlwbV6SwHYOR3mhu6ZEd",
    "spotify:track:3a8NTuwOT8NcIS3FpsLhY1",
    "spotify:track:73zawW1ttszLRgT9By826D",
    "spotify:track:4wVOKKEHUJxHCFFNUWDn0B",
    "spotify:track:48r3rRjrXeY1opTEFjDv18",
    "spotify:track:6ZS9pyIn9mJkQeg6RFdlkR"
  ],
  "subgenres": {
    "rage rap": 0.023255813953488372,
    "emo": 0.09302325581395349,
    "post-hardcore": 0.046511627906976744,
    "screamo": 0.023255813953488372,
    "emo pop": 0.09302325581395349,
    "rap": 0.06976744186046512,
    "hip hop": 0.046511627906976744,
    "punk": 0.046511627906976744,
    "pop punk": 0.09302325581395349,
    "country": 0.18604651162790697,
    "melodic hardcore": 0.023255813953488372,
    "metalcore": 0.023255813953488372,
    "metal": 0.023255813953488372,
    "red dirt": 0.023255813953488372,
    "rock": 0.023255813953488372,
    "skate punk": 0.023255813953488372,
    "edm": 0.023255813953488372,
    "trance": 0.023255813953488372,
    "big room": 0.023255813953488372,
    "house": 0.023255813953488372,
    "dance": 0.023255813953488372,
    "boom bap": 0.023255813953488372
  },
  "supergenres": {
    "Hip Hop": 0.1794871794871795,
    "Rock": 0.3333333333333333,
    "Metal": 0.1282051282051282,
    "Country": 0.23076923076923078,
    "Electronic": 0.1282051282051282
  }
}