{
  "user_id": "spicy_pearl-2wb0rMjJ5hutwTYJI8X4X1-1",
  "top_tracks": [
    "spotify:track:6UkMcAA19lTdjs22jtB7o2",
    "spotify:track:6ihL9TjfRjadfEePzXXyVF",
    "spotify:track:5p3nvmoaAY03qGmBQApn0w",
    "spotify:track:0odIT9B9BvOCnXfS0e4lB5",
    "spotify:track:7o9uu2GDtVDr9nsR7ZRN73",
    "spotify:track:6mFkJmJqdDVQ1REhVfGgd1",
    "spotify:track:2lE7oRoKssULAtbWViL385",
    "spotify:track:1qzHqfvKrZWo6dVHM1dXrj",
    "spotify:track:27hhIs2fp6w06N5zx4Eaa5",
    "spotify:track:5nJ96pOx3kXvmISLO7xKIb",
    "spotify:track:6BD1X1PeV5UzYUdiVaD2yL",
    "spotify:track:7zkLpY72g6lKQbiHDqri1S",
    "spotify:track:13lZDbwonGhOflQLQIfdtZ",
    "spotify:track:7jVBSPLSbL1jKVBDMXlRCx",
    "spotify:track:1TfqLAPs4K3s2rJMoCokcS",
    "spotify:track:2CdS3DRqWR5LAhy4hM5X9W",
    "spotify:track:562JrM9b7jiu8LgzV62x3o",
    "spotify:track:7jIAttgQTpLDoNtykIQXjH",
    "spotify:track:1HL3yEnYq8LEyFQ3QegA5V",
    "spotify:track:3i6qNxyVgIdUZTTi5m25EM",
    "spotify:track:26QKxvjlCo2fSd3T4c8Zpb",
    "spotify:track:1YGZyfvdgZxzipWoWYVKxi",
    "spotify:track:5lN1EH25gdiqT1SFALMAq1",
    "spotify:track:3AydAydLzyyZutA0375XIz",
    "spotify:track:7ol4EBFZnZoxHAuUdJ6FRp",
    "spotify:track:2eDdFHgqNJltzlvlZFVDWd",
    "spotify:track:7y7aSSTiQfO0Ace4F7yxzE",
    "spotify:track:61dYvvfIRtIDFuqZypPAta",
    "spotify:track:7F02x6EKYIQV3VcTaTm7oN",
    "spotify:track:6QgjcU0zLnzq5OrUoSZ3OK",
    "spotify:track:5ihS6UUlyQAfmp48eSkxuQ",
    "spotify:track:0qRR9d89hIS0MHRkQ0ejxX",
    "spotify:track:2fKdsBazcOLLIzDiZUQCih"
  ],
  "subgenres": {
    "folk": 0.03773584905660377,
    "singer-songwriter": 0.05660377358490566,
    "folk rock": 0.07547169811320754,
    "pop punk": 0.018867924528301886,
    "emo": 0.018867924528301886,
    "emo pop": 0.018867924528301886,
    "progressive rock": 0.03773584905660377,
    "psychedelic rock": 0.03773584905660377,
    "classic rock": 0.11320754716981132,
    "symphonic rock": 0.03773584905660377,
    "art rock": 0.03773584905660377,
    "rock": 0.09433962264150944,
    "garage rock": 0.03773584905660377,
    "blues rock": 0.03773584905660377,
    "alternative rock": 0.018867924528301886,
    "motown": 0.018867924528301886,
    "soul": 0.018867924528301886,
    "new wave": 0.018867924528301886,
    "synthpop": 0.018867924528301886,
    "madchester": 0.018867924528301886,
    "britpop": 0.018867924528301886,
    "folk punk": 0.018867924528301886,
    "roots rock": 0.018867924528301886,
    "modern blues": 0.018867924528301886,
    "indie": 0.018867924528301886,
    "baroque pop": 0.018867924528301886,
    "hard rock": 0.018867924528301886,
    "rock and roll": 0.018867924528301886,
    "classical": 0.018867924528301886,
    "classical piano": 0.018867924528301886,
    "soft rock": 0.03773584905660377
  },
  "supergenres": {
    "Folk/Acoustic": 0.12,
    "Rock": 0.72,
    "R&B": 0.04,
    "Pop": 0.06,
    "Blues": 0.02,
    "Classical": 0.04
  }
}