{
  "user_id": "stark_ninja-3GV9R1UznADcHpNolaGAAL-2",
  "top_tracks": [
    "spotify:track:6zBeSrzoc8T9wsNYEmfxAX",
    "spotify:track:3bjM6KcvV1MwkAm7DJQb9O",
    "spotify:track:0qNBsLfH0qIc8lE4anowNS",
    "spotify:track:2jM92L8MiL32TKtx0p5bHU",
    "spotify:track:1iRYxEmqvvRHA0CoBPny8b",
    "spotify:track:2GxrNKugF82CnoRFbQfzPf",
    "spotify:track:41f0NEYvnCWC8rW0TeQmEy",
    "spotify:track:1ktSui7aiz9XceMdTDeCUF",
    "spotify:track:6AH6XwnOtuFs4q9BHqk2L1",
    "spotify:track:09CnYHiZ5jGT1wr1TXJ9Zt",
    "spotify:track:52wtsCSN7bHavf5HXEJFbr",
    "spotify:track:6XuH09i1ICYTCf1M2cJ7iS",
    "spotify:track:2NKLeHNNgAd8YE5guUPdL0",
    "spotify:track:6FxRH7N7Q86i6aixaSYYzx",
    "spotify:track:4QGOvsoKtZFt1OV3F8WE2u",
    "spotify:track:6pA8lcVQSKmMCpbzvfo9gJ",
    "spotify:track:3qnDirWYInwzIJC76AQdV4",
    "spotify:track:4IwjJFCfvvfGegtGbaZmnO",
    "spotify:track:4uUG5RXrOk84mYEfFvj3cK",
    "spotify:track:0oWN1xuaWUrx8QGiYqxAs9",
    "spotify:track:31SAy41C5sChbYNKanO9Qm",
    "spotify:track:0lxYdKk0ZFgIYNuugvSh4h",
    "spotify:track:2NZABaUZUleW2mIuDlh5ZA",
    "spotify:track:10H3CR9qhY2DncyWqxcDNK",
    "spotify:track:21Pkk76qnEgB5d0iDot4Dk",
    "spotify:track:6XspgLkSEaCtP4Kq7wzsPl",
    "spotify:track:7A1eqPiX6pS3g1nJ8M49UT",
    "spotify:track:4pBuhoBxgwBpkkOhfT6p6N",
    "spotify:track:0ANkt7hXhZb7rdCr9UavOb",
    "spotify:track:1bFgMkoazsyZGSflpCzYm6",
    "spotify:track:4h9wh7iOZ0GGn8QVp4RAOB",
    "spotify:track:7jY6W92bLfnXnevTa7JKHi",
    "spotify:track:1NP6kr9OodW9t4M8oHpILz"
  ],
  "subgenres": {
    "hypertechno": 0.08108108108108109,
    "drift phonk": 0.02702702702702703,
    "electro corridos": 0.02702702702702703,
    "nightcore": 0.02702702702702703,
    "slap house": 0.13513513513513514,
    "big room": 0.05405405405405406,
    "electronica": 0.02702702702702703,
    "edm": 0.10810810810810811,
    "electro": 0.02702702702702703,
    "future house": 0.05405405405405406,
    "electro house": 0.02702702702702703,
    "tropical house": 0.02702702702702703,
    "epadunk": 0.02702702702702703,
    "norwegian pop": 0.02702702702702703,
    "dance": 0.05405405405405406,
    "melodic bass": 0.02702702702702703,
    "future bass": 0.02702702702702703,
    "italo dance": 0.02702702702702703,
    "reggaeton": 0.02702702702702703,
    "trap latino": 0.02702702702702703,
    "soft pop": 0.02702702702702703,
    "nerdcore": 0.02702702702702703,
    "anime rap": 0.02702702702702703,
    "anime": 0.02702702702702703,
    "meme rap": 0.02702702702702703
  },
  "supergenres": {
    "Electronic": 0.696969696969697,
    "Pop": 0.12121212121212122,
    "Hip Hop": 0.12121212121212122,
    "Latin": 0.06060606060606061
  }
}