{
  "user_id": "stark_scone-4vhKJUznLeYjQP0jbt13Qm-1",
  "top_tracks": [
    "spotify:track:697zIbTO0LMhupzGblYREm",
    "spotify:track:1kPBT8S2wJFNAyBMnGVZgL",
    "spotify:track:5aDZOMeCa6VuKJSENFsuGx",
    "spotify:track:4mQtXW0vrHC3oTkA1mQsb0",
    "spotify:track:7yNf9YjeO5JXUE3JEBgnYc",
    "spotify:track:4riDfclV7kPDT9D58FpmHd",
    "spotify:track:67eqrRkxp2ED26CEqvqbDv",
    "spotify:track:3QKJELWORZZ7rUZDWeMWSA",
    "spotify:track:3bMc9oRaUWnojCrYTUXXcQ",
    "spotify:track:3NOIkyNWG0fEjkPkq9HVMW",
    "spotify:track:2xNruEPnV3JHJ9qvHvcEF3",
    "spotify:track:4vHNeBWDQpVCmGbaccrRzi",
    "spotify:track:5VdaMUzoQetwxQwtWAd022",
    "spotify:track:1lLQtlPli8kTLJsTrcnRuQ",
    "spotify:track:4kVxStqN7DeoZje5aidAn3",
    "spotify:track:5nU7dvOfzYs9QVVL7YVNPE",
    "spotify:track:3sbyypQ0P1FabngXwYXeEr",
    "spotify:track:0eEXcw3JLVXcRxYrVYMy68",
    "spotify:track:58MeeOMk6PMQxXWY9YCNPD",
    "spotify:track:47bXIv24jthL4vzZy3j7CY",
    "spotify:track:4RYwE31p4KflK1h7J7m1Yt",
    "spotify:track:4vju55Ag7apDL2CfotuE7Q",
    "spotify:track:43sdRsmJFcSnlTWTVRhYtz",
    "spotify:track:3c06k9x6MHHdPQi3ix68yF",
    "spotify:track:3qebSLgUwaEqbwCM5sj5Kh",
    "spotify:track:0rVJ6v23RQozOIvr1YotJP",
    "spotify:track:3Vjs8rYTSSANOi0MGIqmSc",
    "spotify:track:1mFrjW8e8fuAOowlU3Q3Dr",
    "spotify:track:4j4pPKE3xAblPIbhxScC1j",
    "spotify:track:7j02rdE5RVtNcNMuLGY5SS",
    "spotify:track:6NF8MZ2trxckVBr82pyyPt",
    "spotify:track:3c2kMiSB86tVq1J4oULmvL",
    "spotify:track:1qjrYozGqc7upUgfN776lZ"
  ],
  "subgenres": {
    "east coast hip hop": 0.04285714285714286,
    "soul": 0.014285714285714285,
    "jazz blues": 0.02857142857142857,
    "soul blues": 0.014285714285714285,
    "blues": 0.05714285714285714,
    "vocal jazz": 0.02857142857142857,
    "experimental hip hop": 0.05714285714285714,
    "alternative hip hop": 0.05714285714285714,
    "folk rock": 0.04285714285714286,
    "singer-songwriter": 0.014285714285714285,
    "jazz rap": 0.05714285714285714,
    "boom bap": 0.014285714285714285,
    "bossa nova": 0.02857142857142857,
    "brazilian jazz": 0.02857142857142857,
    "latin jazz": 0.02857142857142857,
    "adult standards": 0.014285714285714285,
    "jazz fusion": 0.014285714285714285,
    "city pop": 0.014285714285714285,
    "jazz funk": 0.014285714285714285,
    "blues rock": 0.08571428571428572,
    "classic rock": 0.04285714285714286,
    "bedroom pop": 0.014285714285714285,
    "indie": 0.014285714285714285,
    "classic blues": 0.02857142857142857,
    "jazz": 0.02857142857142857,
    "cool jazz": 0.02857142857142857,
    "hip hop": 0.014285714285714285,
    "psychedelic rock": 0.04285714285714286,
    "acid rock": 0.04285714285714286,
    "northern soul": 0.014285714285714285,
    "roots rock": 0.014285714285714285,
    "garage rock": 0.014285714285714285,
    "hard bop": 0.014285714285714285,
    "bebop": 0.014285714285714285,
    "soft rock": 0.014285714285714285
  },
  "supergenres": {
    "Hip Hop": 0.2537313432835821,
    "R&B": 0.029850746268656716,
    "Blues": 0.1044776119402985,
    "Jazz": 0.23880597014925373,
    "Rock": 0.31343283582089554,
    "Folk/Acoustic": 0.014925373134328358,
    "Easy listening": 0.014925373134328358,
    "Pop": 0.029850746268656716
  }
}