{
  "user_id": "sunny_robot-2tWFZzDS89QEeKFGLoks5U-3",
  "top_tracks": [
    "spotify:track:3Hns0fETEXY84fGjboAbT7",
    "spotify:track:5tyhVPKeBmtmV99guZwHzr",
    "spotify:track:1QOcmrUt6osC6CZ2Fibr06",
    "spotify:track:4qx1YtrtGyG4sRrYx6PgKR",
    "spotify:track:0HFrCOmhCYXlv4NdEwRAuj",
    "spotify:track:60JMC8jYnJjSxBaUR8gTqc",
    "spotify:track:3YeBXUEWIjCtcsv0tULpz8",
    "spotify:track:5maiP9UMnTSgoxPX8X3bdz",
    "spotify:track:3bqRhx2EMGZCqftZm5CjKY",
    "spotify:track:5XnwT2VYXoDz0ahj4XrsWl",
    "spotify:track:5zQWRzNLzPXGK9wRAysHV7",
    "spotify:track:6qMXubogFdMrvVMJwqATzd",
    "spotify:track:3VwkSBd7WpLu7JNuH0VufN",
    "spotify:track:3R9j8urSPiBbapNbyuSYkE",
    "spotify:track:3TlIt0ReIxPsVZcOEivT5U",
    "spotify:track:1ZJevzwhAH7YHB6AFmoIqG",
    "spotify:track:7stpbtJzoBx1D38egFeT29",
    "spotify:track:722NAIXkI6WRNvu9O7JkdH",
    "spotify:track:7505qe0xzCuDPaILCURnOC",
    "spotify:track:3OePAyHePd68TTKmy2hjq0",
    "spotify:track:6uEvFCaOqXyEidoO8BZbyh",
    "spotify:track:4u4Qa4djX2oubvL1ObDKjg",
    "spotify:track:2FQrifJ1N335Ljm3TjTVVf",
    "spotify:track:1Hbt85xcqJz5QmZOxCfCSS",
    "spotify:track:35u6OtruMBLZYAouGUzRSH",
    "spotify:track:6GCsFtfTR4R9Y0ECkFJhNr",
    "spotify:track:6ZxrUCaynLgKSUudACOTwj",
    "spotify:track:2J9jt3JJXCt6SR7MxLcME7",
    "spotify:track:1ymWIr4E5x6xORlDO0bXlP",
    "spotify:track:4f74h9bcuHOroCaVsKIr4F",
    "spotify:track:74zUPQTB6HMnfS1cagJnd8",
    "spotify:track:42VsgItocQwOQC3XWZ8JNA",
    "spotify:track:4wR74Ckzbw2pjd5We9Oqvb"
  ],
  "subgenres": {
    "country": 0.024390243902439025,
    "blues rock": 0.04878048780487805,
    "roots rock": 0.024390243902439025,
    "gothic country": 0.04878048780487805,
    "modern blues": 0.024390243902439025,
    "country rock": 0.04878048780487805,
    "southern rock": 0.04878048780487805,
    "southern hip hop": 0.04878048780487805,
    "post-grunge": 0.04878048780487805,
    "rock": 0.024390243902439025,
    "r&b": 0.024390243902439025,
    "comedy": 0.024390243902439025,
    "uk drill": 0.024390243902439025,
    "west coast hip hop": 0.024390243902439025,
    "rage rap": 0.024390243902439025,
    "crunk": 0.024390243902439025,
    "rap": 0.0975609756097561,
    "gangster rap": 0.024390243902439025,
    "industrial metal": 0.024390243902439025,
    "metal": 0.024390243902439025,
    "industrial rock": 0.024390243902439025,
    "industrial": 0.024390243902439025,
    "phonk": 0.024390243902439025,
    "drift phonk": 0.024390243902439025,
    "dark trap": 0.024390243902439025,
    "classic rock": 0.024390243902439025,
    "soft rock": 0.024390243902439025,
    "hip hop": 0.04878048780487805,
    "punk": 0.024390243902439025,
    "hardcore punk": 0.024390243902439025,
    "shoegaze": 0.024390243902439025
  },
  "supergenres": {
    "Country": 0.05263157894736842,
    "Rock": 0.3684210526315789,
    "Blues": 0.02631578947368421,
    "Hip Hop": 0.34210526315789475,
    "Metal": 0.13157894736842105,
    "R&B": 0.02631578947368421,
    "Pop": 0.02631578947368421,
    "Electronic": 0.02631578947368421
  }
}