{
  "user_id": "sunny_flame-5xAVMC8aLqRHR4PC6nsuQS-2",
  "top_tracks": [
    "spotify:track:6NhS5LwYbJ6xD7BGvlWRJO",
    "spotify:track:1wJRveJZLSb1rjhnUHQiv6",
    "spotify:track:65OVbaJR5O1RmwOQx0875b",
    "spotify:track:1jLRap9S6KxWpzlxBqYh17",
    "spotify:track:2biS8VwDKdSnu2KteFRIuI",
    "spotify:track:68Dni7IE4VyPkTOH9mRWHr",
    "spotify:track:0G21yYKMZoHa30cYVi1iA8",
    "spotify:track:6iaSML1PIYq936g62BDtBq",
    "spotify:track:2BcMwX1MPV6ZHP4tUT9uq6",
    "spotify:track:2P0Si3pfikrrkpLLnrXaLR",
    "spotify:track:2mEAWmVDub6PSF8pZXInrS",
    "spotify:track:4rcHWl68ai6KvpXlc8vbnE",
    "spotify:track:0e7ipj03S05BNilyu5bRzt",
    "spotify:track:0vjeOZ3Ft5jvAi9SBFJm1j",
    "spotify:track:3JKgcAa7r07ocVWcV8bS0H",
    "spotify:track:0axBgt9y0GvMCLuRl2xBKG",
    "spotify:track:2d8JP84HNLKhmd6IYOoupQ",
    "spotify:track:7oJrVhiTPZGBXWPwhxjy9S",
    "spotify:track:4rXLjWdF2ZZpXCVTfWcshS",
    "spotify:track:5FkoSXiJPKTNyYgALRJFhD",
    "spotify:track:40riOy7x9W7GXjyGp4pjAv",
    "spotify:track:1HOMkjp0nHMaTnfAkslCQj",
    "spotify:track:0LQtEJt7x0s6knb6RKdRYc",
    "spotify:track:2opQESZb7JsRKCvWMBPeuv",
    "spotify:track:1cPXOzyeZauSAsT1yy7aBp",
    "spotify:track:4KWeGKChLKcnZsj3sIOSkW",
    "spotify:track:3K7Q9PHUWPTaknlbFPThn2",
    "spotify:track:5WwqdeavrQrbeAMDxGawse",
    "spotify:track:2ZXsvL9DO2MPv43Ay1IxgR",
    "spotify:track:2bSk87AVkCIIC3Bcligq1z",
    "spotify:track:1bDbXMyjaUIooNwFE9wn0N",
    "spotify:track:27kMqdX3aoN3gBndVKlTfR",
    "spotify:track:3620P9KJS2PDebJ9ABFitc"
  ],
  "subgenres": {
    "country": 0.09803921568627451,
    "acoustic country": 0.058823529411764705,
    "melodic rap": 0.09803921568627451,
    "rap": 0.09803921568627451,
    "hip hop": 0.0784313725490196,
    "classic rock": 0.11764705882352941,
    "rock": 0.058823529411764705,
    "glam metal": 0.0784313725490196,
    "hard rock": 0.058823529411764705,
    "emo rap": 0.0196078431372549,
    "traditional country": 0.0196078431372549,
    "soft rock": 0.058823529411764705,
    "album rock": 0.0392156862745098,
    "power pop": 0.0196078431372549,
    "glam rock": 0.058823529411764705,
    "disco": 0.0196078431372549,
    "funk": 0.0196078431372549
  },
  "supergenres": {
    "Country": 0.125,
    "Hip Hop": 0.3125,
    "Rock": 0.4166666666666667,
    "Metal": 0.08333333333333333,
    "Pop": 0.020833333333333332,
    "R&B": 0.041666666666666664
  }
}