{
  "user_id": "sunny_berry-43YS3rrnq6RuPqNlm4Ex0q-1",
  "top_tracks": [
    "spotify:track:7v4FF3DWuUfRecyXWCgoQY",
    "spotify:track:1UrxBDCv9kDRIBUc2oskNR",
    "spotify:track:39lw4tu2jDKW5kf7HGyqmM",
    "spotify:track:5dFoWIiJ2814hRwMYDcFiU",
    "spotify:track:0boUJBsxCjOMihfXlxxuQ9",
    "spotify:track:43R6n31nojx7InyXoczgqa",
    "spotify:track:1ptwL6lZNLc654XAaHqcHb",
    "spotify:track:3Ti0GdlrotgwsAVBBugv0I",
    "spotify:track:1EeS8SQ0BAhNrLVLCNrxrj",
    "spotify:track:2UnGmYcXHH2utQ0OmLDB3d",
    "spotify:track:6sOK9LnvTTj4E2ZGzhKTQo",
    "spotify:track:1gmkhItwZZ4hkcxr79g7XC",
    "spotify:track:76H7cWSrOCpLiWzPiDrXbm",
    "spotify:track:7wdzLe2Gsx1RGqbvYZHASz",
    "spotify:track:5GpBXeXeVTPovYu8rS48fV",
    "spotify:track:6WTFHKrnZpwEBLRS10Ylqs",
    "spotify:track:43SoxERu5UlXAgt4Es1VQU",
    "spotify:track:37kW9eEI0EJFM0ip2mf1Wy",
    "spotify:track:4L9VTwdne2g1k8aBsgT9Zv",
    "spotify:track:0kfjZ0JCXU9sSg99gbQpbJ",
    "spotify:track:42UaitnwvuKqNcD5Oa2HlD",
    "spotify:track:6q8nlNnBLSAn5tU6tH9Zlz",
    "spotify:track:1EZfCViOJ9XKFbwX8FkZUF",
    "spotify:track:68wXv4DokvcOVNvuJ7FbWp",
    "spotify:track:0bZ52QzCCKfrfOqs7za6lI",
    "spotify:track:79KDr2fDCqxT6RLOglTdFP",
    "spotify:track:7zG8CARZq5k7HtrjE3vZSn",
    "spotify:track:6G0KITyDe4EQREYyuVQmOn",
    "spotify:track:20dkebBtPR4AJ8vVos41Gw",
    "spotify:track:59s5vTB8LNV4tyZPp9HM3f",
    "spotify:track:4pCbJC43j3gSqG6Fen6upD",
    "spotify:track:5TloYFwzd09yWy8xkRLVUu",
    "spotify:track:6f3OYG5R630tjwFIHIE7j2"
  ],
  "subgenres": {
    "modern blues": 0.11363636363636363,
    "blues rock": 0.11363636363636363,
    "soul": 0.022727272727272728,
    "motown": 0.022727272727272728,
    "jazz blues": 0.022727272727272728,
    "soft rock": 0.022727272727272728,
    "jazz rap": 0.022727272727272728,
    "east coast hip hop": 0.045454545454545456,
    "hip hop": 0.045454545454545456,
    "neo soul": 0.045454545454545456,
    "alternative r&b": 0.045454545454545456,
    "west coast hip hop": 0.022727272727272728,
    "red dirt": 0.06818181818181818,
    "texas country": 0.045454545454545456,
    "country": 0.06818181818181818,
    "classic rock": 0.022727272727272728,
    "rock": 0.022727272727272728,
    "hard rock": 0.022727272727272728,
    "rock and roll": 0.022727272727272728,
    "folk pop": 0.022727272727272728,
    "pop soul": 0.022727272727272728,
    "alt country": 0.022727272727272728,
    "bluegrass": 0.022727272727272728,
    "retro soul": 0.022727272727272728,
    "blues": 0.022727272727272728,
    "southern rock": 0.022727272727272728,
    "classic blues": 0.022727272727272728
  },
  "supergenres": {
    "Blues": 0.1794871794871795,
    "Rock": 0.2564102564102564,
    "R&B": 0.20512820512820512,
    "Hip Hop": 0.1282051282051282,
    "Country": 0.23076923076923078
  }
}