{
  "user_id": "vibey_bloom-5lLQERLH7mObFu02sF1t49-2",
  "top_tracks": [
    "spotify:track:7x56G0y26wy0XxzYv5ccD7",
    "spotify:track:2pZkX6yyPuF8UdRqGXsDci",
    "spotify:track:1xaTREM89RbIxkcjlpf4Uw",
    "spotify:track:1GUZhfnTke0lEKRTjAgoUu",
    "spotify:track:676fuqhG1T6i1ykIfBBQ7c",
    "spotify:track:6UqjaI4yIo2uA0kA6ej8ui",
    "spotify:track:27SGGNCOy81FkNFZZRcfyx",
    "spotify:track:5N2I2ObfEO7U2wECdwoyiT",
    "spotify:track:1r8ujfJ0hvXJifOQSlTLXR",
    "spotify:track:1rFNf1G9V41g1QETVOKDhl",
    "spotify:track:7lqoPy5LOvZ01dIzH2UlnM",
    "spotify:track:13njAmmtaZ35Hifrs3Mglg",
    "spotify:track:2jUgR3ZMPRixaKYbqQVnS9",
    "spotify:track:5UsE8fU4S9F45qv1BYUK8m",
    "spotify:track:34U2idBaN6XPa1PBgTaU2v",
    "spotify:track:7vVlDWyAKsIQp4mvJqEgDx",
    "spotify:track:3TRmdYcOKFEmTWeJJKiatY",
    "spotify:track:5g7gJzOgSt8iujy6DORM50",
    "spotify:track:4BDJ7f9SLMR1OtqL3I5ywS",
    "spotify:track:6iWws6ZMtIeyU78ioPxKYO",
    "spotify:track:0KlN0Cyk1wZA1kwFWJVZtN",
    "spotify:track:2RMLwPiqyYFBgUIJnZwWu4",
    "spotify:track:0psXs0SxH2hGnJoj8C2fFf",
    "spotify:track:7ix0dWaQaKHWY9TfJrETXg",
    "spotify:track:0amTmuTQ120fdWvKc777Xd",
    "spotify:track:4FXUx2u3sZT8DCfJpy5KLQ",
    "spotify:track:35cWnQKyLjmzkq81M51D9n",
    "spotify:track:3ij7wTT8OOy8MhkT6AS5aS",
    "spotify:track:17wGj4UG3nhQB6P4mDMk0v",
    "spotify:track:2jSbSwpf9ueTKhst0fyToV",
    "spotify:track:1QhrlNjzqmqEFW5T5yMFhw",
    "spotify:track:0pGc6eX6131IIMegAkqPlT",
    "spotify:track:65XKIwW1Mguiweax2klP1R"
  ],
  "subgenres": {
    "dubstep": 0.1509433962264151,
    "riddim": 0.1320754716981132,
    "bass music": 0.1792452830188679,
    "edm": 0.0660377358490566,
    "dub": 0.07547169811320754,
    "new wave": 0.009433962264150943,
    "madchester": 0.009433962264150943,
    "jangle pop": 0.009433962264150943,
    "deathstep": 0.08490566037735849,
    "funk rock": 0.009433962264150943,
    "reggae rock": 0.04716981132075472,
    "glitch": 0.02830188679245283,
    "drumstep": 0.03773584905660377,
    "chillwave": 0.009433962264150943,
    "death metal": 0.018867924528301886,
    "grindcore": 0.018867924528301886,
    "deathcore": 0.018867924528301886,
    "bass house": 0.009433962264150943,
    "downtempo": 0.009433962264150943,
    "idm": 0.009433962264150943,
    "reggae": 0.02830188679245283,
    "roots reggae": 0.018867924528301886,
    "horrorcore": 0.009433962264150943,
    "rap rock": 0.009433962264150943
  },
  "supergenres": {
    "Electronic": 0.5294117647058824,
    "Hip Hop": 0.14705882352941177,
    "R&B": 0.12745098039215685,
    "Rock": 0.09803921568627451,
    "Pop": 0.00980392156862745,
    "New age": 0.029411764705882353,
    "Metal": 0.058823529411764705
  }
}