{
  "user_id": "vibey_flame-6YlQzadiLbJGadpoU5RLK3-3",
  "top_tracks": [
    "spotify:track:06s6aloy62vytl3MnT6gfl",
    "spotify:track:05Rd8zTyrkoOkglshkAQjR",
    "spotify:track:0h04W0JA6Nh26XAhgMt5S8",
    "spotify:track:4WScDSwAa9m48pgHugVkCo",
    "spotify:track:6HzrQKBKqRW2woOe3GFN8A",
    "spotify:track:4XssnBT81vTIH6iYYUSv84",
    "spotify:track:6IC9Z6KQBD7LbtijqzPNHe",
    "spotify:track:0CbESIyx34Usxoy7emUEBd",
    "spotify:track:0MfVTButkC0WU7aUcIskU6",
    "spotify:track:5jsDxDkJ1PqyYUWhDMr86B",
    "spotify:track:5fi6l2fwbUTSEmOiWEmBpp",
    "spotify:track:0GRvnYqlnh7ttq9NS6s3Ta",
    "spotify:track:1vziI0NCJKrqKiG94COHBa",
    "spotify:track:2tgQaL85WoRfgEa4hFQgrE",
    "spotify:track:13LiA6nLcZWzQN3VxDEaD2",
    "spotify:track:5fG83KM7CgRmjcKwmBNx2p",
    "spotify:track:44wXefe8WB9Fd6xwtmAwbR",
    "spotify:track:3evG0BIqEFMMP7lVJh1cSf",
    "spotify:track:1pHPpLVH2XEN0xYRoQs4wq",
    "spotify:track:1D6eNTsC5ixYBTzBxBx0gL",
    "spotify:track:1WwWjG2FGbBK6IkBBTknao",
    "spotify:track:6oO7WMjD6kEvCITLbVj0mu",
    "spotify:track:2B98ljvzqpCVgt5reTHq28",
    "spotify:track:5CPXR6lDTvngxtmMZxnWmC",
    "spotify:track:57dem1V7wz8owejklpELCh",
    "spotify:track:4myFsmx2v6znDOJfn3IkbD",
    "spotify:track:6ZOBP3NvffbU4SZcrnt1k6",
    "spotify:track:6QhXQOpyYvbpdbyjgAqKdY",
    "spotify:track:1mgu7j2I6s92RboqRMXWHB",
    "spotify:track:0WlNuiiMIAmSN67LhqH6zm",
    "spotify:track:19S5RSp5XLsiPFvkmLbgzQ",
    "spotify:track:1ZfJ6mlKI1nVb7h7Imdksa",
    "spotify:track:7LlGuNiq0LC4cXytbeTbXj"
  ],
  "subgenres": {
    "rock": 0.1,
    "post-grunge": 0.11818181818181818,
    "alternative rock": 0.1,
    "grunge": 0.1,
    "modern rock": 0.07272727272727272,
    "classic rock": 0.01818181818181818,
    "stoner rock": 0.01818181818181818,
    "country": 0.01818181818181818,
    "honky tonk": 0.00909090909090909,
    "traditional country": 0.00909090909090909,
    "celtic rock": 0.00909090909090909,
    "celtic": 0.00909090909090909,
    "folk punk": 0.00909090909090909,
    "punk": 0.01818181818181818,
    "metalcore": 0.02727272727272727,
    "metal": 0.05454545454545454,
    "screamo": 0.01818181818181818,
    "acoustic rock": 0.00909090909090909,
    "alternative metal": 0.02727272727272727,
    "nu metal": 0.02727272727272727,
    "psychedelic rock": 0.02727272727272727,
    "acid rock": 0.01818181818181818,
    "psychedelic pop": 0.01818181818181818,
    "funk rock": 0.00909090909090909,
    "red dirt": 0.00909090909090909,
    "alt country": 0.00909090909090909,
    "texas country": 0.00909090909090909,
    "bluegrass": 0.00909090909090909,
    "garage rock": 0.00909090909090909,
    "surf rock": 0.00909090909090909,
    "indie punk": 0.00909090909090909,
    "rap metal": 0.02727272727272727,
    "progressive metal": 0.00909090909090909,
    "progressive rock": 0.00909090909090909,
    "emo": 0.00909090909090909,
    "folk rock": 0.00909090909090909,
    "folk": 0.00909090909090909,
    "heavy metal": 0.00909090909090909,
    "proto-punk": 0.00909090909090909
  },
  "supergenres": {
    "Rock": 0.5700934579439252,
    "Metal": 0.32710280373831774,
    "Country": 0.056074766355140186,
    "World/Traditional": 0.009345794392523364,
    "Folk/Acoustic": 0.018691588785046728,
    "Pop": 0.018691588785046728
  }
}