{
  "user_id": "vibey_ghost-5ZZm4tzxmceQ3T9sjsFyc9-3",
  "top_tracks": [
    "spotify:track:0PHrcmOtDE89ew4vVEaD7S",
    "spotify:track:0UV5zxRMz6AO4ZwUOZNIKI",
    "spotify:track:3Wgs96Z4TdCpnqFj2CxpsI",
    "spotify:track:4ByEFOBuLXpCqvO1kw8Wdm",
    "spotify:track:04CyMEHliadfQWMUJb1w99",
    "spotify:track:4xhsWYTOGcal8zt0J161CU",
    "spotify:track:4Uiw0Sl9yskBaC6P4DcdVD",
    "spotify:track:77DRzu7ERs0TX3roZcre7Q",
    "spotify:track:3xby7fOyqmeON8jsnom0AT",
    "spotify:track:6QHXcb0eFwOKZOZ9bOFmxm",
    "spotify:track:7fBv7CLKzipRk6EC6TWHOB",
    "spotify:track:4P5KoWXOxwuobLmHXLMobV",
    "spotify:track:6e8Ou0wiqAzIpWb2eSxll8",
    "spotify:track:1zN6ynJG4PdR61YWv4PQ3Y",
    "spotify:track:3hFnQwSt5zAWaYpLuMSWB7",
    "spotify:track:6kdp130aEWm2aGa2kflcMz",
    "spotify:track:0vjeOZ3Ft5jvAi9SBFJm1j",
    "spotify:track:4RY96Asd9IefaL3X4LOLZ8",
    "spotify:track:6ECp64rv50XVz93WvxXMGF",
    "spotify:track:7nzsY8vlnKdvGOEE0rjAXZ",
    "spotify:track:2EoOZnxNgtmZaD8uUmz2nD",
    "spotify:track:3aauaXWRgwCMoykMbI0Jq1",
    "spotify:track:18xb87vqplkgi6jBI4fxuI",
    "spotify:track:7ETjhPaIU4UmHOiimJBZz9",
    "spotify:track:4VXIryQMWpIdGgYR4TrjT1",
    "spotify:track:3HPmPzyqEFJ8XpezxLn8Tx",
    "spotify:track:3P21QdeiX5u1KpIIPDmq9n",
    "spotify:track:6wNUBZNWFxdUGof6vkaykE",
    "spotify:track:2BSl2gSFHdzJAMus74qzNj",
    "spotify:track:5hM5arv9KDbCHS0k9uqwjr",
    "spotify:track:4E6cwWJWZw2zWf7VFbH7wf",
    "spotify:track:109ETcT7xie3TKvt1Ser6t",
    "spotify:track:6C2PfemHQul77DVpnvuAIs"
  ],
  "subgenres": {
    "nu metal": 0.03225806451612903,
    "alternative metal": 0.03225806451612903,
    "rap metal": 0.03225806451612903,
    "shoegaze": 0.03225806451612903,
    "rock": 0.06451612903225806,
    "hip hop": 0.03225806451612903,
    "west coast hip hop": 0.03225806451612903,
    "rap": 0.03225806451612903,
    "grunge": 0.06451612903225806,
    "christian rock": 0.03225806451612903,
    "christian alternative rock": 0.03225806451612903,
    "emo": 0.03225806451612903,
    "east coast hip hop": 0.03225806451612903,
    "pop": 0.03225806451612903,
    "indie": 0.0967741935483871,
    "garage rock": 0.06451612903225806,
    "post-grunge": 0.03225806451612903,
    "hard rock": 0.03225806451612903,
    "hardstyle": 0.03225806451612903,
    "country": 0.06451612903225806,
    "acoustic country": 0.06451612903225806,
    "melodic rap": 0.03225806451612903,
    "emo rap": 0.03225806451612903,
    "psychedelic pop": 0.03225806451612903
  },
  "supergenres": {
    "Metal": 0.16,
    "Rock": 0.44,
    "Hip Hop": 0.2,
    "Pop": 0.08,
    "Electronic": 0.04,
    "Country": 0.08
  }
}