{
  "user_id": "witty_scone-3cc4HXiuQHncQ7qqj66S2S-3",
  "top_tracks": [
    "spotify:track:4O2rRsoSPb5aN7N3tG6Y3v",
    "spotify:track:7zrxGPR1UVK2iSK793vLPl",
    "spotify:track:62E2nR0od0M5HYxuYLaDz7",
    "spotify:track:19Shlms2uTnOjIUg50TXzd",
    "spotify:track:3R6yNicsZrWF8ybl02imcB",
    "spotify:track:3zBhihYUHBmGd2bcQIobrF",
    "spotify:track:1tuNqJOtRQVHvONR8Lg3MZ",
    "spotify:track:0oU8UllnpbyXSj9CSJWAUs",
    "spotify:track:3Z2anmIVG8b1GelyeFQdnP",
    "spotify:track:3CuscN8itbT86pQFKQMIk7",
    "spotify:track:3hlGuz3loYoLfI3bpwieWq",
    "spotify:track:7221xIgOnuakPdLqT0F3nP",
    "spotify:track:5hJFSRXMut9SnlNl8Sj4S8",
    "spotify:track:26QLJMK8G0M06sk7h7Fkse",
    "spotify:track:3fO566xJgwxIa3qGCGBvIC",
    "spotify:track:6dOtVTDdiauQNBQEDOtlAB",
    "spotify:track:1y3CG6thNhG1ndaNW0JuEp",
    "spotify:track:0OWhKvvsHptt6vnnNUSM9a",
    "spotify:track:1DTRUYVd8rYpla9hhVVwjo",
    "spotify:track:57V4uc2b2diZ4RPHXWecb9",
    "spotify:track:3t5OV1asJHmOlf23T08CLv",
    "spotify:track:2QfX9Pdz3q66fN3kCXl0Js",
    "spotify:track:7ogK4lJDVDMU6A6vYR5rvD",
    "spotify:track:6YXbSjabsKQ1pNvj6zcJ9V",
    "spotify:track:4x1dWc1GgAfC04GcTlllax",
    "spotify:track:1SjsVdSXpwm1kTdYEHoPIT",
    "spotify:track:2h3MDMf8sd9s4XIzpTBIjX",
    "spotify:track:6qUxH4aSp8czxw2HrEA5EZ",
    "spotify:track:20dkebBtPR4AJ8vVos41Gw",
    "spotify:track:2Dct3GykKZ58hpWRFfe2Qd",
    "spotify:track:0g4fMVo4JjwnIpTfFfLdxS",
    "spotify:track:333XFHKsHU0pOocFzBgrJi",
    "spotify:track:1ne9wOtDF2jM6Cm8WBkaER"
  ],
  "subgenres": {
    "americana": 0.043478260869565216,
    "folk": 0.06521739130434782,
    "singer-songwriter": 0.021739130434782608,
    "alt country": 0.13043478260869565,
    "classic rock": 0.021739130434782608,
    "soft rock": 0.021739130434782608,
    "country": 0.17391304347826086,
    "red dirt": 0.17391304347826086,
    "texas country": 0.08695652173913043,
    "bluegrass": 0.10869565217391304,
    "soul": 0.021739130434782608,
    "motown": 0.021739130434782608,
    "soul blues": 0.021739130434782608,
    "folk pop": 0.043478260869565216,
    "indie folk": 0.043478260869565216
  },
  "supergenres": {
    "Country": 0.7105263157894737,
    "Folk/Acoustic": 0.15789473684210525,
    "Rock": 0.05263157894736842,
    "R&B": 0.05263157894736842,
    "Blues": 0.02631578947368421
  }
}