{
  "user_id": "witty_storm-4sHoEQ24vcPxLxHzWQDyVg-3",
  "top_tracks": [
    "spotify:track:4xOTVtbCPcfxMs2hSt9D6i",
    "spotify:track:7KuoNaz8JL1xppLQRSHuO5",
    "spotify:track:12CNybio0Bxean3F3uYugU",
    "spotify:track:3yx9TGpZNoP4jViHQNHJk7",
    "spotify:track:0cqYejXSn0M37GXx4JB8RB",
    "spotify:track:0fAehaneUJdlSlWXYe1KZp",
    "spotify:track:0cnUKkLfZtIz5CIxYFKlyl",
    "spotify:track:3IznIgmXtrUaoPWpQTy5jB",
    "spotify:track:3yk7PJnryiJ8mAPqsrujzf",
    "spotify:track:0LLKhrm54tp36K2MbgBfAA",
    "spotify:track:6JoWz8BDD8H8dJn8SbhMfe",
    "spotify:track:0ToG55iJZCOzZkcpWbXxpW",
    "spotify:track:0nQQ07G4UuCKO0GXj1XywP",
    "spotify:track:2rqUblDWJKlMVwh9uJc0Vv",
    "spotify:track:3TO6wG55HdfwC8zfOaXAlJ",
    "spotify:track:3WattXYKPa1N4sDqTvSrLS",
    "spotify:track:0R3TWpoxAhT3HDXM7tpRzS",
    "spotify:track:3nRhH5u3TE6HtvBH6mNwzY",
    "spotify:track:4w2GLmK2wnioVnb5CPQeex",
    "spotify:track:2tudvzsrR56uom6smgOcSf",
    "spotify:track:1ZzSRXy86bhxjqwNjSZnko",
    "spotify:track:7si3FzQV7xcFvmdDQ57ZVt",
    "spotify:track:08vlprFBmwh9TQnjXUtZDG",
    "spotify:track:7IBLt4Qarf4JDLxIQDv2O5",
    "spotify:track:6F5ovHGMcDwltX8GLgcDvt",
    "spotify:track:3Vg7nPYlOrCkcV1abKbRQ1",
    "spotify:track:2DVI5bxoh3qXVYA1XmraN8",
    "spotify:track:3X6YJcqTinaNraRvojF62K",
    "spotify:track:35eWoaAl7EVAWsQv3cyWmP",
    "spotify:track:2yp4xIO3jBzsU3aK3pS4dv",
    "spotify:track:3q9kbBA5mHb9q9Ukidh354",
    "spotify:track:1PjKowBEfdICVBaxJDPsvm",
    "spotify:track:1qKCO2Tocwg8CbepJ9uDtd"
  ],
  "subgenres": {
    "east coast hip hop": 0.022727272727272728,
    "hip hop": 0.022727272727272728,
    "gangster rap": 0.022727272727272728,
    "hardcore hip hop": 0.022727272727272728,
    "boom bap": 0.022727272727272728,
    "alternative hip hop": 0.1590909090909091,
    "jazz rap": 0.022727272727272728,
    "experimental hip hop": 0.18181818181818182,
    "underground hip hop": 0.022727272727272728,
    "rage rap": 0.045454545454545456,
    "experimental": 0.06818181818181818,
    "indie folk": 0.022727272727272728,
    "math rock": 0.022727272727272728,
    "djent": 0.022727272727272728,
    "progressive metal": 0.022727272727272728,
    "progressive rock": 0.022727272727272728,
    "psychedelic pop": 0.022727272727272728,
    "bedroom pop": 0.06818181818181818,
    "hyperpop": 0.045454545454545456,
    "art pop": 0.045454545454545456,
    "rap": 0.06818181818181818,
    "cloud rap": 0.022727272727272728
  },
  "supergenres": {
    "Hip Hop": 0.6363636363636364,
    "Rock": 0.11363636363636363,
    "Folk/Acoustic": 0.022727272727272728,
    "Metal": 0.045454545454545456,
    "Pop": 0.18181818181818182
  }
}