{
  "user_id": "witty_bloom-4iVPcLfmxM7t4ykB5qCapG-2",
  "top_tracks": [
    "spotify:track:4pCbJC43j3gSqG6Fen6upD",
    "spotify:track:2BgunkkepMPFpArQj1Dx5s",
    "spotify:track:6gBFPUFcJLzWGx4lenP6h2",
    "spotify:track:4KWzsYmXYYbTjb4tYxulvd",
    "spotify:track:51EpFns3CG9taCMQz6XDom",
    "spotify:track:2cZOYofOX4d6g0OXxkaIjA",
    "spotify:track:4mwK3s8SpzlDH5eR7GacQc",
    "spotify:track:4jtyUzZm9WLc2AdaJ1dso7",
    "spotify:track:7EiZI6JVHllARrX9PUvAdX",
    "spotify:track:7iXF2W9vKmDoGAhlHdpyIa",
    "spotify:track:0xExw1gFp8mV33OrWD4LLD",
    "spotify:track:4SVTus5gJc5cfkFZ8ELK1p",
    "spotify:track:6LyAwkJsHlW7RQ8S1cYAtM",
    "spotify:track:12VnH6ihXVxBjMbJhqQk8T",
    "spotify:track:3grPZ1iQg2tEdh0ZCh3HTt",
    "spotify:track:7vpJ3dvtr8xeAEdMFgAirp",
    "spotify:track:1Es7AUAhQvapIcoh3qMKDL",
    "spotify:track:5sFDReWLrZHLFZFjHsjUTS",
    "spotify:track:1oYYd2gnWZYrt89EBXdFiO",
    "spotify:track:7a3XRLkMcey2dexkB4sC8O",
    "spotify:track:0fea68AdmYNygeTGI4RC18",
    "spotify:track:7kpCMD8iv4RC971CJRPZ3U",
    "spotify:track:3Q4gttWQ6hxqWOa3tHoTNi",
    "spotify:track:2Dct3GykKZ58hpWRFfe2Qd",
    "spotify:track:59JNRew95Gmn4wSfqdf1kR",
    "spotify:track:3tynJ5xl3ZjRj2fPQF0kNi",
    "spotify:track:70wYA8oYHoMzhRRkARoMhU",
    "spotify:track:18URo35acNKRTHfEdjTcGn",
    "spotify:track:45EwtYrnqJH3AH2bFpEOC6",
    "spotify:track:0jAonUWZserYq2uAyQIRFR",
    "spotify:track:1BuZAIO8WZpavWVbbq3Lci",
    "spotify:track:55WLWX71YkHt2tSucNIf1g",
    "spotify:track:7GX5flRQZVHRAGd6B4TmDO"
  ],
  "subgenres": {
    "country": 0.17307692307692307,
    "red dirt": 0.09615384615384616,
    "acoustic country": 0.038461538461538464,
    "rap": 0.1346153846153846,
    "album rock": 0.019230769230769232,
    "classic rock": 0.038461538461538464,
    "new wave": 0.019230769230769232,
    "synthpop": 0.019230769230769232,
    "rage rap": 0.019230769230769232,
    "texas country": 0.038461538461538464,
    "hip hop": 0.057692307692307696,
    "g-funk": 0.019230769230769232,
    "gangster rap": 0.038461538461538464,
    "west coast hip hop": 0.019230769230769232,
    "r&b": 0.019230769230769232,
    "pop country": 0.019230769230769232,
    "grunge": 0.019230769230769232,
    "post-grunge": 0.019230769230769232,
    "reggaeton": 0.019230769230769232,
    "latin": 0.019230769230769232,
    "southern hip hop": 0.019230769230769232,
    "crunk": 0.019230769230769232,
    "alternative rock": 0.019230769230769232,
    "glam metal": 0.019230769230769232,
    "glam rock": 0.019230769230769232,
    "memphis rap": 0.019230769230769232,
    "melodic rap": 0.038461538461538464
  },
  "supergenres": {
    "Country": 0.34782608695652173,
    "Hip Hop": 0.3695652173913043,
    "Rock": 0.15217391304347827,
    "Pop": 0.021739130434782608,
    "R&B": 0.021739130434782608,
    "Metal": 0.043478260869565216,
    "Latin": 0.043478260869565216
  }
}