{
  "user_id": "zesty_koala-7r5gWYgYVfgiEcAZIIjZNZ-3",
  "top_tracks": [
    "spotify:track:6rujTb9hJa0XdUNtPftz4M",
    "spotify:track:2QpGZOhTCHHiKmpSO9FW4h",
    "spotify:track:1wsRitfRRtWyEapl0q22o8",
    "spotify:track:3ZaEs1O8BG581qYPHpQ8d6",
    "spotify:track:18dQgDh5WDUH99YIkRf0dA",
    "spotify:track:0pwObEOHolQZSldJ2q1wpy",
    "spotify:track:2Lmpxi7j95HOvsR6zj1Fl3",
    "spotify:track:4cbzc4dmuWQ1u0an0JsSnw",
    "spotify:track:7HKRWMTErKh56EIBeFcmdf",
    "spotify:track:3OYZWMm5m2DEwq2Tc1ukTh",
    "spotify:track:0zLClc0emc6qUeV1p5nc99",
    "spotify:track:5Z6hdVHH39nARjTBfMUVl6",
    "spotify:track:4UEo1b0wWrtHMC8bVqPiH8",
    "spotify:track:3mTBcwM1BTiF6HR7D0SIcH",
    "spotify:track:769cLRTw2y6KRdkFWFkxtu",
    "spotify:track:1ZzSRXy86bhxjqwNjSZnko",
    "spotify:track:4bcN9riyILh4IXEdmLGa8m",
    "spotify:track:5oeKoJMi9g6GXEbtz1ta0f",
    "spotify:track:6fAyRZ0GHuuvSOEIOwi58N",
    "spotify:track:61mWefnWQOLf90gepjOCb3",
    "spotify:track:5fArVBrjtT7UPIQ8j2yQnJ",
    "spotify:track:41vSsnP46DpUZC0YoNyk3U",
    "spotify:track:0ItAcLSkUiePOmFGun3cSe",
    "spotify:track:1lCC3flXDsXQrNPcvDojuI",
    "spotify:track:01CYr3t0hedD915PmI5l4D",
    "spotify:track:6TJaoJX8VhptZ0DkcsjWaR",
    "spotify:track:0D8l86LXxKcgKAO17DfQsl",
    "spotify:track:5ohfpKB5tt275f4Y4lQ9F7",
    "spotify:track:0LLKhrm54tp36K2MbgBfAA",
    "spotify:track:3H2VmsXSSxjIv1UUPEQ30d",
    "spotify:track:0Klbxk3g96Qae4DbCnUNcT",
    "spotify:track:3QFInJAm9eyaho5vBzxInN",
    "spotify:track:7kVrQ79jg4nd1r6H9CrmIk"
  ],
  "subgenres": {
    "metal": 0.16831683168316833,
    "alternative metal": 0.15841584158415842,
    "heavy metal": 0.1188118811881188,
    "rock": 0.07920792079207921,
    "rap": 0.039603960396039604,
    "rap metal": 0.04950495049504951,
    "rap rock": 0.019801980198019802,
    "nu metal": 0.04950495049504951,
    "progressive metal": 0.0297029702970297,
    "progressive rock": 0.0297029702970297,
    "experimental hip hop": 0.039603960396039604,
    "alternative hip hop": 0.039603960396039604,
    "experimental": 0.039603960396039604,
    "groove metal": 0.019801980198019802,
    "thrash metal": 0.0297029702970297,
    "hip hop": 0.009900990099009901,
    "west coast hip hop": 0.009900990099009901,
    "death metal": 0.019801980198019802,
    "grindcore": 0.009900990099009901,
    "melodic death metal": 0.009900990099009901,
    "black metal": 0.009900990099009901,
    "cloud rap": 0.009900990099009901,
    "speed metal": 0.009900990099009901
  },
  "supergenres": {
    "Metal": 0.69,
    "Rock": 0.17,
    "Hip Hop": 0.14
  }
}