{
  "user_id": "brisk_flame-42xUPn8mIXpLFnGfyFrrqt-1",
  "top_tracks": [
    "spotify:track:6GG4yyk3UATdBfTHVgI8PB",
    "spotify:track:6StwwqB84sJeLr7tZDTxEX",
    "spotify:track:698eQRku24PIYPQPHItKlA",
    "spotify:track:7fveJ3pk1eSfxBdVkzdXZ0",
    "spotify:track:4E3XDKil4ElJt6sXuz5cc6",
    "spotify:track:2V4bv1fNWfTcyRJKmej6Sj",
    "spotify:track:7ETjhPaIU4UmHOiimJBZz9",
    "spotify:track:42VsgItocQwOQC3XWZ8JNA",
    "spotify:track:7KysI43rsjlhjTeWO6ePUq",
    "spotify:track:5ZLL6wYXeqg0k35ZkDRfhZ",
    "spotify:track:0unNLQbn2xlm2nPcB1pdjS",
    "spotify:track:2bJvI42r8EF3wxjOuDav4r",
    "spotify:track:0w3Q14i073jLoew1hgJkwD",
    "spotify:track:5rb9QrpfcKFHM1EUbSIurX",
    "spotify:track:1AWQoqb9bSvzTjaLralEkT",
    "spotify:track:4m4BHvDfzIgj5LbQLuFiIp",
    "spotify:track:1gihuPhrLraKYrJMAEONyc",
    "spotify:track:0bPnT6i9H1p8Vd85GS6Z7I",
    "spotify:track:2qSkIjg1o9h3YT9RAgYN75",
    "spotify:track:7221xIgOnuakPdLqT0F3nP",
    "spotify:track:57bgtoPSgt236HzfBOd8kj",
    "spotify:track:4KW1lqgSr8TKrvBII0Brf8",
    "spotify:track:0ZUo4YjG4saFnEJhdWp9Bt",
    "spotify:track:2bLqfJjuC5syrsgDsZfGmn",
    "spotify:track:3kx21xR6IboC9HVdajgBoc",
    "spotify:track:5AJ9hqTS2wcFQCELCFRO7A",
    "spotify:track:4OMJGnvZfDvsePyCwRGO7X",
    "spotify:track:6AI3ezQ4o3HUoP6Dhudph3",
    "spotify:track:7iQXYTyuG13aoeHxGG28Nh",
    "spotify:track:7aEtlGHoiPAfRB084NiDmx",
    "spotify:track:69zgu5rlAie3IPZOEXLxyS",
    "spotify:track:0JbSghVDghtFEurrSO8JrC",
    "spotify:track:1tkMs9wDPknQ3ZHcKDw1ES"
  ],
  "subgenres": {
    "country": 0.2857142857142857,
    "rap": 0.09523809523809523,
    "acoustic country": 0.09523809523809523,
    "christian country": 0.023809523809523808,
    "r&b": 0.023809523809523808,
    "edm": 0.023809523809523808,
    "rock": 0.023809523809523808,
    "hard rock": 0.023809523809523808,
    "classic rock": 0.023809523809523808,
    "rock and roll": 0.023809523809523808,
    "corrido": 0.023809523809523808,
    "corridos tumbados": 0.023809523809523808,
    "corridos b\u00e9licos": 0.023809523809523808,
    "m\u00fasica mexicana": 0.023809523809523808,
    "banda": 0.023809523809523808,
    "sierre\u00f1o": 0.023809523809523808,
    "electro corridos": 0.023809523809523808,
    "sad sierre\u00f1o": 0.023809523809523808,
    "pop": 0.023809523809523808,
    "hip hop": 0.023809523809523808,
    "west coast hip hop": 0.023809523809523808,
    "reggaeton": 0.023809523809523808,
    "trap latino": 0.023809523809523808,
    "urbano latino": 0.023809523809523808,
    "latin": 0.023809523809523808
  },
  "supergenres": {
    "Country": 0.4,
    "Hip Hop": 0.16666666666666666,
    "R&B": 0.03333333333333333,
    "Electronic": 0.03333333333333333,
    "Rock": 0.1,
    "Latin": 0.23333333333333334,
    "Pop": 0.03333333333333333
  }
}