{
  "user_id": "brisk_lemon-7hloNqEG80PX35C0InYmKT-3",
  "top_tracks": [
    "spotify:track:3a9urnht8HvfFzPwd0ipx6",
    "spotify:track:5VJ05rDJ2O4cECGNbWPi64",
    "spotify:track:3tOsMX89CIiuf2x2n5EQyb",
    "spotify:track:6saYisCUAZXc505blie9kZ",
    "spotify:track:0tZ3mElWcr74OOhKEiNz1x",
    "spotify:track:0INUE1K7cEiE8VH63Rv5RJ",
    "spotify:track:5k0KjsgX1ETIAQWVBRHzq3",
    "spotify:track:6iEBfgPQCfBU8fUOLZqW0Q",
    "spotify:track:0CA3RxBx2xSQXPfpmUBK1v",
    "spotify:track:4JXfNOePhdgMOI7KZ1L25U",
    "spotify:track:6tRneEcItwpSxBtqgem5Dr",
    "spotify:track:1WxF4gMsFXnKCyh48CW2RI",
    "spotify:track:0LPx8WfsRrXCF92YtINFtN",
    "spotify:track:10ASBwZsp7oUUDsJEYz3uS",
    "spotify:track:1H4Y9uW4N0LsxJUz0VnaPJ",
    "spotify:track:2s2nAHl0uelukXWMozMraH",
    "spotify:track:3XHnaUAFX8PfNMW1hHC75N",
    "spotify:track:5m9uiFH9sK5wxRZdfN62n9",
    "spotify:track:4Zau4QvgyxWiWQ5KQrwL43",
    "spotify:track:0W9Xvd4Qx1aZPxEi94vgRY",
    "spotify:track:7Bz8yww6UMbTgTVLG6zbI4",
    "spotify:track:4CiVz4bw7X1zjCaJ5ZwxUS",
    "spotify:track:7nsO4eXkY7DvrWbjYUDLJS",
    "spotify:track:6ZxrUCaynLgKSUudACOTwj",
    "spotify:track:3VqHuw0wFlIHcIPWkhIbdQ",
    "spotify:track:0XGV1bem5W9ICY2rgleryV",
    "spotify:track:0aYQsp1vZZcX0JBEJvKF7N",
    "spotify:track:2DyDyOW1hRYFFaMhBCAHJ9",
    "spotify:track:7KdgYr9jNkQO1Au7BGjGLW",
    "spotify:track:4urxRqBRiaH0i20OKBsgxc",
    "spotify:track:4dZ4iHhsqQAQ4em4abLB6C",
    "spotify:track:0BRHnOFm6sjxN1i9LJrUDu",
    "spotify:track:6vWu5uWlox5TVDPl3LvoG3"
  ],
  "subgenres": {
    "metalcore": 0.031578947368421054,
    "metal": 0.09473684210526316,
    "thrash metal": 0.031578947368421054,
    "rock": 0.2,
    "heavy metal": 0.042105263157894736,
    "hard rock": 0.07368421052631578,
    "nu metal": 0.042105263157894736,
    "rap metal": 0.05263157894736842,
    "alternative metal": 0.11578947368421053,
    "rap rock": 0.031578947368421054,
    "groove metal": 0.010526315789473684,
    "post-grunge": 0.1368421052631579,
    "symphonic metal": 0.010526315789473684,
    "symphonic rock": 0.010526315789473684,
    "nederpop": 0.010526315789473684,
    "classic rock": 0.010526315789473684,
    "acoustic rock": 0.010526315789473684,
    "emo": 0.021052631578947368,
    "pop punk": 0.010526315789473684,
    "punk": 0.010526315789473684,
    "emo pop": 0.010526315789473684,
    "alternative rock": 0.010526315789473684,
    "grunge": 0.010526315789473684,
    "modern rock": 0.010526315789473684
  },
  "supergenres": {
    "Metal": 0.574468085106383,
    "Rock": 0.4148936170212766,
    "Pop": 0.010638297872340425
  }
}