{
  "user_id": "cozyy_panda-1Rk8qsP4nChMQuP2mUUO01-2",
  "top_tracks": [
    "spotify:track:0mflMxspEfB0VbI1kyLiAv",
    "spotify:track:0WbMK4wrZ1wFSty9F7FCgu",
    "spotify:track:427OHPoIWqO3SsFw77EkDf",
    "spotify:track:6me7F0aaZjwDo6RJ5MrfBD",
    "spotify:track:4o6BgsqLIBViaGVbx5rbRk",
    "spotify:track:3hEkAosl2ZuO9FltxY5L1R",
    "spotify:track:5QLHGv0DfpeXLNFo7SFEy1",
    "spotify:track:3tYxhPqkioZEV5el3DJxLQ",
    "spotify:track:3yrSvpt2l1xhsV9Em88Pul",
    "spotify:track:7I93h9I0RUqt1ci3Bfa290",
    "spotify:track:23DHUWJ7iEieNPMPKvjzBV",
    "spotify:track:3dmqIB2Qxe2XZobw9gXxJ6",
    "spotify:track:3Vby4nGmtbDo7HDJamOWkT",
    "spotify:track:1XPta4VLT78HQnVFd1hlsK",
    "spotify:track:2LawezPeJhN4AWuSB0GtAU",
    "spotify:track:2V4bv1fNWfTcyRJKmej6Sj",
    "spotify:track:3EKh7JNsBrGoh2xqPotBKT",
    "spotify:track:1Dr1fXbc2IxaK1Mu8P8Khz",
    "spotify:track:7jIAttgQTpLDoNtykIQXjH",
    "spotify:track:1fJFuvU2ldmeAm5nFIHcPP",
    "spotify:track:1jMaB19DiVR8OihLSuYFOt",
    "spotify:track:2D4LEUzvLRCQOLMxnajH72",
    "spotify:track:0fCwTrRNfoNk962ati8n2K",
    "spotify:track:1fddQyaDzAQGhnSZh7UQIJ",
    "spotify:track:1HNE2PX70ztbEl6MLxrpNL",
    "spotify:track:4Uiw0Sl9yskBaC6P4DcdVD",
    "spotify:track:2PpruBYCo4H7WOBJ7Q2EwM",
    "spotify:track:2TqfK2N1kFoX7OySPCB7pQ",
    "spotify:track:5lWRaa0fBxDE5yU91npPq7",
    "spotify:track:3SeDS5sSoWnwAZvVgkdKzf",
    "spotify:track:3o7TMr6RmIusYH7Kkg7ujR",
    "spotify:track:1c5CllrZr45UBhWpIqM332",
    "spotify:track:5zA8vzDGqPl2AzZkEYQGKh"
  ],
  "subgenres": {
    "midwest emo": 0.04,
    "pop punk": 0.09333333333333334,
    "emo pop": 0.06666666666666667,
    "emo": 0.10666666666666667,
    "math rock": 0.04,
    "soft rock": 0.02666666666666667,
    "alternative rock": 0.02666666666666667,
    "rock": 0.05333333333333334,
    "shoegaze": 0.02666666666666667,
    "post-grunge": 0.02666666666666667,
    "screamo": 0.05333333333333334,
    "post-hardcore": 0.05333333333333334,
    "emocore": 0.013333333333333334,
    "classic rock": 0.02666666666666667,
    "southern rock": 0.013333333333333334,
    "country rock": 0.013333333333333334,
    "punk": 0.04,
    "folk punk": 0.02666666666666667,
    "skate punk": 0.02666666666666667,
    "grunge": 0.013333333333333334,
    "hard rock": 0.013333333333333334,
    "country": 0.013333333333333334,
    "red dirt": 0.013333333333333334,
    "alt country": 0.013333333333333334,
    "texas country": 0.013333333333333334,
    "bluegrass": 0.013333333333333334,
    "nu metal": 0.02666666666666667,
    "alternative metal": 0.02666666666666667,
    "rap metal": 0.02666666666666667,
    "southern hip hop": 0.013333333333333334,
    "hip hop": 0.013333333333333334,
    "indie punk": 0.013333333333333334,
    "metal": 0.013333333333333334
  },
  "supergenres": {
    "Rock": 0.6666666666666666,
    "Metal": 0.21739130434782608,
    "Folk/Acoustic": 0.028985507246376812,
    "Country": 0.057971014492753624,
    "Hip Hop": 0.028985507246376812
  }
}