{
  "user_id": "cozyy_ghost-5V7El0owiHagVgsE0Bhle1-2",
  "top_tracks": [
    "spotify:track:0eBFgRxyVSeuT4iyrbukdn",
    "spotify:track:0q99swv2f9L5m8JHkF3sDC",
    "spotify:track:2zvyQcGlZp3VsdTE6xkI6h",
    "spotify:track:69KUKhBqyGvtO1jtJwZEcv",
    "spotify:track:7AUHZBFJ5c7fiLhl0I9r5S",
    "spotify:track:0hKtu53OlIFXVuYkZwcn3o",
    "spotify:track:0ZBg0OsGKgZajDgFtryiz7",
    "spotify:track:0sKEilrw1GrBlG6qsTCrP4",
    "spotify:track:7LRMbd3LEoV5wZJvXT1Lwb",
    "spotify:track:5eVuVYp9OyD9dm6Wcyb5nr",
    "spotify:track:6IBcOGPsniK3Pso1wHIhew",
    "spotify:track:3Qu3Zh4WTKhP9GEXo0aDnb",
    "spotify:track:69phA1R4gmQsBFRQ3INW8C",
    "spotify:track:1kMWJ16W3Yk3hyNmaM7jfQ",
    "spotify:track:4ZJ4vzLQekI0WntDbanNC7",
    "spotify:track:1AGXmKhp5H6d1B2OwZwQdQ",
    "spotify:track:7EiZI6JVHllARrX9PUvAdX",
    "spotify:track:2MBw3qllzcG7N7zJwaT800",
    "spotify:track:5iJKGpnFfvbjZJeAtwXfCj",
    "spotify:track:6KGtAlYvgm4W9PoYabFAYE",
    "spotify:track:293QwzG48nRXlqk5lGDUbw",
    "spotify:track:5FkoSXiJPKTNyYgALRJFhD",
    "spotify:track:1I8EAskXPELoy0q3EkErsg",
    "spotify:track:0uRrG2jRR5tuifsYIJHEao",
    "spotify:track:6LyAwkJsHlW7RQ8S1cYAtM",
    "spotify:track:1bI5cazRwt66vksBjV6RmH",
    "spotify:track:1Fid2jjqsHViMX6xNH70hE",
    "spotify:track:77kye8TttXpEbvgoiVjZdo",
    "spotify:track:6k1gOoC7yKaPTnnaXO4V3z",
    "spotify:track:2aSC2xhRxOLiiZZVjhbylH",
    "spotify:track:67AdiJcurlf6gocGobfaXs",
    "spotify:track:22osNg5L1ipkUsbICSc1JQ",
    "spotify:track:2GxrNKugF82CnoRFbQfzPf"
  ],
  "subgenres": {
    "country": 0.3137254901960784,
    "pop punk": 0.0392156862745098,
    "emo": 0.0392156862745098,
    "emo pop": 0.0392156862745098,
    "red dirt": 0.0784313725490196,
    "texas country": 0.0392156862745098,
    "country rock": 0.0392156862745098,
    "phonk": 0.0196078431372549,
    "synthwave": 0.0196078431372549,
    "cloud rap": 0.0196078431372549,
    "dark trap": 0.0196078431372549,
    "underground hip hop": 0.0196078431372549,
    "memphis rap": 0.0392156862745098,
    "emo rap": 0.0196078431372549,
    "rap": 0.058823529411764705,
    "melodic rap": 0.0196078431372549,
    "rock": 0.0392156862745098,
    "hard rock": 0.0196078431372549,
    "classic rock": 0.0196078431372549,
    "rock and roll": 0.0196078431372549,
    "rage rap": 0.0196078431372549,
    "punk": 0.0196078431372549,
    "skate punk": 0.0196078431372549,
    "hip hop": 0.0196078431372549
  },
  "supergenres": {
    "Country": 0.4782608695652174,
    "Rock": 0.2391304347826087,
    "Hip Hop": 0.2391304347826087,
    "Pop": 0.021739130434782608,
    "Metal": 0.021739130434782608
  }
}