{
  "user_id": "cozyy_panda-40mZ7Gaf29yKaxrmhrprpN-3",
  "top_tracks": [
    "spotify:track:608xszaAxVh4m7NcKJiAbF",
    "spotify:track:6nLvaCZFR1wEzW3sIKpsnr",
    "spotify:track:7dIh8FF0EzYKS8STv3v4F4",
    "spotify:track:4IvZLDtwBHmBmwgDIUbuwa",
    "spotify:track:5qGavrnGfH766WNp5pZXS2",
    "spotify:track:1MkqBhP5byDttRYtZsDC6p",
    "spotify:track:1mhTvUmMomF7eLiM4dZyUp",
    "spotify:track:5yLpmK6lP7cd8BgchOQ07o",
    "spotify:track:3xKsGYkJKy0bbQuUHRYrei",
    "spotify:track:07oO1U722crtVcavi6frX6",
    "spotify:track:4alHo6RGd0D3OUbTPExTHN",
    "spotify:track:4q3jPOs1eS4BoHtG08r9QW",
    "spotify:track:4vkD9qo574mcQnd9i8nXFT",
    "spotify:track:6Jv7kjGkhY2fT4yuBF3aTz",
    "spotify:track:3eMYc6FK9XvyauIaxcJtRS",
    "spotify:track:07q0QVgO56EorrSGHC48y3",
    "spotify:track:7JEzAlwHhCD2M1cYE6BeqJ",
    "spotify:track:3YuaBvuZqcwN3CEAyyoaei",
    "spotify:track:2Co0IjcLTSHMtodwD4gzfg",
    "spotify:track:7x8dCjCr0x6x2lXKujYD34",
    "spotify:track:2VNfJpwdEQBLyXajaa6LWT",
    "spotify:track:2kHOFLXpz4PIh4bFg3a96r",
    "spotify:track:11oBg7EA3BgPLWrIx4Rv7D",
    "spotify:track:592nTDJAy8AucV4KKIDCmA",
    "spotify:track:5lWRaa0fBxDE5yU91npPq7",
    "spotify:track:3RHpeb3KmqvjotPlZuammr",
    "spotify:track:6KknhggJ4EgpzlEDy19yWv",
    "spotify:track:1aQofkH1xY6g5GZIfh0cFY",
    "spotify:track:79oQb66jALYYKX1hn4qs4p",
    "spotify:track:0LbZLBBZI1NfaDgb4dx0UD",
    "spotify:track:0eFtkwEavaYhrmkSl95gmS",
    "spotify:track:3xlkH2csAScP9oudUA9HY5",
    "spotify:track:0ZwS03v4euiMztP9xDLgoO"
  ],
  "subgenres": {
    "classic rock": 0.06666666666666667,
    "soft rock": 0.016666666666666666,
    "rock": 0.1,
    "post-grunge": 0.06666666666666667,
    "alternative rock": 0.08333333333333333,
    "grunge": 0.06666666666666667,
    "modern rock": 0.05,
    "post-hardcore": 0.016666666666666666,
    "punk": 0.016666666666666666,
    "noise rock": 0.016666666666666666,
    "hardcore punk": 0.016666666666666666,
    "indie": 0.016666666666666666,
    "power pop": 0.016666666666666666,
    "new wave": 0.03333333333333333,
    "glam metal": 0.016666666666666666,
    "glam rock": 0.016666666666666666,
    "hard rock": 0.016666666666666666,
    "alternative metal": 0.016666666666666666,
    "post-punk": 0.016666666666666666,
    "southern rock": 0.016666666666666666,
    "blues rock": 0.016666666666666666,
    "proto-punk": 0.016666666666666666,
    "emo": 0.06666666666666667,
    "pop punk": 0.05,
    "emo pop": 0.05,
    "midwest emo": 0.05,
    "folk punk": 0.016666666666666666,
    "indie punk": 0.03333333333333333,
    "math rock": 0.016666666666666666
  },
  "supergenres": {
    "Rock": 0.8363636363636363,
    "Metal": 0.12727272727272726,
    "Pop": 0.01818181818181818,
    "Folk/Acoustic": 0.01818181818181818
  }
}