{
  "user_id": "dusky_vapor-298ake83n1yhQ7gkwjMWvW-3",
  "top_tracks": [
    "spotify:track:1vcxF91pWs9uNwDROuiCPB",
    "spotify:track:6KuHjfXHkfnIjdmcIvt9r0",
    "spotify:track:2BY7ALEWdloFHgQZG6VMLA",
    "spotify:track:6L89mwZXSOwYl76YXfX13s",
    "spotify:track:3fkPMWQ6cBNBLuFcPyMS8s",
    "spotify:track:28IEbk5a7twNTbUEvWslUb",
    "spotify:track:0rmGAIH9LNJewFw7nKzZnc",
    "spotify:track:60ZGteAEtPCnGE6zevgUcd",
    "spotify:track:5QTxFnGygVM4jFQiBovmRo",
    "spotify:track:305WCRhhS10XUcH6AEwZk6",
    "spotify:track:15BsrefgYpMgu1ZCIr8EJw",
    "spotify:track:4GZ3YCkuH0VvTluVLwUp4g",
    "spotify:track:4BZZF85cZXl7zl7ajFnQ0y",
    "spotify:track:6kcHg7XL6SKyPNd78daRBL",
    "spotify:track:1GBCRzguynFjvk7r7cyunV",
    "spotify:track:4kbj5MwxO1bq9wjT5g9HaA",
    "spotify:track:5w6B0sAH7XauCvMOAtplQj",
    "spotify:track:5O3nMjk8xL7n4TIh0tym4i",
    "spotify:track:4o6BgsqLIBViaGVbx5rbRk",
    "spotify:track:2Cdvbe2G4hZsnhNMKyGrie",
    "spotify:track:0W9Xvd4Qx1aZPxEi94vgRY",
    "spotify:track:4DJLcyfnyEGlUejAEAX4az",
    "spotify:track:10Nmj3JCNoMeBQ87uw5j8k",
    "spotify:track:3Cx4yrFaX8CeHwBMReOWXI",
    "spotify:track:0w4m3Xp4svlIoyL94Zjlyd",
    "spotify:track:42et6fnHCw1HIPSrdPprMl",
    "spotify:track:0ChpoNjXfJPjMvCIN6so6J",
    "spotify:track:5zA8vzDGqPl2AzZkEYQGKh",
    "spotify:track:6TfBA04WJ3X1d1wXhaCFVT",
    "spotify:track:2uBppwc5EeRPp5DxGVqyu8",
    "spotify:track:4PwwyZBEkHcm4OTJThCzXi",
    "spotify:track:56dtB7EzO7EneUgYwX8krC",
    "spotify:track:6ihL9TjfRjadfEePzXXyVF"
  ],
  "subgenres": {
    "punk": 0.1111111111111111,
    "hardcore punk": 0.027777777777777776,
    "pop punk": 0.08333333333333333,
    "classic rock": 0.08333333333333333,
    "hard rock": 0.05555555555555555,
    "glam metal": 0.027777777777777776,
    "rock": 0.1111111111111111,
    "folk pop": 0.027777777777777776,
    "indie folk": 0.027777777777777776,
    "gothic country": 0.027777777777777776,
    "soft rock": 0.08333333333333333,
    "post-grunge": 0.027777777777777776,
    "alternative metal": 0.027777777777777776,
    "acoustic rock": 0.027777777777777776,
    "funk rock": 0.027777777777777776,
    "alternative rock": 0.027777777777777776,
    "emo pop": 0.05555555555555555,
    "emo": 0.05555555555555555,
    "skate punk": 0.027777777777777776,
    "southern rock": 0.027777777777777776,
    "country rock": 0.027777777777777776
  },
  "supergenres": {
    "Rock": 0.8125,
    "Metal": 0.15625,
    "Folk/Acoustic": 0.03125
  }
}