{
  "user_id": "fizzy_robot-5ZZm4tzxmceQ3T9sjsFyc9-1",
  "top_tracks": [
    "spotify:track:6K4t31amVTZDgR3sKmwUJJ",
    "spotify:track:1Rq4GtIucW9CAcF8B6PAbW",
    "spotify:track:4eIYnlcgI2chjQBuW1VRr7",
    "spotify:track:6et5HwX6nTYddg7hDGAxug",
    "spotify:track:6wsqVwoiVH2kde4k4KKAFU",
    "spotify:track:5ezBNotZ831KDvrtVtn1nI",
    "spotify:track:5WDLRQ3VCdVrKw0njWe5E5",
    "spotify:track:3azJifCSqg9fRij2yKIbWz",
    "spotify:track:51c94ac31swyDQj9B3Lzs3",
    "spotify:track:3sIKgS05lsszua6zt0rgf2",
    "spotify:track:59WN2psjkt1tyaxjspN8fp",
    "spotify:track:3WbphvawbMZ8FyqDxYGdSQ",
    "spotify:track:5FVd6KXrgO9B3JPmC8OPst",
    "spotify:track:2gQYziDV5cSTRSqr6akzi5",
    "spotify:track:2N9LEu6Pf8nDcp3GjWJT1Z",
    "spotify:track:42T2QQv3xgBlpQxaSP7lnK",
    "spotify:track:086myS9r57YsLbJpU0TgK9",
    "spotify:track:2QjOHCTQ1Jl3zawyYOpxh6",
    "spotify:track:1AMADyXgIWayh5vXLZo2qF",
    "spotify:track:34Yl756FwYuZldE9xnshj5",
    "spotify:track:6e7hIhOLH9zvb3zP5O5gt0",
    "spotify:track:4HpIh5wWfkq5sSuCLLSwYR",
    "spotify:track:2tudvzsrR56uom6smgOcSf",
    "spotify:track:0ZUo4YjG4saFnEJhdWp9Bt",
    "spotify:track:63edfGFGTKUTejLeFt3oPA",
    "spotify:track:3P7IwlmZ5HMZb9L2NIlJUR",
    "spotify:track:4QTlxavdQGUVitxAvQqqkU",
    "spotify:track:2eRYuzlSOBk3HlMsCSOLPJ",
    "spotify:track:6mz1fBdKATx6qP4oP1I65G",
    "spotify:track:61eJ7HqXGyHfmHIqJApX7v",
    "spotify:track:5UWwZ5lm5PKu6eKsHAGxOk",
    "spotify:track:52ojopYMUzeNcudsoz7O9D",
    "spotify:track:4rXLjWdF2ZZpXCVTfWcshS"
  ],
  "subgenres": {
    "indie": 0.08888888888888889,
    "psychedelic pop": 0.044444444444444446,
    "rap": 0.06666666666666667,
    "rage rap": 0.044444444444444446,
    "nu metal": 0.06666666666666667,
    "alternative metal": 0.06666666666666667,
    "rap metal": 0.06666666666666667,
    "shoegaze": 0.06666666666666667,
    "rock": 0.06666666666666667,
    "phonk": 0.022222222222222223,
    "dark trap": 0.022222222222222223,
    "memphis rap": 0.022222222222222223,
    "rap rock": 0.022222222222222223,
    "post-grunge": 0.06666666666666667,
    "garage rock": 0.044444444444444446,
    "midwest emo": 0.022222222222222223,
    "pop punk": 0.022222222222222223,
    "country": 0.022222222222222223,
    "bedroom pop": 0.022222222222222223,
    "southern hip hop": 0.022222222222222223,
    "r&b": 0.022222222222222223,
    "alternative rock": 0.022222222222222223,
    "grunge": 0.022222222222222223,
    "modern rock": 0.022222222222222223,
    "melodic rap": 0.022222222222222223
  },
  "supergenres": {
    "Pop": 0.075,
    "Hip Hop": 0.225,
    "Metal": 0.3,
    "Rock": 0.35,
    "Country": 0.025,
    "R&B": 0.025
  }
}