{
  "user_id": "fizzy_panda-3GV9R1UznADcHpNolaGAAL-1",
  "top_tracks": [
    "spotify:track:0QlOkt8nkZ8zqu8xb2SHU8",
    "spotify:track:4zN21mbAuaD0WqtmaTZZeP",
    "spotify:track:2USlegnFJLrVLpoVfPimKB",
    "spotify:track:2N8gR2yftrHbZR53U5kYnX",
    "spotify:track:331l3xABO0HMr1Kkyh2LZq",
    "spotify:track:5XSjmXj79UdVdT5ndQHM2x",
    "spotify:track:2URbaiBMr8AXJmYXRCbp14",
    "spotify:track:6V5LMAIGNd7qMjco5JjUSa",
    "spotify:track:4sqNr41UvSnWrbBpEyT1aI",
    "spotify:track:3Cc5jysVnner3PWLQ4GqFt",
    "spotify:track:05e1CoIPmXLy6aPBotZlTZ",
    "spotify:track:08D2l1z7iGDMbHbb227ydx",
    "spotify:track:0LcUDd9Pz0qSC1Tn09G4kn",
    "spotify:track:20R6MFfByX8wWVoZKEQRq8",
    "spotify:track:324PRDQIAb6yRVK4gdcn3j",
    "spotify:track:4r386q1Mmfke4Ubztf5obg",
    "spotify:track:3GZD6HmiNUhxXYf8Gch723",
    "spotify:track:3jksOdXCaDXyGiZ7L4YZbp",
    "spotify:track:5fgT3t3IYunBVjKhEzJZv6",
    "spotify:track:2OOCFcLq9vDnxbMvAMopi3",
    "spotify:track:2a68xrYa3kxdyxKQkVuaJQ",
    "spotify:track:7Hb4Dtw675WtRzSRrQVPfA",
    "spotify:track:5DeOUWTwAE6HhImDolzybY",
    "spotify:track:6vHkJ4L8gqCwedvhXkSCsa",
    "spotify:track:6vwWw8eyVwbzO3i5YqnPaU",
    "spotify:track:0m5ZfNYHMJ0akF4zEIqtzZ",
    "spotify:track:06V8tMMLJS1lNNejvWFzDt",
    "spotify:track:4dq7XLDmFHNwc1yqL339qT",
    "spotify:track:5eTaQYBE1yrActixMAeLcZ",
    "spotify:track:5djvVbkWl12Ja267DLjXFA",
    "spotify:track:3qkfREQh9srAqykto6evHF",
    "spotify:track:4XpDj477gvnsYNT21ap9Y8",
    "spotify:track:4KqA0GwEKbc96WyfIZn3SV"
  ],
  "subgenres": {
    "hypertechno": 0.02857142857142857,
    "slap house": 0.2,
    "techno": 0.02857142857142857,
    "house": 0.05714285714285714,
    "tech house": 0.02857142857142857,
    "italo dance": 0.05714285714285714,
    "drum and bass": 0.02857142857142857,
    "edm": 0.11428571428571428,
    "dance": 0.05714285714285714,
    "tropical house": 0.05714285714285714,
    "nerdcore": 0.02857142857142857,
    "anime rap": 0.02857142857142857,
    "anime": 0.02857142857142857,
    "russel\u00e5ter": 0.02857142857142857,
    "norwegian pop": 0.02857142857142857,
    "g-house": 0.02857142857142857,
    "trance": 0.05714285714285714,
    "big room": 0.05714285714285714,
    "future house": 0.02857142857142857,
    "progressive house": 0.02857142857142857
  },
  "supergenres": {
    "Electronic": 0.7941176470588235,
    "Hip Hop": 0.08823529411764706,
    "Pop": 0.11764705882352941
  }
}