{
  "user_id": "fuzzy_scone-7hloNqEG80PX35C0InYmKT-1",
  "top_tracks": [
    "spotify:track:7Ml1vXT6LaH34jVBGYygWY",
    "spotify:track:0OzYhueF403FBct7orzGEg",
    "spotify:track:2duTXvjuguZsBnAp6mtOr2",
    "spotify:track:2zIyWLmiA8ka9Si6x1D4oW",
    "spotify:track:3e2KBwxibC1rq4bA5TNKW2",
    "spotify:track:5ih5herXfvp5coBVFhmoAW",
    "spotify:track:0Ti2dlF2xLjXblvdU5fCxM",
    "spotify:track:7piw04hPQZ1OHZ9Fq9JOXR",
    "spotify:track:1SpjTDqWwEMche6JR9iOYz",
    "spotify:track:1jq28NGw6wdtFKx8MBPy6C",
    "spotify:track:3e3TZnZbZKYRyUJ9hYGDUL",
    "spotify:track:1QGnq9t4JQTk80eGGn7gPN",
    "spotify:track:7hNxx6bokdjR2GDBxrgLGO",
    "spotify:track:58xtmVtJnZSd8D8uU8SqxB",
    "spotify:track:1ZozJfi8u9cO2Ob8KwiwNT",
    "spotify:track:4BIWl6xOUupdv3jpWtPSDC",
    "spotify:track:5omWAB5iNMHvbAfBSzkdu8",
    "spotify:track:6wO0vMRAJB0r1lEWBJZNOq",
    "spotify:track:1We9y0dSphaMHt4owfGWpw",
    "spotify:track:3alR818PhuUHGV3FftmjfW",
    "spotify:track:20EIuxTmskJvFOrWavVF5E",
    "spotify:track:32gRS0sQDC8ZNRdqXNAmsu",
    "spotify:track:5ieuf6LGwk8Lhc4cleTAyK",
    "spotify:track:3FP8A246XpuafFofRhDlWG",
    "spotify:track:3LBilxL7LqXIjDMh8TOjnn",
    "spotify:track:11RUCSAgpexhJSMmcuO4h2",
    "spotify:track:7BybUkw37zA6vl9yUO45oN",
    "spotify:track:3GiJq4AQK7324mfIQbpiTf",
    "spotify:track:14EORgkbXqIx5K4Haucmnb",
    "spotify:track:2HaUEu0wAO5AOT0UB3i0LO",
    "spotify:track:56sk7jBpZV0CD31G9hEU3b",
    "spotify:track:42GP0xKtkolBnmqQRvSllO",
    "spotify:track:2md2i5QvelRFnafpnd6LOg"
  ],
  "subgenres": {
    "post-grunge": 0.2537313432835821,
    "metal": 0.07462686567164178,
    "rock": 0.1791044776119403,
    "alternative metal": 0.05970149253731343,
    "punk": 0.014925373134328358,
    "emo": 0.04477611940298507,
    "skate punk": 0.014925373134328358,
    "emo pop": 0.014925373134328358,
    "nu metal": 0.04477611940298507,
    "rap metal": 0.029850746268656716,
    "christian rock": 0.04477611940298507,
    "christian alternative rock": 0.04477611940298507,
    "metalcore": 0.029850746268656716,
    "screamo": 0.029850746268656716,
    "post-hardcore": 0.029850746268656716,
    "grunge": 0.014925373134328358,
    "heavy metal": 0.014925373134328358,
    "acoustic rock": 0.014925373134328358,
    "progressive rock": 0.014925373134328358,
    "ccm": 0.014925373134328358,
    "christian": 0.014925373134328358
  },
  "supergenres": {
    "Metal": 0.5692307692307692,
    "Rock": 0.4153846153846154,
    "Pop": 0.015384615384615385
  }
}