{
  "user_id": "fuzzy_lilac-3V1acvna6D1D6QpOQYLI2n-1",
  "top_tracks": [
    "spotify:track:2m3MghNJc7uwB9sBBtTcW9",
    "spotify:track:4a1oIFgu01B2nafpOHgvHZ",
    "spotify:track:4b4qenweAK0E90SiuUtrLy",
    "spotify:track:25kNkHMFK5q3ti9vOd6qEG",
    "spotify:track:2uQ4px5SPONsgcUpulywIQ",
    "spotify:track:5FNDpQSkgFiRdUKGfagIRJ",
    "spotify:track:19MkwMrRjO7773zpuGss1o",
    "spotify:track:5bi8RvkKme1gAWymqVbhSR",
    "spotify:track:2ewd25cXIdZvLxbgGh5eYA",
    "spotify:track:6LYpQiJDSCnnJqcmJcNFQ5",
    "spotify:track:65BmUqyPuH4QLfQjcoJPFL",
    "spotify:track:3UWQxide5hgGMep2YTvfUI",
    "spotify:track:2UIz26630k2gXueapTijHU",
    "spotify:track:1wpANfPJEzSKc5JhEIGYQ1",
    "spotify:track:7GhvAFbi2TLLmfTLHPEK0f",
    "spotify:track:4JJ5zGKnb1IpERyBrfmb1y",
    "spotify:track:4IadxL6BUymXlh8RCJJu7T",
    "spotify:track:6ymafuSC9VWoGRPquZkQKV",
    "spotify:track:0u9NVrPqUINrHIFCuPOnYm",
    "spotify:track:5fpEDGQX0Ah3utGnFYulQZ",
    "spotify:track:6rGkeKNrpmTOHNsgiKU429",
    "spotify:track:7ecVrUYlhj6OrKTAK0oDzo",
    "spotify:track:6LgJvl0Xdtc73RJ1mmpotq",
    "spotify:track:2O7OjNCjqflzWOTVg9UlEm",
    "spotify:track:5GkLiVMMsFjvXNlPCfrAOC",
    "spotify:track:1ULzttQgU3Q9EaIpdoxF1T",
    "spotify:track:7i5fGsP7h5klK7QVYPhuM2",
    "spotify:track:7aQit8ovPbSAnxMI7YtdsP",
    "spotify:track:2vFc7WKzy7hG8gzzPl36ze",
    "spotify:track:06kCXolakmAYMskyta0hk5",
    "spotify:track:3hCPh4oVVjaM8tv9sFH8cx",
    "spotify:track:6tNQ70jh4OwmPGpYy6R2o9",
    "spotify:track:0c8K5IUrmVlieC0Fc0d8tV"
  ],
  "subgenres": {
    "country": 0.23809523809523808,
    "red dirt": 0.07142857142857142,
    "alt country": 0.047619047619047616,
    "texas country": 0.047619047619047616,
    "bluegrass": 0.07142857142857142,
    "neoclassical": 0.09523809523809523,
    "indie folk": 0.047619047619047616,
    "folk pop": 0.047619047619047616,
    "classic rock": 0.023809523809523808,
    "rock": 0.023809523809523808,
    "hard rock": 0.023809523809523808,
    "rock and roll": 0.023809523809523808,
    "art rock": 0.023809523809523808,
    "alternative rock": 0.023809523809523808,
    "blues": 0.023809523809523808,
    "blues rock": 0.023809523809523808,
    "modern blues": 0.023809523809523808,
    "classical": 0.047619047619047616,
    "folk": 0.023809523809523808,
    "americana": 0.023809523809523808,
    "classical piano": 0.023809523809523808
  },
  "supergenres": {
    "Country": 0.5757575757575758,
    "Folk/Acoustic": 0.09090909090909091,
    "Rock": 0.18181818181818182,
    "Blues": 0.06060606060606061,
    "Classical": 0.09090909090909091
  }
}