{
  "user_id": "grimy_candy-7hloNqEG80PX35C0InYmKT-2",
  "top_tracks": [
    "spotify:track:63dgFqper9Sv4cnWXouzHf",
    "spotify:track:6OMO6WdRhSfjMPAiPT94wH",
    "spotify:track:7q3vcf5XpYU6Y1iX4ZzHAk",
    "spotify:track:5UwbnHhjnbinJH8TefuQfN",
    "spotify:track:4UEo1b0wWrtHMC8bVqPiH8",
    "spotify:track:2dlgumgcNCRafhgZQyDCzH",
    "spotify:track:51kc1t2rhLNYQN0nknM30C",
    "spotify:track:5tkcQeBaeM1ZoNs2YUOmnz",
    "spotify:track:4YetrvKdYwgQANVedMth3F",
    "spotify:track:0xKFHPdmWipLYPG3zlPpr4",
    "spotify:track:3cWQDKcIhP74CTfkxoCN0J",
    "spotify:track:60zDzUtVX5z1DPefxMZ2J7",
    "spotify:track:3gLvDdJVhHLWWkgzTbYeJB",
    "spotify:track:1yYE8EyuIV0rrvQ1bA2Fyf",
    "spotify:track:48ncRBVLgiu8MY7O70VVw5",
    "spotify:track:4eTIe5eqds88bA9ua6p5p6",
    "spotify:track:1RTYixE1DD3g3upEpmCJpa",
    "spotify:track:2gY3Z3f1Qe4vWnw15dBkSw",
    "spotify:track:0Fl8ciGpmcUezzgaSKvysd",
    "spotify:track:2AsTgVcWojYwQAvzgacYWy",
    "spotify:track:7q096gH9G0OjuUduheqM4l",
    "spotify:track:788uyCFxDhOamonBgeuTVY",
    "spotify:track:66UbHESsyfaXdoxlqVBa1T",
    "spotify:track:756CJtQRFSxEx9jV4P9hpA",
    "spotify:track:1szwDbVdIdoQq5mG5GXAmJ",
    "spotify:track:37to84oEDx7K0VhQfJNyu5",
    "spotify:track:0ZR5YmVcNtP6ZSF4Lr0FY2",
    "spotify:track:0vhOJ8a3M2LWnBNrDXJKDl",
    "spotify:track:0vMpw8pTVb7egqdVaKwy6U",
    "spotify:track:55KYlnsC6nYnr3IykbmJwE",
    "spotify:track:7kpa6MWRrPaF3b6C0DgioK",
    "spotify:track:3tYxhPqkioZEV5el3DJxLQ",
    "spotify:track:3OYZWMm5m2DEwq2Tc1ukTh"
  ],
  "subgenres": {
    "metalcore": 0.04395604395604396,
    "screamo": 0.054945054945054944,
    "metal": 0.12087912087912088,
    "post-hardcore": 0.04395604395604396,
    "post-grunge": 0.13186813186813187,
    "rock": 0.14285714285714285,
    "alternative metal": 0.0989010989010989,
    "heavy metal": 0.054945054945054944,
    "groove metal": 0.02197802197802198,
    "hard rock": 0.04395604395604396,
    "christian rock": 0.01098901098901099,
    "christian alternative rock": 0.01098901098901099,
    "christian": 0.01098901098901099,
    "emo": 0.02197802197802198,
    "nu metal": 0.054945054945054944,
    "rap metal": 0.054945054945054944,
    "grunge": 0.01098901098901099,
    "stoner rock": 0.01098901098901099,
    "alternative rock": 0.02197802197802198,
    "glam metal": 0.01098901098901099,
    "thrash metal": 0.01098901098901099,
    "shoegaze": 0.01098901098901099
  },
  "supergenres": {
    "Metal": 0.6666666666666666,
    "Rock": 0.3333333333333333
  }
}