{
  "user_id": "hasty_sloth-76kxhBeCZ96VobdTzzdeKn-1",
  "top_tracks": [
    "spotify:track:0Coai3QxvjCXWMhVN1hpgE",
    "spotify:track:34tFidHrETMAjsiK87WVVW",
    "spotify:track:7312Eo9LfeRKXMYojugoFG",
    "spotify:track:6L9uay2MM8qACwI1yQHnw2",
    "spotify:track:1UuaWKypSkIHxFZD03zw4m",
    "spotify:track:3nRhH5u3TE6HtvBH6mNwzY",
    "spotify:track:6MJKD4yww06r6AskfnnMRQ",
    "spotify:track:5sGGlfbqdGlJr3ZMMjODoy",
    "spotify:track:1FmF8pmIiLEGNNWFdlkhW3",
    "spotify:track:1juBRo49adrKPIJDdOf6zt",
    "spotify:track:14WNN9XlshGSckMBNcP6Ez",
    "spotify:track:6oZ7fDtbmdX8VmB3Z1hhPX",
    "spotify:track:7BaxYnTazocAOK3istsW1z",
    "spotify:track:4zEvxRDaKDoFlHxK7Hy0wg",
    "spotify:track:5jNgH55JJuDBRTDJcTI9YY",
    "spotify:track:0YJ9FWWHn9EfnN0lHwbzvV",
    "spotify:track:7fd3aMiuwHWKsTdZafjOfZ",
    "spotify:track:4LKYOetuIF5c9XjeLBL9av",
    "spotify:track:596pY5JqwSgSqM8cA4A0rg",
    "spotify:track:0uphGVj1uIticJK6gb2WnO",
    "spotify:track:2dPV0Ho7iaEl0Luc2D8aP8",
    "spotify:track:5hXEcqQhEjfZdbIZLO8mf2",
    "spotify:track:0HAqq2GcQKyi3s87GuN7jU",
    "spotify:track:0jyikFM0Umv0KlnrOEKtTG",
    "spotify:track:3k2kIiJqUiIP49iUcOLpWT",
    "spotify:track:1rNSCrsOoWyhKH4g47mehU",
    "spotify:track:5411TEB6tlzvuF5A4oyldr",
    "spotify:track:7c378mlmubSu7NGkLFa4sN",
    "spotify:track:3cjvqsvvU80g7WJPMVh8iq",
    "spotify:track:05lmqBrKGLHAmqsADEuU9a",
    "spotify:track:43CH8rGzIWdIG920G0n5yV",
    "spotify:track:2CVV8PtUYYsux8XOzWkCP0",
    "spotify:track:6JuEshIRliNXRU1LXctRjZ"
  ],
  "subgenres": {
    "shoegaze": 0.07547169811320754,
    "dream pop": 0.07547169811320754,
    "post-punk": 0.05660377358490566,
    "darkwave": 0.018867924528301886,
    "new wave": 0.03773584905660377,
    "deathrock": 0.018867924528301886,
    "cold wave": 0.018867924528301886,
    "alternative rock": 0.11320754716981132,
    "rock": 0.03773584905660377,
    "singer-songwriter": 0.03773584905660377,
    "art rock": 0.11320754716981132,
    "jangle pop": 0.05660377358490566,
    "midwest emo": 0.018867924528301886,
    "post-hardcore": 0.018867924528301886,
    "melodic hardcore": 0.018867924528301886,
    "pop punk": 0.018867924528301886,
    "emo": 0.018867924528301886,
    "hyperpop": 0.018867924528301886,
    "art pop": 0.03773584905660377,
    "madchester": 0.018867924528301886,
    "nu metal": 0.018867924528301886,
    "alternative metal": 0.018867924528301886,
    "rap metal": 0.018867924528301886,
    "grunge": 0.018867924528301886,
    "christmas": 0.018867924528301886,
    "bedroom pop": 0.018867924528301886,
    "chamber pop": 0.018867924528301886,
    "post-rock": 0.018867924528301886,
    "slowcore": 0.018867924528301886
  },
  "supergenres": {
    "Rock": 0.62,
    "Pop": 0.24,
    "Folk/Acoustic": 0.06,
    "Metal": 0.08
  }
}