{
  "user_id": "moody_petal-7r5gWYgYVfgiEcAZIIjZNZ-1",
  "top_tracks": [
    "spotify:track:5o8OdhjVZSF2wCj7M8UpMN",
    "spotify:track:4Q9PBVDGeOM55aLD90A4x8",
    "spotify:track:6zSLy6mrBrMlzaIn9UDw6o",
    "spotify:track:1pr9TZGOXeJUggIal1Wq3R",
    "spotify:track:3w0w2T288dec0mgeZZqoNN",
    "spotify:track:77DRzu7ERs0TX3roZcre7Q",
    "spotify:track:1xA87lWGnZlIjG8tw4327F",
    "spotify:track:51EC3I1nQXpec4gDk0mQyP",
    "spotify:track:0O3TAouZE4vL9dM5SyxgvH",
    "spotify:track:5UWwZ5lm5PKu6eKsHAGxOk",
    "spotify:track:39ZiU2QVBvDQzeepJjg8tp",
    "spotify:track:0Tgm7wkLb0AfAHAZDschvD",
    "spotify:track:7tvuLLroI0n6uYBWuFig5d",
    "spotify:track:3ezGIgTmk2BZy9C3j0x1h9",
    "spotify:track:3sHH7lklbfpcraDDvYnjo7",
    "spotify:track:2iGvsJuc2mC4mDVOVMNAP6",
    "spotify:track:03sEzk1VyrUZSgyhoQR0LZ",
    "spotify:track:6nJPHXRpKYv2yqtalEjKy5",
    "spotify:track:4KyghCEewQOSZ4OdvQwFN3",
    "spotify:track:4kjI1gwQZRKNDkw1nI475M",
    "spotify:track:1oTKnx7AgEhA5wUs3Z8rrr",
    "spotify:track:3jagGO7eHHuaD53ibehkux",
    "spotify:track:7zAt4tdL44D3VuzsvM0N8n",
    "spotify:track:1vxu8vMNshg5J8z3oA7QJZ",
    "spotify:track:04WxWo7XeVyx22xEsrWRUb",
    "spotify:track:3Fwe3XoPOiyWUPYdBKMTqV",
    "spotify:track:1BLfQ6dPXmuDrFmbdfW7Jl",
    "spotify:track:1lATXTBJDHwawvT1UfxWu3",
    "spotify:track:5JrajjztyjvkuUB8ZqzUML",
    "spotify:track:1158ckiB5S4cpsdYHDB9IF",
    "spotify:track:6FVYwnVrnAEIRnY3bHJb46",
    "spotify:track:5tEaVciE2GnR28aN6W9cLS",
    "spotify:track:3ZOEytgrvLwQaqXreDs2Jx"
  ],
  "subgenres": {
    "metal": 0.16981132075471697,
    "alternative metal": 0.18867924528301888,
    "heavy metal": 0.08490566037735849,
    "rock": 0.1320754716981132,
    "experimental hip hop": 0.009433962264150943,
    "alternative hip hop": 0.009433962264150943,
    "experimental": 0.009433962264150943,
    "nu metal": 0.0660377358490566,
    "rap metal": 0.0660377358490566,
    "hip hop": 0.009433962264150943,
    "west coast hip hop": 0.009433962264150943,
    "rap": 0.04716981132075472,
    "post-grunge": 0.009433962264150943,
    "alternative rock": 0.018867924528301886,
    "grunge": 0.009433962264150943,
    "modern rock": 0.009433962264150943,
    "progressive metal": 0.04716981132075472,
    "progressive rock": 0.03773584905660377,
    "shoegaze": 0.02830188679245283,
    "sludge metal": 0.009433962264150943,
    "groove metal": 0.009433962264150943,
    "stoner rock": 0.009433962264150943,
    "funk rock": 0.009433962264150943
  },
  "supergenres": {
    "Metal": 0.6571428571428571,
    "Rock": 0.26666666666666666,
    "Hip Hop": 0.0761904761904762
  }
}