{
  "user_id": "moody_ghost-298ake83n1yhQ7gkwjMWvW-2",
  "top_tracks": [
    "spotify:track:2Iq6HhIquO7JKr0KfTNLzU",
    "spotify:track:57i3M29DWoo7RDk0Tf0LZG",
    "spotify:track:0GO8y8jQk1PkHzS31d699N",
    "spotify:track:0Nk7bSn0MItonkR0GNs3mj",
    "spotify:track:4vuJuTLFomqItDrn482nzV",
    "spotify:track:2WfaOiMkCvy7F5fcp2zZ8L",
    "spotify:track:4wswaG5vmNINMZcVBsAyBP",
    "spotify:track:7gSQv1OHpkIoAdUiRLdmI6",
    "spotify:track:5RsUlxLto4NZbhJpqJbHfN",
    "spotify:track:78bsqObGFUD5ntweePBhIY",
    "spotify:track:003vvx7Niy0yvhvHt4a68B",
    "spotify:track:1KDYN3odJHnj9pqGHN3FVs",
    "spotify:track:4VgEM12OeaN3GyBV487Me7",
    "spotify:track:0K1KOCeJBj3lpDYxEX9qP2",
    "spotify:track:2lwwrWVKdf3LR9lbbhnr6R",
    "spotify:track:70wYA8oYHoMzhRRkARoMhU",
    "spotify:track:1Dr1fXbc2IxaK1Mu8P8Khz",
    "spotify:track:1yKu2MhpwzDXXH2tzG6xoa",
    "spotify:track:1UDhFEt0NlOFKwWRQJTgHe",
    "spotify:track:7pMWn5fjw6P3n3lj5UZaVN",
    "spotify:track:2l57cfmCnOkwNX1tky02n1",
    "spotify:track:0a7BloCiNzLDD9qSQHh5m7",
    "spotify:track:2DKMINA8asTPUJz8Qu2CGK",
    "spotify:track:3SemJVQCsUo0K3QGN7pIXu",
    "spotify:track:0FDtfURDoNGv0sjNnvscPR",
    "spotify:track:5arVt2Wg0zbiWwAOZef2Nl",
    "spotify:track:3geJxU83R4EzSjIymcXSt2",
    "spotify:track:33iv3wnGMrrDugd7GBso1z",
    "spotify:track:54ipXppHLA8U4yqpOFTUhr",
    "spotify:track:4bPQs0PHn4xbipzdPfn6du",
    "spotify:track:5RRWirYSE08FPKD6Mx4v0V",
    "spotify:track:5aejtAMTPonqopEygQgOkq",
    "spotify:track:4m9pbrpUJuQtXI47N4G6Lh"
  ],
  "subgenres": {
    "indie": 0.07142857142857142,
    "new wave": 0.03571428571428571,
    "synthpop": 0.03571428571428571,
    "classic rock": 0.03571428571428571,
    "alternative rock": 0.17857142857142858,
    "punk": 0.07142857142857142,
    "pop punk": 0.17857142857142858,
    "indie rock": 0.03571428571428571,
    "celtic rock": 0.03571428571428571,
    "celtic": 0.03571428571428571,
    "emo": 0.10714285714285714,
    "emo pop": 0.07142857142857142,
    "gothic country": 0.03571428571428571,
    "funk rock": 0.03571428571428571,
    "rock": 0.03571428571428571
  },
  "supergenres": {
    "Rock": 0.9130434782608695,
    "Pop": 0.043478260869565216,
    "World/Traditional": 0.043478260869565216
  }
}