{
  "user_id": "nerdy_honey-7KiGD6BDIqA6eQANfCiN0B-2",
  "top_tracks": [
    "spotify:track:4BMWCaNjKILdE1yTl9FZNZ",
    "spotify:track:2PUiseqaca0O5TqXQ9mOun",
    "spotify:track:3IDg61SwD5FEZ8U13ibb1l",
    "spotify:track:5J3Qc6Zxd0cLolGL6V2uhu",
    "spotify:track:3k2kIiJqUiIP49iUcOLpWT",
    "spotify:track:3Kl9k0oZf2tH1ocpQxL2N2",
    "spotify:track:31oCf8ib5WFynZtxYvIEVf",
    "spotify:track:732WGiBVzJ03rWfxZnyhCx",
    "spotify:track:4YI6091q0mWguKWkPnky2B",
    "spotify:track:7BAgOJ9ju65qiLXH76QLaD",
    "spotify:track:2ZG5Kw7M5UHW67hVDYA2YT",
    "spotify:track:1UOEwcIsv696Gaq8ZA6NUu",
    "spotify:track:55FjbH8ohmSqqgzWM2DRkF",
    "spotify:track:5dW8gOPZsZRQOzjdmcOREc",
    "spotify:track:7GWTupZ43FbwCXB0sDCmBh",
    "spotify:track:09ToXD5qFA1f6K9XlbAIFi",
    "spotify:track:6OJCC0mOr0vBiq6BZS8L9X",
    "spotify:track:00Z7kHgT3GvALE1QwZURtg",
    "spotify:track:6d0AECWXEBtN3mNbkrXz6F",
    "spotify:track:4OeIzW5e0CWOxONKOqyJZk",
    "spotify:track:6imeL6lhVdZP4CYMzoMyZg",
    "spotify:track:0nYbjARvvJYQulZYDKlSum",
    "spotify:track:49QITndLJGff8X114ZGJHn",
    "spotify:track:62ZYyXIsHVX5xVUj80arVu",
    "spotify:track:761QvVHTibYjEi2r6A4g4Q",
    "spotify:track:0tmuKTVWaDtGbSj258L4na",
    "spotify:track:3601CE2jfXerJy1vlbO91Z",
    "spotify:track:41JBXtssxYuLMyiBwwlnY6",
    "spotify:track:23M9FijuZP9MsVQrCLdqct",
    "spotify:track:5ZgOaOv3BZgoQn418yBhu9",
    "spotify:track:2iMQ4vcztXhI431gufvxlb",
    "spotify:track:6z87aWI0iqJR663TCxq16p",
    "spotify:track:5W0j7P73UBuiRvExwNVbYc"
  ],
  "subgenres": {
    "indie rock": 0.06060606060606061,
    "indie": 0.06060606060606061,
    "alternative rock": 0.06060606060606061,
    "art rock": 0.030303030303030304,
    "chamber pop": 0.06060606060606061,
    "post-punk": 0.030303030303030304,
    "post-rock": 0.030303030303030304,
    "folk": 0.06060606060606061,
    "art pop": 0.15151515151515152,
    "italo disco": 0.030303030303030304,
    "disco": 0.030303030303030304,
    "synthpop": 0.030303030303030304,
    "cold wave": 0.06060606060606061,
    "post-disco": 0.030303030303030304,
    "darkwave": 0.030303030303030304,
    "psychedelic rock": 0.030303030303030304,
    "acid rock": 0.030303030303030304,
    "baroque pop": 0.030303030303030304,
    "psychedelic pop": 0.030303030303030304,
    "proto-punk": 0.030303030303030304,
    "free jazz": 0.030303030303030304,
    "jazz": 0.030303030303030304,
    "jangle pop": 0.030303030303030304
  },
  "supergenres": {
    "Rock": 0.3333333333333333,
    "Pop": 0.4444444444444444,
    "Folk/Acoustic": 0.07407407407407407,
    "R&B": 0.07407407407407407,
    "Jazz": 0.07407407407407407
  }
}