{
  "user_id": "quirk_panda-1Rk8qsP4nChMQuP2mUUO01-3",
  "top_tracks": [
    "spotify:track:6QewNVIDKdSl8Y3ycuHIei",
    "spotify:track:4QTlxavdQGUVitxAvQqqkU",
    "spotify:track:2BY7ALEWdloFHgQZG6VMLA",
    "spotify:track:2G8PweZBBwTpyP8vpNQJK2",
    "spotify:track:1acjIzGS1YUrx6nSuktnqU",
    "spotify:track:3SFXsFpeGmBTtQvKiwYMDA",
    "spotify:track:2IU7Rb5EvRfJ7Ez6fXiyc8",
    "spotify:track:2aPTvyE09vUCRwVvj0I8WK",
    "spotify:track:31RTFPrB7wmYBhlkM2ILXG",
    "spotify:track:3hYOKyqcQF4UHo9Autlje3",
    "spotify:track:5ZBeML7Lf3FMEVviTyvi8l",
    "spotify:track:1zN6ynJG4PdR61YWv4PQ3Y",
    "spotify:track:4xdBrk0nFZaP54vvZj0yx7",
    "spotify:track:2DlHlPMa4M17kufBvI2lEN",
    "spotify:track:7lRlq939cDG4SzWOF4VAnd",
    "spotify:track:0dgZLS9ZtrMVEzZqezmkmy",
    "spotify:track:19MkwMrRjO7773zpuGss1o",
    "spotify:track:2ydUT1pFhuLDnouelIv4WH",
    "spotify:track:10Nmj3JCNoMeBQ87uw5j8k",
    "spotify:track:70L6nHORQsblY813yNqUR3",
    "spotify:track:3IznIgmXtrUaoPWpQTy5jB",
    "spotify:track:2Gy7qnDwt8Z3MNxqat4CsK",
    "spotify:track:1AMADyXgIWayh5vXLZo2qF",
    "spotify:track:4KacUpvbA3Mfo05gttTjhN",
    "spotify:track:7j31rVgGX9Q2blT92VBEA0",
    "spotify:track:7N2PNxzZXxCdAHiAfsklhT",
    "spotify:track:1AWQoqb9bSvzTjaLralEkT",
    "spotify:track:3kQfBtkQqgN1fAMfhks8TU",
    "spotify:track:4a2uqVlpRChHj32EjJLu7G",
    "spotify:track:1csPfS6y1zVsZx7SbXJDXJ",
    "spotify:track:7LbfuQVct78YoghmoPtsQ8",
    "spotify:track:2EoOZnxNgtmZaD8uUmz2nD",
    "spotify:track:2YodwKJnbPyNKe8XXSE9V7"
  ],
  "subgenres": {
    "grunge": 0.030927835051546393,
    "rock": 0.07216494845360824,
    "post-grunge": 0.020618556701030927,
    "southern hip hop": 0.010309278350515464,
    "emo": 0.09278350515463918,
    "screamo": 0.010309278350515464,
    "post-hardcore": 0.041237113402061855,
    "midwest emo": 0.07216494845360824,
    "shoegaze": 0.05154639175257732,
    "melodic hardcore": 0.030927835051546393,
    "pop punk": 0.10309278350515463,
    "punk": 0.030927835051546393,
    "skate punk": 0.030927835051546393,
    "math rock": 0.020618556701030927,
    "rap": 0.010309278350515464,
    "nu metal": 0.030927835051546393,
    "metal": 0.020618556701030927,
    "alternative metal": 0.030927835051546393,
    "rap metal": 0.030927835051546393,
    "indie punk": 0.010309278350515464,
    "emo pop": 0.041237113402061855,
    "classic rock": 0.010309278350515464,
    "psychedelic rock": 0.020618556701030927,
    "christian rock": 0.010309278350515464,
    "christian alternative rock": 0.010309278350515464,
    "country": 0.020618556701030927,
    "red dirt": 0.020618556701030927,
    "alt country": 0.020618556701030927,
    "texas country": 0.020618556701030927,
    "bluegrass": 0.020618556701030927,
    "funk rock": 0.010309278350515464,
    "alternative rock": 0.010309278350515464,
    "baroque pop": 0.010309278350515464,
    "acid rock": 0.010309278350515464,
    "hard rock": 0.010309278350515464
  },
  "supergenres": {
    "Rock": 0.6593406593406593,
    "Metal": 0.21978021978021978,
    "Hip Hop": 0.02197802197802198,
    "Country": 0.08791208791208792,
    "Pop": 0.01098901098901099
  }
}