{
  "user_id": "sassy_raven-0MuphdaIsEABYabIKY3Izb-3",
  "top_tracks": [
    "spotify:track:1wFFFzJ5EsKbBWZriAcubN",
    "spotify:track:2FDTHlrBguDzQkp7PVj16Q",
    "spotify:track:28qA8y1sz0FTuSapsCxNOG",
    "spotify:track:17sPXQa8bT24ToCYHXuQXI",
    "spotify:track:3QS9ZCtoSCJhmaJ7QNXSAS",
    "spotify:track:1XBYiRV30ykHw5f4wm6qEn",
    "spotify:track:2yUzr8Sr6ldG8vmHhZwTnz",
    "spotify:track:3sNVsP50132BTNlImLx70i",
    "spotify:track:3eP13S8D5m2cweMEg3ZDed",
    "spotify:track:5FkoSXiJPKTNyYgALRJFhD",
    "spotify:track:51EC3I1nQXpec4gDk0mQyP",
    "spotify:track:2ZWlPOoWh0626oTaHrnl2a",
    "spotify:track:24FUBxaAYSBlWsbSnEzDcn",
    "spotify:track:36gcliMRX1vCpgnrZE3dFZ",
    "spotify:track:3U21A07gAloCc4P7J8rxcn",
    "spotify:track:2bJvI42r8EF3wxjOuDav4r",
    "spotify:track:67nepsnrcZkowTxMWigSbb",
    "spotify:track:7yNf9YjeO5JXUE3JEBgnYc",
    "spotify:track:3qhlB30KknSejmIvZZLjOD",
    "spotify:track:1zgHn1EqUyA0HqNYMdJ5ia",
    "spotify:track:1Gp45lAxeBYY3Jedx2fWZP",
    "spotify:track:2pNYM3OcS7WdCW13TuhMeK",
    "spotify:track:19RybK6XDbAVpcdxSbZL1o",
    "spotify:track:2ZL7WZcjuYKi1KUDtp4kCC",
    "spotify:track:3AxPuwVYgZ3EfBsoPQFbh8",
    "spotify:track:0lDT25U4Jxr2joTulE7ao8",
    "spotify:track:0tocRPyNlOEk74o27EYGFe",
    "spotify:track:4EWCNWgDS8707fNSZ1oaA5",
    "spotify:track:1560osUcXrnov6yuOjXvc1",
    "spotify:track:6QFCMUUq1T2Vf5sFUXcuQ7",
    "spotify:track:078lbDGGTqBuTKU3bypXxQ",
    "spotify:track:6rjuKpPydT2SxN15TZpV7r",
    "spotify:track:77DRzu7ERs0TX3roZcre7Q"
  ],
  "subgenres": {
    "rap": 0.28205128205128205,
    "hip hop": 0.1794871794871795,
    "grime": 0.02564102564102564,
    "uk drill": 0.02564102564102564,
    "drill": 0.02564102564102564,
    "west coast hip hop": 0.05128205128205128,
    "edm": 0.02564102564102564,
    "trance": 0.02564102564102564,
    "big room": 0.02564102564102564,
    "house": 0.02564102564102564,
    "dance": 0.02564102564102564,
    "psychedelic pop": 0.02564102564102564,
    "r&b": 0.02564102564102564,
    "hyperpop": 0.1282051282051282,
    "art pop": 0.02564102564102564,
    "glitch": 0.05128205128205128,
    "melodic rap": 0.02564102564102564
  },
  "supergenres": {
    "Hip Hop": 0.5405405405405406,
    "Electronic": 0.16216216216216217,
    "Pop": 0.21621621621621623,
    "R&B": 0.02702702702702703,
    "New age": 0.05405405405405406
  }
}