{
  "user_id": "silly_bloom-5xAVMC8aLqRHR4PC6nsuQS-1",
  "top_tracks": [
    "spotify:track:1FhgmMvNlh3nJ1Ldc2eE6H",
    "spotify:track:4k3lPl8YTKuY8c1HelVnm3",
    "spotify:track:3xkE58bmARROCzDtqaJ3jT",
    "spotify:track:2FQrifJ1N335Ljm3TjTVVf",
    "spotify:track:3xOi0YhDREKRURFHoNaAOQ",
    "spotify:track:6A4hgJdwriera4WSUl4moW",
    "spotify:track:7IMwEtpAiJanqF6vQteZN2",
    "spotify:track:5RsUlxLto4NZbhJpqJbHfN",
    "spotify:track:7Mg5CBO37Rifk2RyDJ8fzd",
    "spotify:track:4XvcHTUfIlWfyJTRG0aqlo",
    "spotify:track:3HNWVQHXpW70ubsDhvnegu",
    "spotify:track:2HXixVqzzm9rEUIMAWzshl",
    "spotify:track:2V8KvnD5LVeeDChMWEkSzC",
    "spotify:track:28drn6tQo95MRvO0jQEo5C",
    "spotify:track:48X5k2vce5rXckgDAnXMsa",
    "spotify:track:7iabz12vAuVQYyekFIWJxD",
    "spotify:track:1Y5Jvi3eLi4Chwqch9GMem",
    "spotify:track:3yrSvpt2l1xhsV9Em88Pul",
    "spotify:track:3dzRwqd1L3HqxmViUJt20A",
    "spotify:track:55WLWX71YkHt2tSucNIf1g",
    "spotify:track:6EbVuwU7EnKeF2hdpViXCH",
    "spotify:track:5gys5nzVQIYhgHIfiOJYva",
    "spotify:track:1bp2IO61zbQrbWNmKKxg3f",
    "spotify:track:4Na2HfNSr58chvfX69fy36",
    "spotify:track:19WJ1TEz7RlwUrt7NFEW7t",
    "spotify:track:7eBqSVxrzQZtK2mmgRG6lC",
    "spotify:track:0hPLZrnDgtKxrym1BHjDhd",
    "spotify:track:6BdgtqiV3oXNqBikezwdvC",
    "spotify:track:27a1mYSG5tYg7dmEjWBcmL",
    "spotify:track:0PdM2a6oIjqepoEfcJo0RO",
    "spotify:track:5SWnsxjhdcEDc7LJjq9UHk",
    "spotify:track:6foY66mWZN0pSRjZ408c00",
    "spotify:track:4EEjMyQub6tgFVshlM9j1M"
  ],
  "subgenres": {
    "red dirt": 0.10869565217391304,
    "texas country": 0.08695652173913043,
    "country": 0.13043478260869565,
    "country rock": 0.043478260869565216,
    "brooklyn drill": 0.06521739130434782,
    "new york drill": 0.06521739130434782,
    "drill": 0.043478260869565216,
    "melodic rap": 0.10869565217391304,
    "rock": 0.021739130434782608,
    "glam metal": 0.043478260869565216,
    "glam rock": 0.043478260869565216,
    "rap": 0.06521739130434782,
    "uk drill": 0.021739130434782608,
    "grime": 0.021739130434782608,
    "soft rock": 0.021739130434782608,
    "album rock": 0.021739130434782608,
    "classic rock": 0.06521739130434782,
    "hip hop": 0.021739130434782608
  },
  "supergenres": {
    "Country": 0.32608695652173914,
    "Rock": 0.21739130434782608,
    "Hip Hop": 0.3695652173913043,
    "Metal": 0.043478260869565216,
    "Pop": 0.021739130434782608,
    "Electronic": 0.021739130434782608
  }
}