{
  "user_id": "silly_cloud-32qOp1NfNG1wkEuZQ6xyBc-1",
  "top_tracks": [
    "spotify:track:7s5VQqrjBtrBgZL4pEa46S",
    "spotify:track:44UfSglP7Q4zIvSkiEO706",
    "spotify:track:72t57kCoFddPNDRMKTIuNL",
    "spotify:track:6tDDoYIxWvMLTdKpjFkc1B",
    "spotify:track:5cYEuFqzITZlZzpoR1sHvu",
    "spotify:track:3Kkjo3cT83cw09VJyrLNwX",
    "spotify:track:7gYGLJafbrlW0OyRbcEiUg",
    "spotify:track:5EL8hqM8YQJHKKnzGdahly",
    "spotify:track:6aa0HmJb38PLZw6Fc7BMId",
    "spotify:track:1oNcc2isuz7d3hc1fMoHqj",
    "spotify:track:1NeLwFETswx8Fzxl2AFl91",
    "spotify:track:2nDLZMuPMvHzNtUY2e7nV3",
    "spotify:track:3siwsiaEoU4Kuuc9WKMUy5",
    "spotify:track:65krtHkaYLPr0mEbjL61UP",
    "spotify:track:3CNbrXrUrEARw8zeKNCdYo",
    "spotify:track:1gk3FhAV07q9Jg77UxnVjX",
    "spotify:track:44T83gGvJOZDBlAKy1h6St",
    "spotify:track:2oap3QptGISyIvwKpnJJId",
    "spotify:track:3IznIgmXtrUaoPWpQTy5jB",
    "spotify:track:5d88Vpyco7yN3iriQqFtMc",
    "spotify:track:0kErPGykp7EJo7L5fx8YjB",
    "spotify:track:2aEuXA1KswHlCGPOuPmCOW",
    "spotify:track:0VNe1ZE8U2baB3JKZpEBok",
    "spotify:track:4qG7hWhljsqqENL5PaLA2z",
    "spotify:track:4q91GjZYQAZWICmRaOu04F",
    "spotify:track:5qqB8kD9OoMmJJniCCtPhP",
    "spotify:track:2PRmf1sl1EV0zceL9dbvxE",
    "spotify:track:5C5gvDZsl6d8bh89URfKHr",
    "spotify:track:6n3HGiq4v35D6eFOSwqYuo",
    "spotify:track:7erXAfnatmoUow8DnbseOY",
    "spotify:track:1z6WtY7X4HQJvzxC4UgkSf",
    "spotify:track:4vcoNCrTtunmJ9q8srpVly",
    "spotify:track:1zgHn1EqUyA0HqNYMdJ5ia"
  ],
  "subgenres": {
    "tejano": 0.06896551724137931,
    "cumbia": 0.06896551724137931,
    "m\u00fasica mexicana": 0.06896551724137931,
    "hyperpop": 0.034482758620689655,
    "art pop": 0.034482758620689655,
    "soft pop": 0.034482758620689655,
    "rage rap": 0.034482758620689655,
    "french house": 0.034482758620689655,
    "electronic": 0.034482758620689655,
    "electro": 0.034482758620689655,
    "bedroom pop": 0.034482758620689655,
    "reggaeton": 0.06896551724137931,
    "latin": 0.06896551724137931,
    "urbano latino": 0.06896551724137931,
    "jersey club": 0.034482758620689655,
    "alternative r&b": 0.06896551724137931,
    "punk rap": 0.034482758620689655,
    "christmas": 0.034482758620689655,
    "neo soul": 0.034482758620689655,
    "rap": 0.034482758620689655,
    "hip hop": 0.034482758620689655,
    "r&b": 0.034482758620689655
  },
  "supergenres": {
    "Latin": 0.43478260869565216,
    "Pop": 0.17391304347826086,
    "Hip Hop": 0.17391304347826086,
    "Electronic": 0.043478260869565216,
    "R&B": 0.17391304347826086
  }
}