{
  "user_id": "sleek_vapor-7zSThiDt2I7KKfZV6IwGPK-2",
  "top_tracks": [
    "spotify:track:5eqB8FjyujwxBGfdibWEuL",
    "spotify:track:5J1SceWegPiycCW89uIfAU",
    "spotify:track:7CAbF0By0Fpnbiu6Xn5ZF7",
    "spotify:track:0faXHILILebCGnJBPU6KJJ",
    "spotify:track:0qRR9d89hIS0MHRkQ0ejxX",
    "spotify:track:07KYRDFf8Q6sqj4PWCP9vh",
    "spotify:track:2oeD1y0HnIBhHW5pPtyE0w",
    "spotify:track:4dtIxANFBU6CfhI9c2hf2g",
    "spotify:track:4CiVz4bw7X1zjCaJ5ZwxUS",
    "spotify:track:4cacyP5c3PMlfnyjpg13xW",
    "spotify:track:15jhnquhNS1IZMlM493UBW",
    "spotify:track:3Mol9yc6kEdpu8lKEvsune",
    "spotify:track:13TI2bhTRld8pgk9xM8wm9",
    "spotify:track:1L2ZkXbRX00ZiaUDuMMgf7",
    "spotify:track:2dDCZgcFGl9yj3ZEmaQM6x",
    "spotify:track:2245x0g1ft0HC7sf79zbYN",
    "spotify:track:2L92pUsi4iktaZgnYcFm91",
    "spotify:track:59yEymxln8Hyuz8XNkUTIX",
    "spotify:track:3FI0iAAAjmR31xpZEwbdys",
    "spotify:track:5O9Dz0h08LuBi0aVvDcylh",
    "spotify:track:7petzbAJP403GAY6F3Zfbx",
    "spotify:track:0JXILsWNyXHEd2IzofS3jX",
    "spotify:track:2czpyCQ0Bpwmhv8dz6Svhh",
    "spotify:track:30HBiQmmipsqI3uGzs8D8y",
    "spotify:track:3a7OSqLr9kzIkOJvdyuZCN",
    "spotify:track:2rUC9tmxfT8lsv2Ch3cFt4",
    "spotify:track:6r53i12l7I1BGiVaBwAB65",
    "spotify:track:7sA2SKTo1QbTSSYn5YvJC4",
    "spotify:track:4DzJ41A6qR14hHtS1djvdX",
    "spotify:track:7vWaeCBcobKgzJgbOl23KU",
    "spotify:track:5BgnL6gHauuvxe4Ok6W1aC",
    "spotify:track:4UhMvTR5tHf2ecfoz0KV92",
    "spotify:track:0SnvI0twJ1Mnh0rJlBRrf0"
  ],
  "subgenres": {
    "metalcore": 0.14953271028037382,
    "post-hardcore": 0.07476635514018691,
    "screamo": 0.12149532710280374,
    "metal": 0.17757009345794392,
    "emo": 0.037383177570093455,
    "rock": 0.028037383177570093,
    "alternative metal": 0.009345794392523364,
    "post-grunge": 0.009345794392523364,
    "hard rock": 0.009345794392523364,
    "soft rock": 0.009345794392523364,
    "country": 0.037383177570093455,
    "christian country": 0.009345794392523364,
    "emocore": 0.009345794392523364,
    "rap metal": 0.018691588785046728,
    "meme rap": 0.009345794392523364,
    "bluegrass": 0.009345794392523364,
    "country rock": 0.018691588785046728,
    "groove metal": 0.009345794392523364,
    "thrash metal": 0.009345794392523364,
    "heavy metal": 0.028037383177570093,
    "power metal": 0.028037383177570093,
    "folk metal": 0.028037383177570093,
    "pirate metal": 0.028037383177570093,
    "medieval metal": 0.028037383177570093,
    "melodic metal": 0.028037383177570093,
    "symphonic metal": 0.018691588785046728,
    "southern rock": 0.009345794392523364,
    "djent": 0.009345794392523364,
    "christian rock": 0.009345794392523364,
    "christian alternative rock": 0.009345794392523364,
    "christian": 0.009345794392523364,
    "rap rock": 0.009345794392523364
  },
  "supergenres": {
    "Metal": 0.696969696969697,
    "Rock": 0.24242424242424243,
    "Country": 0.050505050505050504,
    "Hip Hop": 0.010101010101010102
  }
}