{
  "user_id": "spicy_ghost-2O0aXCqEqfr68dLXScLRbz-1",
  "top_tracks": [
    "spotify:track:7kuOhBGsXjpwvLRQCDAPAJ",
    "spotify:track:2145px2VY14o2Pgr0OIttX",
    "spotify:track:5ruzrDWcT0vuJIOMW7gMnW",
    "spotify:track:0rUIff1QHd5zlOBtlHVqd9",
    "spotify:track:36gUdwmMhZXcwOSaUkTPty",
    "spotify:track:4jB3Mw900goYibsFAueHph",
    "spotify:track:1N811YTtLlW8N5ie5cPamm",
    "spotify:track:7E5UxJ0cGdN2cKlzNBobaY",
    "spotify:track:3knyFcZMpKeYsxaiVRjTSL",
    "spotify:track:4TGdvA9hBvyoOkuvHNje0M",
    "spotify:track:06FCvd7rrRcF3DdvWH5Isp",
    "spotify:track:3R6yNicsZrWF8ybl02imcB",
    "spotify:track:4TesXLELrAp8TPGHckP6Ap",
    "spotify:track:15z5xDY6UAjEiWoMXhTK3Q",
    "spotify:track:0R3TWpoxAhT3HDXM7tpRzS",
    "spotify:track:0YJ9FWWHn9EfnN0lHwbzvV",
    "spotify:track:7oOEFDLSQscl0uGulnIEmG",
    "spotify:track:1cioTI6lHVmW4UWKEi8ChG",
    "spotify:track:131sSSMin9GSNXBMCPsJpv",
    "spotify:track:4KULAymBBJcPRpk1yO4dOG",
    "spotify:track:7sO969CnGNCZ7kDravLtPO",
    "spotify:track:6BlJSNxgtngyE6WAVY87NT",
    "spotify:track:1sN36lAQq4ElbU1dgNefol",
    "spotify:track:0lwUIYJfWGB8qUEAJtYfb6",
    "spotify:track:3LDkLpuxQlEuEiZmkxpr8S",
    "spotify:track:3Fq4shhJdENQhwlLk9qoDx",
    "spotify:track:57Xjny5yNzAcsxnusKmAfA",
    "spotify:track:3hJLKtTpgct9Y9wKww0BiR",
    "spotify:track:2E3itcCm7RGV10KPrla1HH",
    "spotify:track:0AduS1e4FWNLdnUNmMwQQd",
    "spotify:track:5ELqWoreAi6bCNebfcPZbj",
    "spotify:track:1rJM37Dd4OcSJvzI84yCcP",
    "spotify:track:2RpMHnKzl9tUM8I7DBsjqJ"
  ],
  "subgenres": {
    "garage rock": 0.03508771929824561,
    "indie rock": 0.05263157894736842,
    "alternative rock": 0.05263157894736842,
    "americana": 0.05263157894736842,
    "alt country": 0.10526315789473684,
    "red dirt": 0.08771929824561403,
    "indie folk": 0.017543859649122806,
    "folk": 0.017543859649122806,
    "country": 0.08771929824561403,
    "texas country": 0.05263157894736842,
    "bluegrass": 0.05263157894736842,
    "bedroom pop": 0.03508771929824561,
    "east coast hip hop": 0.03508771929824561,
    "hip hop": 0.017543859649122806,
    "west coast hip hop": 0.017543859649122806,
    "psychedelic pop": 0.017543859649122806,
    "art rock": 0.017543859649122806,
    "soul": 0.017543859649122806,
    "classic rock": 0.03508771929824561,
    "soft rock": 0.017543859649122806,
    "reggae": 0.017543859649122806,
    "roots reggae": 0.017543859649122806,
    "dub": 0.017543859649122806,
    "ragga": 0.017543859649122806,
    "trip hop": 0.017543859649122806,
    "downtempo": 0.017543859649122806,
    "acid jazz": 0.017543859649122806,
    "lounge": 0.017543859649122806,
    "gothic country": 0.017543859649122806,
    "rock": 0.017543859649122806
  },
  "supergenres": {
    "Rock": 0.2708333333333333,
    "Country": 0.3958333333333333,
    "Folk/Acoustic": 0.041666666666666664,
    "Pop": 0.08333333333333333,
    "Hip Hop": 0.0625,
    "R&B": 0.08333333333333333,
    "Electronic": 0.020833333333333332,
    "Jazz": 0.020833333333333332,
    "Easy listening": 0.020833333333333332
  }
}