{
  "user_id": "tidal_petal-4iVPcLfmxM7t4ykB5qCapG-3",
  "top_tracks": [
    "spotify:track:1CYyIsAaTrnmJ8MO2rec5f",
    "spotify:track:0hKtu53OlIFXVuYkZwcn3o",
    "spotify:track:0ouHWeg6AZtp5Gevot8B4m",
    "spotify:track:61VlApj8p2ZaP0WTunTrKT",
    "spotify:track:0alSPoUfrGb0RdVVG4Lf3n",
    "spotify:track:6k1gOoC7yKaPTnnaXO4V3z",
    "spotify:track:6FzjhVjXDoBGfq1sSdNq7S",
    "spotify:track:1D9XLqQp2YYiOxrr5KLb8K",
    "spotify:track:2cYqizR4lgvp4Qu6IQ3qGN",
    "spotify:track:0faXHILILebCGnJBPU6KJJ",
    "spotify:track:4P5KoWXOxwuobLmHXLMobV",
    "spotify:track:3pavDZo8o2ctgkVhERSzy6",
    "spotify:track:24l3mfIPWVa645a9LEwSHx",
    "spotify:track:50qqCYWy6SaoeExpTwxlUS",
    "spotify:track:3nDYsXggRQxf7PCNUjR4rz",
    "spotify:track:6xHI9KjUjYT0FPtGO8Mxa1",
    "spotify:track:57pOLYHz6mt5aMkOXa2Gis",
    "spotify:track:7ne2hzW4jaU5tacaCI4kJH",
    "spotify:track:2PgjJ90q1zETqCX68dxgyd",
    "spotify:track:2c2zzbH5MdYU2VneS9UH06",
    "spotify:track:73ZTWCuwudUVvvWipRnQnQ",
    "spotify:track:6DUdDIRgLqCGq1DwkNWQTN",
    "spotify:track:7GeTsDIc5ykNB6lORO6Cee",
    "spotify:track:1JJ8D0KE144weLOGrjqJrb",
    "spotify:track:3uvypVUsiIr1B0BccIcsEh",
    "spotify:track:1bjTEsJdDdbuA5JsdRRxhP",
    "spotify:track:2EpUHz5TqbAAQ8iweD75p6",
    "spotify:track:5QLHGv0DfpeXLNFo7SFEy1",
    "spotify:track:0XOMoQbYxYPVLxwK4VDmNA",
    "spotify:track:1yfKakY4rvI17lk20ekuRA",
    "spotify:track:4SnuG111QPmgwRmlwhJ4Mg",
    "spotify:track:0HGItm7Ox9AnHZbx26nkE4",
    "spotify:track:4VedfquAzkjR15ntcWmNfL"
  ],
  "subgenres": {
    "east coast hip hop": 0.07142857142857142,
    "rap": 0.11428571428571428,
    "lo-fi house": 0.014285714285714285,
    "witch house": 0.014285714285714285,
    "hardcore hip hop": 0.04285714285714286,
    "hip hop": 0.08571428571428572,
    "gangster rap": 0.014285714285714285,
    "reggaeton": 0.04285714285714286,
    "latin": 0.04285714285714286,
    "urbano latino": 0.02857142857142857,
    "country": 0.05714285714285714,
    "red dirt": 0.02857142857142857,
    "texas country": 0.02857142857142857,
    "country rock": 0.04285714285714286,
    "memphis rap": 0.014285714285714285,
    "southern hip hop": 0.014285714285714285,
    "trap": 0.014285714285714285,
    "alternative metal": 0.02857142857142857,
    "post-grunge": 0.02857142857142857,
    "rock": 0.07142857142857142,
    "hard rock": 0.014285714285714285,
    "grunge": 0.02857142857142857,
    "metalcore": 0.014285714285714285,
    "emo": 0.014285714285714285,
    "screamo": 0.014285714285714285,
    "post-hardcore": 0.014285714285714285,
    "metal": 0.014285714285714285,
    "shoegaze": 0.014285714285714285,
    "honky tonk": 0.014285714285714285,
    "southern rock": 0.014285714285714285,
    "boom bap": 0.014285714285714285,
    "alternative rock": 0.014285714285714285,
    "stutter house": 0.014285714285714285
  },
  "supergenres": {
    "Hip Hop": 0.37681159420289856,
    "Electronic": 0.043478260869565216,
    "Latin": 0.11594202898550725,
    "Country": 0.11594202898550725,
    "Rock": 0.2463768115942029,
    "Metal": 0.10144927536231885
  }
}