{
  "user_id": "tidal_wheat-7KiGD6BDIqA6eQANfCiN0B-1",
  "top_tracks": [
    "spotify:track:0NvYcEGXXoLabFZARKmb0U",
    "spotify:track:36XKF3KEkGb8zHRQNuc19h",
    "spotify:track:3KwKWEmdR89TCrPMtfc1RN",
    "spotify:track:2VBjazLY00cdGpKtN8XCGG",
    "spotify:track:23TCWVwQGtClcXh3YPu9TX",
    "spotify:track:7lKe2Dfpu3HMkRzpB3tX04",
    "spotify:track:01LJKofIB29YIm5YA2Ys6Y",
    "spotify:track:047PqVwCAmSuowUYFD5ger",
    "spotify:track:3TdNIsGBfhzR97ySB4aYGl",
    "spotify:track:1fgB5MoVcLfl2TwHCxQcMw",
    "spotify:track:5SGGqrMHP2ZJ1xmaSFzUE0",
    "spotify:track:14Ve6oCmIJKeubnrlsvaqq",
    "spotify:track:4g1nq2ta2aO3xDiqW9D5KI",
    "spotify:track:65bh4AZ2htfbVIpgul1a10",
    "spotify:track:6rFujlIxwILpg9tl6Git6x",
    "spotify:track:1TT453PR2wHKsTBuzEulJz",
    "spotify:track:1Pfc1Qpj0s9vQumI0JvpBp",
    "spotify:track:0HtZ7gDYKoDVuH6tclMd08",
    "spotify:track:1RcKqJ28uiE8EHPfg7Mg2J",
    "spotify:track:0CmlxepwAiCtFxcDc0Vj5r",
    "spotify:track:28ToQqj0nuWMDPvGhCTL0I",
    "spotify:track:57HqY4ObKArM2Q3EnNVgHs",
    "spotify:track:3z9fnRZqPdiNYuD8OsDEm1",
    "spotify:track:7lvOrwqOV3N63ZQPpl5seo",
    "spotify:track:6aCoGupX2uuLONIaE4Hb77",
    "spotify:track:5ZHbMZkYbhEoJjHcKDBgOs",
    "spotify:track:6KfTmqUnDOoiLFBofHtHk0",
    "spotify:track:5z544AaZtB6fBpeZJtw3Qv",
    "spotify:track:6PT4eAI9tHyBjplrbyDuHE",
    "spotify:track:6IFkKffqlVPNY7TAneHvVC",
    "spotify:track:6Ex1GzSsIG3TCUnTWNhN9K",
    "spotify:track:6eOk9iWGRqsG0ajKm3FBst",
    "spotify:track:5qBdd2l8sQZe2270342ap7"
  ],
  "subgenres": {
    "new age": 0.034482758620689655,
    "ambient": 0.06896551724137931,
    "dream pop": 0.034482758620689655,
    "noise rock": 0.034482758620689655,
    "post-hardcore": 0.034482758620689655,
    "trip hop": 0.034482758620689655,
    "downtempo": 0.034482758620689655,
    "slowcore": 0.034482758620689655,
    "shoegaze": 0.034482758620689655,
    "acoustic folk": 0.034482758620689655,
    "mpb": 0.034482758620689655,
    "bossa nova": 0.034482758620689655,
    "samba": 0.034482758620689655,
    "cold wave": 0.06896551724137931,
    "shibuya-kei": 0.034482758620689655,
    "folk": 0.034482758620689655,
    "singer-songwriter": 0.034482758620689655,
    "drone": 0.034482758620689655,
    "post-rock": 0.034482758620689655,
    "synthpop": 0.034482758620689655,
    "post-disco": 0.034482758620689655,
    "minimalism": 0.034482758620689655,
    "americana": 0.034482758620689655,
    "alt country": 0.034482758620689655,
    "new wave": 0.06896551724137931,
    "post-punk": 0.034482758620689655
  },
  "supergenres": {
    "New age": 0.04,
    "Electronic": 0.16,
    "Pop": 0.16,
    "Rock": 0.28,
    "Folk/Acoustic": 0.12,
    "Latin": 0.08,
    "Jazz": 0.04,
    "R&B": 0.04,
    "Classical": 0.04,
    "Country": 0.04
  }
}