{
  "user_id": "witty_petal-6YlQzadiLbJGadpoU5RLK3-2",
  "top_tracks": [
    "spotify:track:1sNSlzvQ5jPir46X5X1TeH",
    "spotify:track:4NK1A89eLfNQPCoOLxLCSl",
    "spotify:track:11IzgLRXV7Cgek3tEgGgjw",
    "spotify:track:27BATZe36zHNAKfr7by2ob",
    "spotify:track:263Iuyk08ks1v6FIudUIGD",
    "spotify:track:5y1Few8WyakfoyMvKYZigw",
    "spotify:track:2ccUQnjjNWT0rsNnsBpsCA",
    "spotify:track:4EhbLHYOXzEoPmOfaVoIIW",
    "spotify:track:45WduJCqST7pBJPvxZ6ZgU",
    "spotify:track:66UbHESsyfaXdoxlqVBa1T",
    "spotify:track:0biGKHOtNVGM14sRSztyKq",
    "spotify:track:5nw2rQXAjfpZNaMzAJ8qTX",
    "spotify:track:3yIUusX4NApzRSAkxZFrJg",
    "spotify:track:3EHJOZe6u7piShrCp3y7KD",
    "spotify:track:1tTPC0hsnXq1IGpvWY54JC",
    "spotify:track:3LI4MmibTkXH5cGpCGZgyw",
    "spotify:track:4IHPDCQEhk52UcJJFpdy5f",
    "spotify:track:5xWSuhvOJUaO3zrXYxsSAS",
    "spotify:track:6GG73Jik4jUlQCkKg9JuGO",
    "spotify:track:3kuuGbu0mZbMqZ8gNKiXyo",
    "spotify:track:1x0NfY1A4q8eKN3k4X8sfE",
    "spotify:track:0qhGOjVl3uY2N6CAafVmCa",
    "spotify:track:7Dt26KoNRmZpzlVwMe6LSP",
    "spotify:track:3HzOTfm6FVu4qXRDDdT3t0",
    "spotify:track:348k0fvTj8lMXdkUR7mJZ4",
    "spotify:track:4zM7pZ7BIJzax2kdAMNH1b",
    "spotify:track:0gmbgwZ8iqyMPmXefof8Yf",
    "spotify:track:4tJTUbAiWPzDnCMtfGlk9e",
    "spotify:track:6Ee7e4tabRDEgKxQr4myUb",
    "spotify:track:0bORa4VpL8NzyMXEI6UFGK",
    "spotify:track:6Rz6yXr3RWpYdGst26tSYF",
    "spotify:track:1D3YGmST01Ba0WRiT7THPG",
    "spotify:track:5h9qCxrIrS7atH6OEglH8X"
  ],
  "subgenres": {
    "metal": 0.022727272727272728,
    "hard rock": 0.022727272727272728,
    "stoner rock": 0.07954545454545454,
    "alternative rock": 0.13636363636363635,
    "classic rock": 0.03409090909090909,
    "rock": 0.11363636363636363,
    "glam rock": 0.03409090909090909,
    "proto-punk": 0.011363636363636364,
    "power pop": 0.011363636363636364,
    "album rock": 0.011363636363636364,
    "garage rock": 0.011363636363636364,
    "surf rock": 0.011363636363636364,
    "indie punk": 0.011363636363636364,
    "punk": 0.045454545454545456,
    "skate punk": 0.022727272727272728,
    "hardcore punk": 0.011363636363636364,
    "melodic hardcore": 0.011363636363636364,
    "ska punk": 0.011363636363636364,
    "post-grunge": 0.06818181818181818,
    "grunge": 0.056818181818181816,
    "modern rock": 0.045454545454545456,
    "thrash metal": 0.011363636363636364,
    "heavy metal": 0.011363636363636364,
    "emo": 0.011363636363636364,
    "pop punk": 0.022727272727272728,
    "emo pop": 0.011363636363636364,
    "midwest emo": 0.011363636363636364,
    "sludge metal": 0.011363636363636364,
    "doom metal": 0.011363636363636364,
    "space rock": 0.011363636363636364,
    "bluegrass": 0.011363636363636364,
    "newgrass": 0.011363636363636364,
    "americana": 0.011363636363636364,
    "honky tonk": 0.011363636363636364,
    "traditional country": 0.011363636363636364,
    "country": 0.011363636363636364,
    "indie folk": 0.011363636363636364,
    "folk": 0.011363636363636364,
    "singer-songwriter": 0.011363636363636364
  },
  "supergenres": {
    "Metal": 0.19047619047619047,
    "Rock": 0.7023809523809523,
    "Pop": 0.011904761904761904,
    "Folk/Acoustic": 0.047619047619047616,
    "Country": 0.047619047619047616
  }
}