{
  "user_id": "zesty_koala-4UPRr6AuZxCPIFLTJlCfs5-3",
  "top_tracks": [
    "spotify:track:1AD9QOs15iecgVRuzo2llQ",
    "spotify:track:4MXqpnu9lAqqkjSHVlBVoZ",
    "spotify:track:6Ig2iLUX11ZNpI7EBCZqyt",
    "spotify:track:2wb2FptR9dbAw9TIQpMfZ1",
    "spotify:track:5ck1miitoRTdHXS9dvQ6qh",
    "spotify:track:2EHVjRFRSsXQaHAsys74Us",
    "spotify:track:5EWPGh7jbTNO2wakv8LjUI",
    "spotify:track:4tKGFmENO69tZR9ahgZu48",
    "spotify:track:2ghZbiC9CbdmrHkH5nIquF",
    "spotify:track:6Et9MYUuK2OkYE3ce2F0oK",
    "spotify:track:0oCpNIVoV1iJK51xmh59Yh",
    "spotify:track:4r6nfH8MlWFLGXRpaNmfcv",
    "spotify:track:2Q18HgXzNB1jB85EuXFgNn",
    "spotify:track:11DjZQEZ69EXLo77HVj6yW",
    "spotify:track:7ozm2Y4c1vpGIIMokOPgEj",
    "spotify:track:1vhbThkFnqAHbZp0fEjXE4",
    "spotify:track:6UYD7dNWb2r1CQRKg5w4Fh",
    "spotify:track:2INUkDPCO1eQlOFmIN5VAC",
    "spotify:track:3Fzlg5r1IjhLk2qRw667od",
    "spotify:track:5ipcQgSdSkzP3tcUsJQzIC",
    "spotify:track:60TYdVs6TWIsAJ1MPRdv59",
    "spotify:track:78i6AUQv9Hp1BAQY6VCaCP",
    "spotify:track:4IadxL6BUymXlh8RCJJu7T",
    "spotify:track:6tb3A0m5gtwNAeTkOMtmeR",
    "spotify:track:5pIVEk6Di7n1v5khOzJaJL",
    "spotify:track:3SUusuA9jH1v6PVwtYMbdv",
    "spotify:track:5D27wJnVQwYD7fAKaODHgs",
    "spotify:track:5E3P9e1hvjyIOlFyqNB5eD",
    "spotify:track:2gJj6WtAxXjApMs3PXsCeX",
    "spotify:track:571hDJQ2yYvOlvEZy6F00V",
    "spotify:track:1oHNvJVbFkexQc0BpQp7Y4",
    "spotify:track:77oU2rjC5XbjQfNe3bD6so",
    "spotify:track:1vj47xD8v9wIhQrmQY2Dkv"
  ],
  "subgenres": {
    "country": 0.14705882352941177,
    "surf rock": 0.14705882352941177,
    "soft pop": 0.029411764705882353,
    "southern rock": 0.058823529411764705,
    "classic rock": 0.11764705882352941,
    "rock": 0.058823529411764705,
    "alt country": 0.058823529411764705,
    "country rock": 0.029411764705882353,
    "red dirt": 0.11764705882352941,
    "hard rock": 0.029411764705882353,
    "americana": 0.029411764705882353,
    "roots rock": 0.029411764705882353,
    "chamber pop": 0.029411764705882353,
    "garage rock": 0.029411764705882353,
    "indie rock": 0.029411764705882353,
    "alternative rock": 0.029411764705882353,
    "soft rock": 0.029411764705882353
  },
  "supergenres": {
    "Country": 0.38461538461538464,
    "Rock": 0.5769230769230769,
    "Pop": 0.038461538461538464
  }
}