{
  "user_id": "abba-1CKoQPN1H7GFs04GOJqgWZ-2",
  "top_tracks": [
    "spotify:track:0J2p4KYdr6Mg4ET6JPlbe1",
    "spotify:track:1WN4uNclrDuczTO3bCr8s1",
    "spotify:track:0OTO8ZF2YqFQVw9hnZylTd",
    "spotify:track:0bfvHnWWOeU1U5XeKyVLbW",
    "spotify:track:2374M0fQpWi3dLnB54qaLX",
    "spotify:track:3Dy4REq8O09IlgiwuHQ3sk",
    "spotify:track:6I9VzXrHxO9rA9A5euc8Ak",
    "spotify:track:3BQHpFgAp4l80e1XslIjNI",
    "spotify:track:5zWZ9iNevP0397xB3jWV2z",
    "spotify:track:2goLsvvODILDzeeiT4dAoR",
    "spotify:track:4euAGZTszWPrriggYK0HG9",
    "spotify:track:2lnzGkdtDj5mtlcOW2yRtG",
    "spotify:track:6naxalmIoLFWR0siv8dnQQ",
    "spotify:track:48i055G1OT5KxGGftwFxWy",
    "spotify:track:3kXoKlD84c6OmIcOLfrfEs",
    "spotify:track:6TvxPS4fj4LUdjw2es4g21",
    "spotify:track:0ee1DiZF94NSqqpG0XHUzH",
    "spotify:track:47BBI51FKFwOMlIiX6m8ya",
    "spotify:track:2WfaOiMkCvy7F5fcp2zZ8L",
    "spotify:track:6r8k1vznHrzlEKYxL4dZEe",
    "spotify:track:4BM8yJ0PzBi2ZewpMTOxtx",
    "spotify:track:1jDJFeK9x3OZboIAHsY9k2",
    "spotify:track:2tUBqZG2AbRi7Q0BIrVrEj",
    "spotify:track:4IHc6SzGPnzSPuHVEPzpJc",
    "spotify:track:7hQJA50XrCWABAu5v6QZ4i"
  ],
  "subgenres": {
    "christmas": 0.047619047619047616,
    "eurodance": 0.09523809523809523,
    "soft rock": 0.047619047619047616,
    "pop": 0.09523809523809523,
    "classic rock": 0.09523809523809523,
    "psychedelic rock": 0.047619047619047616,
    "italo disco": 0.047619047619047616,
    "europop": 0.047619047619047616,
    "latin pop": 0.047619047619047616,
    "rockabilly": 0.047619047619047616,
    "disco": 0.047619047619047616,
    "glam metal": 0.047619047619047616,
    "rock": 0.09523809523809523,
    "new wave": 0.047619047619047616,
    "synthpop": 0.047619047619047616,
    "baroque pop": 0.047619047619047616,
    "glam rock": 0.047619047619047616
  },
  "supergenres": {
    "Pop": 0.45,
    "Rock": 0.45,
    "R&B": 0.05,
    "Metal": 0.05
  }
}