{
  "user_id": "ben_e._king-7c2bs2HJ60YGy242ZpJlzG-1",
  "top_tracks": [
    "spotify:track:7jmHyHMEqm9MJWiMAneF05",
    "spotify:track:2qhASBzpbFhPRtrnZ5lLnz",
    "spotify:track:44AyOl4qVkzS48vBsbNXaC",
    "spotify:track:6JRLFiX9NJSoRRKxowlBYr",
    "spotify:track:7tqhbajSfrz2F7E1Z75ASX",
    "spotify:track:745H5CctFr12Mo7cqa1BMH",
    "spotify:track:3BQHpFgAp4l80e1XslIjNI",
    "spotify:track:7caj6X6NMX3tlhWnu1du6V",
    "spotify:track:4S1VYqwfkLit9mKVY3MXoo",
    "spotify:track:4uOKFydzAejjSFqYbv1XPt",
    "spotify:track:48i055G1OT5KxGGftwFxWy",
    "spotify:track:1WN4uNclrDuczTO3bCr8s1",
    "spotify:track:6dGnYIeXmHdcikdzNNDMm2",
    "spotify:track:4Hhv2vrOTy89HFRcjU3QOx",
    "spotify:track:4wCmqSrbyCgxEXROQE6vtV",
    "spotify:track:6YDDrg8llsRtAgLlIROzZc",
    "spotify:track:1JSTJqkT5qHq8MDJnJbRE1",
    "spotify:track:0zDVclPMSsjeyvbnqhWOmt",
    "spotify:track:4joiWvli4qJVEW6qZV2i2J",
    "spotify:track:1YYhDizHx7PnDhAhko6cDS",
    "spotify:track:7GVUmCP00eSsqc4tzj1sDD",
    "spotify:track:1JO1xLtVc8mWhIoE3YaCL0",
    "spotify:track:5WDLRQ3VCdVrKw0njWe5E5",
    "spotify:track:40riOy7x9W7GXjyGp4pjAv",
    "spotify:track:7iN1s7xHE4ifF5povM6A48"
  ],
  "subgenres": {
    "rockabilly": 0.05263157894736842,
    "rock and roll": 0.05263157894736842,
    "reggae": 0.05263157894736842,
    "roots reggae": 0.02631578947368421,
    "motown": 0.05263157894736842,
    "soul": 0.07894736842105263,
    "northern soul": 0.02631578947368421,
    "quiet storm": 0.02631578947368421,
    "classic rock": 0.13157894736842105,
    "psychedelic rock": 0.10526315789473684,
    "doo-wop": 0.02631578947368421,
    "synthpop": 0.02631578947368421,
    "christmas": 0.02631578947368421,
    "jazz blues": 0.05263157894736842,
    "soul blues": 0.02631578947368421,
    "blues": 0.02631578947368421,
    "vocal jazz": 0.05263157894736842,
    "adult standards": 0.02631578947368421,
    "jazz": 0.02631578947368421,
    "swing music": 0.02631578947368421,
    "big band": 0.02631578947368421,
    "folk": 0.02631578947368421,
    "soft rock": 0.02631578947368421
  },
  "supergenres": {
    "Rock": 0.35294117647058826,
    "R&B": 0.29411764705882354,
    "Blues": 0.14705882352941177,
    "Pop": 0.029411764705882353,
    "Jazz": 0.08823529411764706,
    "Easy listening": 0.058823529411764705,
    "Folk/Acoustic": 0.029411764705882353
  }
}