{
  "user_id": "ben_e._king-7c2bs2HJ60YGy242ZpJlzG-2",
  "top_tracks": [
    "spotify:track:0zGLlXbHlrAyBN1x6sY0rb",
    "spotify:track:0bfvHnWWOeU1U5XeKyVLbW",
    "spotify:track:3FAclTFfvUuQYnEsptbK8w",
    "spotify:track:3e7yziCpnpx2ujgvXqSLzp",
    "spotify:track:4y1LsJpmMti1PfRQV9AWWe",
    "spotify:track:63xdwScd1Ai1GigAwQxE8y",
    "spotify:track:3zBhihYUHBmGd2bcQIobrF",
    "spotify:track:6A9PpxwWPHaR6DlKi25Won",
    "spotify:track:5zA8vzDGqPl2AzZkEYQGKh",
    "spotify:track:6MTd61g9zq6CB1FnJydjEb",
    "spotify:track:5O4erNlJ74PIF6kGol1ZrC",
    "spotify:track:4s6LhHAV5SEsOV0lC2tjvJ",
    "spotify:track:1DndHckdH9m5rp6gYP086b",
    "spotify:track:5haXbSJqjjM0TCJ5XkfEaC",
    "spotify:track:0B9x2BRHqj3Qer7biM3pU3",
    "spotify:track:1tfZtA15BfJHQTUy3dqTKC",
    "spotify:track:70C4NyhjD5OZUMzvWZ3njJ",
    "spotify:track:3kXoKlD84c6OmIcOLfrfEs",
    "spotify:track:09PCAeQqR8JUnyFi61kPqd",
    "spotify:track:3oQomOPRNQ5NVFUmLJHbAV",
    "spotify:track:3KzgdYUlqV6TOG7JCmx2Wg",
    "spotify:track:2drXvACELcvwryaFRiRPdA",
    "spotify:track:0DcrhZ12WcCqruCs8ibXSf",
    "spotify:track:7vVG9xbmNQrtdSPTi7KDUm",
    "spotify:track:2LawezPeJhN4AWuSB0GtAU"
  ],
  "subgenres": {
    "soul": 0.10344827586206896,
    "jazz blues": 0.034482758620689655,
    "soul blues": 0.10344827586206896,
    "blues": 0.034482758620689655,
    "vocal jazz": 0.034482758620689655,
    "reggae": 0.06896551724137931,
    "motown": 0.06896551724137931,
    "soft rock": 0.06896551724137931,
    "roots reggae": 0.034482758620689655,
    "folk rock": 0.034482758620689655,
    "doo-wop": 0.13793103448275862,
    "musicals": 0.034482758620689655,
    "disco": 0.034482758620689655,
    "big band": 0.034482758620689655,
    "adult standards": 0.034482758620689655,
    "swing music": 0.034482758620689655,
    "classic rock": 0.034482758620689655,
    "southern rock": 0.034482758620689655,
    "country rock": 0.034482758620689655
  },
  "supergenres": {
    "R&B": 0.3333333333333333,
    "Blues": 0.3333333333333333,
    "Jazz": 0.037037037037037035,
    "Rock": 0.2222222222222222,
    "Easy listening": 0.07407407407407407
  }
}