{
  "user_id": "creedence_c-2ntYm3kyUfO2AfVBsSAzPo-2",
  "top_tracks": [
    "spotify:track:6pxWv6GV35VGmcPf5dh6CH",
    "spotify:track:5VSAonaAPhhGn0G7hMYwWK",
    "spotify:track:48i055G1OT5KxGGftwFxWy",
    "spotify:track:0u6JFVn0KHHlidZxNL9gVE",
    "spotify:track:7BY005dacJkbO6EPiOh2wb",
    "spotify:track:2gE95JskwQ1pCACTpGe1Db",
    "spotify:track:7gSQv1OHpkIoAdUiRLdmI6",
    "spotify:track:6HSXNV0b4M4cLJ7ljgVVeh",
    "spotify:track:423o3ZHIaBtGXyhF1uH41a",
    "spotify:track:0qRR9d89hIS0MHRkQ0ejxX",
    "spotify:track:56dtB7EzO7EneUgYwX8krC",
    "spotify:track:5fMwvrqujbQjUxcNPcYrUF",
    "spotify:track:0nFZ2HQRnIxiwraCm2X6Uq",
    "spotify:track:71SvEDmsOwIWw1IozsZoMA",
    "spotify:track:2K2M0TcglCRLLpFOzKeFZA",
    "spotify:track:1Ay5MiilZj2ZGQLeTWVJ6o",
    "spotify:track:7n3WO6ESKS1uCI9fgkGs66",
    "spotify:track:4DMKwE2E2iYDKY01C335Uw",
    "spotify:track:54eZmuggBFJbV7k248bTTt",
    "spotify:track:1Q5kgpp4pmyGqPwNBzkSrw",
    "spotify:track:1YqJSpIxdavjQ8BxAttU0r",
    "spotify:track:7snQQk1zcKl8gZ92AnueZW",
    "spotify:track:00qOE7OjRl0BpYiCiweZB2",
    "spotify:track:2BY7ALEWdloFHgQZG6VMLA",
    "spotify:track:5tmrnhMxx39jnu3kjopMdP"
  ],
  "subgenres": {
    "classic rock": 0.26666666666666666,
    "southern rock": 0.11666666666666667,
    "country rock": 0.1,
    "soft rock": 0.05,
    "folk rock": 0.05,
    "rockabilly": 0.016666666666666666,
    "blues rock": 0.06666666666666667,
    "rock": 0.05,
    "folk": 0.016666666666666666,
    "singer-songwriter": 0.016666666666666666,
    "roots rock": 0.016666666666666666,
    "blues": 0.016666666666666666,
    "classic blues": 0.016666666666666666,
    "modern blues": 0.016666666666666666,
    "album rock": 0.05,
    "psychedelic rock": 0.05,
    "acid rock": 0.03333333333333333,
    "progressive rock": 0.016666666666666666,
    "glam metal": 0.016666666666666666,
    "hard rock": 0.016666666666666666
  },
  "supergenres": {
    "Rock": 0.9152542372881356,
    "Folk/Acoustic": 0.03389830508474576,
    "Blues": 0.03389830508474576,
    "Metal": 0.01694915254237288
  }
}