{
  "user_id": "creedence_c-2ntYm3kyUfO2AfVBsSAzPo-1",
  "top_tracks": [
    "spotify:track:2LawezPeJhN4AWuSB0GtAU",
    "spotify:track:63T7DJ1AFDD6Bn8VzG6JE8",
    "spotify:track:6cr6UDpkjEaMQ80OjWqEBQ",
    "spotify:track:1Y373MqadDRtclJNdnUXVc",
    "spotify:track:5EOoMWIB9iK4ZpcSex9Ec7",
    "spotify:track:20OFwXhEXf12DzwXmaV7fj",
    "spotify:track:1QEEqeFIZktqIpPI4jSVSF",
    "spotify:track:5CQ30WqJwcep0pYcV4AMNc",
    "spotify:track:43btz2xjMKpcmjkuRsvxyg",
    "spotify:track:31AOj9sFz2gM0O3hMARRBx",
    "spotify:track:4BP3uh0hFLFRb5cjsgLqDh",
    "spotify:track:6mFkJmJqdDVQ1REhVfGgd1",
    "spotify:track:70C4NyhjD5OZUMzvWZ3njJ",
    "spotify:track:4YMQXzscifAREG0a7KNGhB",
    "spotify:track:7Ar4G7Ci11gpt6sfH9Cgz5",
    "spotify:track:11DjZQEZ69EXLo77HVj6yW",
    "spotify:track:7e89621JPkKaeDSTQ3avtg",
    "spotify:track:67eX1ovaHyVPUinMHeUtIM",
    "spotify:track:6zeE5tKyr8Nu882DQhhSQI",
    "spotify:track:3dmqIB2Qxe2XZobw9gXxJ6",
    "spotify:track:3vO2BbrhKNV2PDl276BUIZ",
    "spotify:track:78lgmZwycJ3nzsdgmPPGNx",
    "spotify:track:1a2iF9XymafjRk56q7oCxo",
    "spotify:track:4gMgiXfqyzZLMhsksGmbQV",
    "spotify:track:1J5XEPamp7iQaCU0aFuMnd"
  ],
  "subgenres": {
    "classic rock": 0.2898550724637681,
    "southern rock": 0.11594202898550725,
    "country rock": 0.07246376811594203,
    "rock": 0.11594202898550725,
    "metal": 0.014492753623188406,
    "heavy metal": 0.014492753623188406,
    "stoner rock": 0.014492753623188406,
    "doom metal": 0.014492753623188406,
    "hard rock": 0.043478260869565216,
    "album rock": 0.028985507246376812,
    "rock and roll": 0.028985507246376812,
    "jangle pop": 0.014492753623188406,
    "alternative rock": 0.014492753623188406,
    "progressive rock": 0.043478260869565216,
    "psychedelic rock": 0.028985507246376812,
    "symphonic rock": 0.028985507246376812,
    "art rock": 0.028985507246376812,
    "soft rock": 0.028985507246376812,
    "blues": 0.014492753623188406,
    "blues rock": 0.014492753623188406,
    "classic blues": 0.014492753623188406,
    "modern blues": 0.014492753623188406
  },
  "supergenres": {
    "Rock": 0.9090909090909091,
    "Metal": 0.045454545454545456,
    "Pop": 0.015151515151515152,
    "Blues": 0.030303030303030304
  }
}