{
  "user_id": "earth,_wind-5HGPJlM2Gt9JeUTEbgf8RJ-2",
  "top_tracks": [
    "spotify:track:4vGQNeWAh2WKPYsqhp5wSg",
    "spotify:track:4o6BgsqLIBViaGVbx5rbRk",
    "spotify:track:5IKLwqBQG6KU6MP2zP80Nu",
    "spotify:track:5zA8vzDGqPl2AzZkEYQGKh",
    "spotify:track:49OMJ1prsRA7ZYgrAjz70c",
    "spotify:track:1srD2uc11TcQiOmHHrJp8M",
    "spotify:track:1CgmY8fVN7kstVDZmsdM5k",
    "spotify:track:7GVUmCP00eSsqc4tzj1sDD",
    "spotify:track:6a899bXlCuViXW2Qs8Rdqo",
    "spotify:track:5IMtdHjJ1OtkxbGe4zfUxQ",
    "spotify:track:0Eq4BMgsdV6DkLSJfX8eBt",
    "spotify:track:7Ar4G7Ci11gpt6sfH9Cgz5",
    "spotify:track:2xiOdusRnZezQok1RgLNeS",
    "spotify:track:2x1LQq8lsUzAA2wNj8yjC9",
    "spotify:track:2WfaOiMkCvy7F5fcp2zZ8L",
    "spotify:track:5W5FVsgGCe3T9nIMkiXqNo",
    "spotify:track:5ERZGchTi6sysVmA913Ryx",
    "spotify:track:7hQJA50XrCWABAu5v6QZ4i",
    "spotify:track:5LxvwujISqiB8vpRYv887S",
    "spotify:track:2je56j0xuoTi1gYkLLMlJU",
    "spotify:track:4BNhasx75KbS10jHq3VZTz",
    "spotify:track:32OlwWuMpZ6b0aN2RZOeMS",
    "spotify:track:3qI94hINNNeb4S7xQi18lS",
    "spotify:track:2BY7ALEWdloFHgQZG6VMLA",
    "spotify:track:6D8kc7RO0rqBLSo2YPflJ5"
  ],
  "subgenres": {
    "disco": 0.3235294117647059,
    "soft rock": 0.08823529411764706,
    "philly soul": 0.058823529411764705,
    "smooth jazz": 0.029411764705882353,
    "jazz funk": 0.058823529411764705,
    "soul jazz": 0.029411764705882353,
    "classic rock": 0.058823529411764705,
    "southern rock": 0.029411764705882353,
    "new wave": 0.029411764705882353,
    "synthpop": 0.029411764705882353,
    "post-disco": 0.029411764705882353,
    "rock": 0.029411764705882353,
    "glam rock": 0.029411764705882353,
    "motown": 0.08823529411764706,
    "christmas": 0.058823529411764705,
    "funk": 0.029411764705882353
  },
  "supergenres": {
    "R&B": 0.5625,
    "Rock": 0.28125,
    "Jazz": 0.125,
    "Pop": 0.03125
  }
}