{
  "user_id": "guns_n'__ro-16JHeU8pP3VJgjaN6cna80-1",
  "top_tracks": [
    "spotify:track:7snQQk1zcKl8gZ92AnueZW",
    "spotify:track:5ghIJDpPoe3CfHMGu71E6T",
    "spotify:track:3YuaBvuZqcwN3CEAyyoaei",
    "spotify:track:2nLtzopw4rPReszdYBJU6h",
    "spotify:track:3ZOEytgrvLwQaqXreDs2Jx",
    "spotify:track:2N2yrmodOnVF10mKvItC9P",
    "spotify:track:4EchqUKQ3qAQuRNKmeIpnf",
    "spotify:track:4P5KoWXOxwuobLmHXLMobV",
    "spotify:track:1JSTJqkT5qHq8MDJnJbRE1",
    "spotify:track:60a0Rd6pjrkxjPbaKzXjfq",
    "spotify:track:0G21yYKMZoHa30cYVi1iA8",
    "spotify:track:0ee1DiZF94NSqqpG0XHUzH",
    "spotify:track:6nTiIhLmQ3FWhvrGafw2zj",
    "spotify:track:40riOy7x9W7GXjyGp4pjAv",
    "spotify:track:57bgtoPSgt236HzfBOd8kj",
    "spotify:track:3YRCqOhFifThpSRFJ1VWFM",
    "spotify:track:0gmbgwZ8iqyMPmXefof8Yf",
    "spotify:track:7tFiyTwD0nx5a1eklYtX2J",
    "spotify:track:6L89mwZXSOwYl76YXfX13s",
    "spotify:track:0snQkGI5qnAmohLE7jTsTn",
    "spotify:track:6eN1f9KNmiWEhpE2RhQqB5",
    "spotify:track:1G391cbiT3v3Cywg8T7DM1",
    "spotify:track:2TofEeQobQ9YoK7EFds698",
    "spotify:track:2HHtWyy5CgaQbC7XSoOb0e",
    "spotify:track:5CQ30WqJwcep0pYcV4AMNc"
  ],
  "subgenres": {
    "rock": 0.2535211267605634,
    "glam metal": 0.09859154929577464,
    "hard rock": 0.09859154929577464,
    "classic rock": 0.1267605633802817,
    "grunge": 0.04225352112676056,
    "post-grunge": 0.028169014084507043,
    "alternative metal": 0.056338028169014086,
    "nu metal": 0.04225352112676056,
    "rap metal": 0.04225352112676056,
    "funk rock": 0.028169014084507043,
    "alternative rock": 0.028169014084507043,
    "punk": 0.04225352112676056,
    "skate punk": 0.014084507042253521,
    "pop punk": 0.028169014084507043,
    "soft rock": 0.014084507042253521,
    "rock and roll": 0.028169014084507043,
    "glam rock": 0.014084507042253521,
    "metal": 0.014084507042253521
  },
  "supergenres": {
    "Rock": 0.6956521739130435,
    "Metal": 0.30434782608695654
  }
}