{
  "user_id": "linkin_park-1QI6oJP2XX9qH9VUtzs4XO-1",
  "top_tracks": [
    "spotify:track:2nLtzopw4rPReszdYBJU6h",
    "spotify:track:0COqiPhxzoWICwFCS4eZcp",
    "spotify:track:003vvx7Niy0yvhvHt4a68B",
    "spotify:track:5ghIJDpPoe3CfHMGu71E6T",
    "spotify:track:3YuaBvuZqcwN3CEAyyoaei",
    "spotify:track:60a0Rd6pjrkxjPbaKzXjfq",
    "spotify:track:4EchqUKQ3qAQuRNKmeIpnf",
    "spotify:track:3UygY7qW2cvG9Llkay6i1i",
    "spotify:track:2m1hi0nfMR9vdGC8UcrnwU",
    "spotify:track:0M3adYbGtyRHACP86dey1H",
    "spotify:track:4Yf5bqU3NK4kNOypcrLYwU",
    "spotify:track:0M955bMOoilikPXwKLYpoi",
    "spotify:track:0lP4HYLmvowOKdsQ7CVkuq",
    "spotify:track:3Zwu2K0Qa5sT6teCCHPShP",
    "spotify:track:3ZOEytgrvLwQaqXreDs2Jx",
    "spotify:track:3K4HG9evC7dg3N0R9cYqk4",
    "spotify:track:42T2QQv3xgBlpQxaSP7lnK",
    "spotify:track:0gmbgwZ8iqyMPmXefof8Yf",
    "spotify:track:5cZqsjVs6MevCnAkasbEOX",
    "spotify:track:6nTiIhLmQ3FWhvrGafw2zj",
    "spotify:track:18lR4BzEs7e3qzc0KVkTpU",
    "spotify:track:7scGzRwZMeHzFNuEJgnzvh",
    "spotify:track:6ZOBP3NvffbU4SZcrnt1k6",
    "spotify:track:5W8YXBz9MTIDyrpYaCg2Ky",
    "spotify:track:6PwjJ58I4t7Mae9xfZ9l9v"
  ],
  "subgenres": {
    "nu metal": 0.0958904109589041,
    "rap metal": 0.0958904109589041,
    "rock": 0.1643835616438356,
    "alternative metal": 0.136986301369863,
    "alternative rock": 0.0410958904109589,
    "grunge": 0.0273972602739726,
    "post-grunge": 0.0684931506849315,
    "punk": 0.0410958904109589,
    "skate punk": 0.0273972602739726,
    "pop punk": 0.0410958904109589,
    "emo pop": 0.0273972602739726,
    "emo": 0.0547945205479452,
    "metalcore": 0.0273972602739726,
    "screamo": 0.0273972602739726,
    "post-hardcore": 0.0273972602739726,
    "metal": 0.0273972602739726,
    "modern rock": 0.0136986301369863,
    "funk rock": 0.0136986301369863,
    "rap rock": 0.0273972602739726,
    "emocore": 0.0136986301369863
  },
  "supergenres": {
    "Metal": 0.5211267605633803,
    "Rock": 0.4788732394366197
  }
}