{
  "user_id": "lynyrd_skyn-6IMlcf2HRrodVeL0Xfk3VD-2",
  "top_tracks": [
    "spotify:track:2e6qroe20tHfu8aTQSTglt",
    "spotify:track:4gMgiXfqyzZLMhsksGmbQV",
    "spotify:track:0G21yYKMZoHa30cYVi1iA8",
    "spotify:track:3d9DChrdc6BOeFsbrZ3Is0",
    "spotify:track:7Ar4G7Ci11gpt6sfH9Cgz5",
    "spotify:track:0uZs7p6cbEUNwGMdfNj9Kk",
    "spotify:track:5fMwvrqujbQjUxcNPcYrUF",
    "spotify:track:3439OLNIeD3y68kVuoZUO5",
    "spotify:track:3lN8PP6R2IxbLP05QpYXng",
    "spotify:track:7gSQv1OHpkIoAdUiRLdmI6",
    "spotify:track:0x2wtJbtJrox3SDmnMj97x",
    "spotify:track:5RKQ5NdjSh2QzD4MaunT91",
    "spotify:track:1xsYj84j7hUDDnTTerGWlH",
    "spotify:track:6g14FUj5zU9FDRwBi963vS",
    "spotify:track:7ACxUo21jtTHzy7ZEV56vU",
    "spotify:track:2lLWfAW32oxUCv0iYQQwSX",
    "spotify:track:1Cznl5CD5aaEYMfJq1l9Hd",
    "spotify:track:00qOE7OjRl0BpYiCiweZB2",
    "spotify:track:3bE5slaVEfaDreqARl6k4M",
    "spotify:track:2HsjJJL4DhPCzMlnaGv7ap",
    "spotify:track:64sn7wgJfeQKY3Jisnl59w",
    "spotify:track:2LawezPeJhN4AWuSB0GtAU",
    "spotify:track:4fUU9WKxEgJXyrZJsUA2iP",
    "spotify:track:1GqlvSEtMx5xbGptxOTTyk",
    "spotify:track:0qRR9d89hIS0MHRkQ0ejxX"
  ],
  "subgenres": {
    "southern rock": 0.11940298507462686,
    "classic rock": 0.2835820895522388,
    "rock": 0.16417910447761194,
    "progressive rock": 0.014925373134328358,
    "psychedelic rock": 0.014925373134328358,
    "symphonic rock": 0.014925373134328358,
    "art rock": 0.014925373134328358,
    "glam metal": 0.05970149253731343,
    "hard rock": 0.05970149253731343,
    "funk rock": 0.014925373134328358,
    "alternative rock": 0.014925373134328358,
    "soft rock": 0.029850746268656716,
    "glam rock": 0.029850746268656716,
    "acid rock": 0.014925373134328358,
    "album rock": 0.05970149253731343,
    "metal": 0.014925373134328358,
    "heavy metal": 0.014925373134328358,
    "grunge": 0.014925373134328358,
    "post-grunge": 0.014925373134328358,
    "country rock": 0.029850746268656716
  },
  "supergenres": {
    "Rock": 0.8955223880597015,
    "Metal": 0.1044776119402985
  }
}