{
  "user_id": "manuel_turi-3lvr9d1jwvAr8qam1Pi0oW-2",
  "top_tracks": [
    "spotify:track:4IIdIBVQEXwpE6MlLkHeBm",
    "spotify:track:4nrPB8O7Y7wsOCJdgXkthe",
    "spotify:track:5RqSsdzTNPX1uzkmlHCFvK",
    "spotify:track:0Gx4VrHzS7pZOEAGrmXXBH",
    "spotify:track:6Sq7ltF9Qa7SNFBsV5Cogx",
    "spotify:track:6DPp7xKJ4WS71HldGA038M",
    "spotify:track:6ylDpki1VpIsc525KC1ojF",
    "spotify:track:6G4U9avyBNEfP0fAIduev3",
    "spotify:track:54zcJnb3tp9c5OVKREZ1Is",
    "spotify:track:2CeKVsFFXG4QzA415QygGb",
    "spotify:track:6e0EEqNDhwPcP8yl2BZ8tA",
    "spotify:track:6Xom58OOXk2SoU711L2IXO",
    "spotify:track:3fJHbMUnzceimOnNjp63fF",
    "spotify:track:71iAechwVKGu26pahzFL0k",
    "spotify:track:655JkvIwu2rDCaD1hPf04g",
    "spotify:track:09WuqcTbf8iMRn8W4N8xBX",
    "spotify:track:11PV8CaPqlto9Uejx92C35",
    "spotify:track:4zbEItKoaRId1vRZkoO0Uh",
    "spotify:track:5Eax0qFko2dh7Rl2lYs3bx",
    "spotify:track:7FlQk2gJ6TBrHHiidvdR2O",
    "spotify:track:4bADyrVual0RgJodXqRQRu",
    "spotify:track:63pLfjK6FvcYJYMGwtHjd6",
    "spotify:track:3Zf4GutWZ7Hv3wsVQsSQPs",
    "spotify:track:48zFZh27QU5qsrBjn4C2FA",
    "spotify:track:1IHWl5LamUGEuP4ozKQSXZ"
  ],
  "subgenres": {
    "reggaeton": 0.21686746987951808,
    "latin": 0.1927710843373494,
    "colombian pop": 0.12048192771084337,
    "argentine trap": 0.012048192771084338,
    "trap latino": 0.07228915662650602,
    "urbano latino": 0.12048192771084337,
    "vallenato": 0.012048192771084338,
    "latin pop": 0.024096385542168676,
    "bachata": 0.012048192771084338,
    "bachata pop": 0.012048192771084338,
    "banda": 0.024096385542168676,
    "norte\u00f1o": 0.024096385542168676,
    "sierre\u00f1o": 0.012048192771084338,
    "corrido": 0.024096385542168676,
    "grupera": 0.024096385542168676,
    "ranchera": 0.012048192771084338,
    "sad sierre\u00f1o": 0.012048192771084338,
    "m\u00fasica mexicana": 0.024096385542168676,
    "cumbia norte\u00f1a": 0.012048192771084338,
    "corridos tumbados": 0.012048192771084338,
    "corridos b\u00e9licos": 0.012048192771084338,
    "tejano": 0.012048192771084338
  },
  "supergenres": {
    "Latin": 0.8356164383561644,
    "Pop": 0.1643835616438356
  }
}