{
  "user_id": "manuel_turi-3lvr9d1jwvAr8qam1Pi0oW-1",
  "top_tracks": [
    "spotify:track:3tt9i3Hhzq84dPS8H7iSiJ",
    "spotify:track:6WatFBLVB0x077xWeoVc2k",
    "spotify:track:7bywjHOc0wSjGGbj04XbVi",
    "spotify:track:5KbBVSj6AJZ5662fO8EYFh",
    "spotify:track:3k3NWokhRRkEPhCzPmV8TW",
    "spotify:track:1WH3iquIQXnSPwUzlROT8R",
    "spotify:track:2tTmW7RDtMQtBk7m2rYeSw",
    "spotify:track:1MB8kTH7VKvAMfL9SHgJmG",
    "spotify:track:3HqcNJdZ2seoGxhn0wVNDK",
    "spotify:track:6ifUES3keWjwXgae8pXI3o",
    "spotify:track:5jf0PmPCHefQ78uAzqIqbj",
    "spotify:track:2yzshFeBIwH8tWIqHEFLeD",
    "spotify:track:0fea68AdmYNygeTGI4RC18",
    "spotify:track:5QjmUqgpPQgXgg4606DqZF",
    "spotify:track:0DWdj2oZMBFSzRsi2Cvfzf",
    "spotify:track:25CfEf59PmRAhV18oZRMNr",
    "spotify:track:69Ej1xrGjOcHvIMtMKxK0G",
    "spotify:track:1yoMvmasuxZfqHEipJhRbp",
    "spotify:track:4nTduFjaTmGysc9WKNuCcs",
    "spotify:track:1fTjqf10accJCDYstPwwZ6",
    "spotify:track:2zufEOvbBeIzYnRktwYk1W",
    "spotify:track:505v13epFXodT9fVAJ6h8k",
    "spotify:track:2Bhmj4XK33InfhqKPxcJ1v",
    "spotify:track:7ABLbnD53cQK00mhcaOUVG",
    "spotify:track:3OJDtCdYs8QJnui708tEU3"
  ],
  "subgenres": {
    "reggaeton": 0.25757575757575757,
    "latin": 0.19696969696969696,
    "colombian pop": 0.10606060606060606,
    "urbano latino": 0.15151515151515152,
    "edm": 0.015151515151515152,
    "trap latino": 0.045454545454545456,
    "argentine trap": 0.015151515151515152,
    "cumbia norte\u00f1a": 0.015151515151515152,
    "banda": 0.015151515151515152,
    "norte\u00f1o": 0.015151515151515152,
    "m\u00fasica mexicana": 0.015151515151515152,
    "corrido": 0.015151515151515152,
    "corridos tumbados": 0.015151515151515152,
    "grupera": 0.015151515151515152,
    "corridos b\u00e9licos": 0.015151515151515152,
    "tejano": 0.015151515151515152,
    "latin afrobeat": 0.030303030303030304,
    "bachata": 0.015151515151515152,
    "bachata pop": 0.015151515151515152,
    "latin pop": 0.015151515151515152
  },
  "supergenres": {
    "Latin": 0.85,
    "Pop": 0.13333333333333333,
    "Electronic": 0.016666666666666666
  }
}