{
  "user_id": "never_let_y-3cOvG4XLHBOgGGeql8vbrS-2",
  "top_tracks": [
    "spotify:track:3Y1EvIgEVw51XtgNEgpz5c",
    "spotify:track:44go3ZmDNtKdfCc15IseAx",
    "spotify:track:3rfongafsrpOnmHZxwehkB",
    "spotify:track:76Je5Wklky23mVoxiRszcN",
    "spotify:track:1CZpWzCvN6fl2WslWTyPn2",
    "spotify:track:46xdmEHedpge0ViBhtMmZ9",
    "spotify:track:4VJI2lzbzxiWakC9P35TZP",
    "spotify:track:1GqKQLrN4NQsB9c4vFx5JK",
    "spotify:track:35iLpqqQg4KrfYAzbvN1vH",
    "spotify:track:4Uiw0Sl9yskBaC6P4DcdVD",
    "spotify:track:3uC4r2daXertBxxc8BpbbN",
    "spotify:track:5V9ri3wZCY3ChAbqxk5Pso",
    "spotify:track:3DQVgcqaP3iSMbaKsd57l5",
    "spotify:track:5sUCU4eiyf0pplIJ7OGEoc",
    "spotify:track:4ltqfN12ohaVZdM6C45gMg",
    "spotify:track:10V8XpuyMoEcSMfM79WDET",
    "spotify:track:7e8utCy2JlSB8dRHKi49xM",
    "spotify:track:1iir1dMidSGRzbPMCCEtfX",
    "spotify:track:5UWwZ5lm5PKu6eKsHAGxOk",
    "spotify:track:4GiVcDqNQI0fc0yYuRGH9m",
    "spotify:track:54UKhjVcYsny6L1cS3y6dP",
    "spotify:track:3d86YYHRKkUzc9gGbSq1MB",
    "spotify:track:3f12DhfR4Yiph6jhxBopjq",
    "spotify:track:0eyQSNrnZ7vKs1q0bQlN8O",
    "spotify:track:1rCQdw3dnvVexJwu1c7EAL"
  ],
  "subgenres": {
    "hyperpop": 0.017543859649122806,
    "art pop": 0.017543859649122806,
    "nu metal": 0.07017543859649122,
    "metal": 0.03508771929824561,
    "alternative metal": 0.07017543859649122,
    "rap metal": 0.05263157894736842,
    "rock": 0.10526315789473684,
    "post-grunge": 0.05263157894736842,
    "alternative rock": 0.03508771929824561,
    "grunge": 0.03508771929824561,
    "modern rock": 0.03508771929824561,
    "britpop": 0.017543859649122806,
    "madchester": 0.017543859649122806,
    "post-punk": 0.017543859649122806,
    "noise rock": 0.017543859649122806,
    "punk": 0.03508771929824561,
    "hardcore punk": 0.017543859649122806,
    "post-hardcore": 0.017543859649122806,
    "hardcore": 0.017543859649122806,
    "shoegaze": 0.03508771929824561,
    "indie": 0.03508771929824561,
    "garage rock": 0.03508771929824561,
    "industrial metal": 0.017543859649122806,
    "industrial rock": 0.017543859649122806,
    "emo": 0.03508771929824561,
    "pop punk": 0.017543859649122806,
    "emo pop": 0.017543859649122806,
    "psychedelic pop": 0.017543859649122806,
    "midwest emo": 0.03508771929824561,
    "indie rock": 0.017543859649122806,
    "indie punk": 0.017543859649122806,
    "math rock": 0.017543859649122806
  },
  "supergenres": {
    "Pop": 0.07407407407407407,
    "Metal": 0.35185185185185186,
    "Rock": 0.5740740740740741
  }
}