{
  "user_id": "nirvana-2mZiZyvSZCxoHtdGOydRwt-1",
  "top_tracks": [
    "spotify:track:4P5KoWXOxwuobLmHXLMobV",
    "spotify:track:3YuaBvuZqcwN3CEAyyoaei",
    "spotify:track:70LcF31zb1H0PyJoS1Sx1r",
    "spotify:track:4EchqUKQ3qAQuRNKmeIpnf",
    "spotify:track:2nLtzopw4rPReszdYBJU6h",
    "spotify:track:11LmqTE2naFULdEP94AUBa",
    "spotify:track:0snQkGI5qnAmohLE7jTsTn",
    "spotify:track:003vvx7Niy0yvhvHt4a68B",
    "spotify:track:10nyNJ6zNy2YVYLrcwLccB",
    "spotify:track:1Y373MqadDRtclJNdnUXVc",
    "spotify:track:5ghIJDpPoe3CfHMGu71E6T",
    "spotify:track:60a0Rd6pjrkxjPbaKzXjfq",
    "spotify:track:2DlHlPMa4M17kufBvI2lEN",
    "spotify:track:0M955bMOoilikPXwKLYpoi",
    "spotify:track:0d28khcov6AiegSCpG5TuT",
    "spotify:track:1Ic9pKxGSJGM0LKeqf6lGe",
    "spotify:track:2m1hi0nfMR9vdGC8UcrnwU",
    "spotify:track:3ZOEytgrvLwQaqXreDs2Jx",
    "spotify:track:3K4HG9evC7dg3N0R9cYqk4",
    "spotify:track:6PwjJ58I4t7Mae9xfZ9l9v",
    "spotify:track:2YodwKJnbPyNKe8XXSE9V7",
    "spotify:track:3dPQuX8Gs42Y7b454ybpMR",
    "spotify:track:4e9eGQYsOiBcftrWXwsVco",
    "spotify:track:5cZqsjVs6MevCnAkasbEOX",
    "spotify:track:4Yf5bqU3NK4kNOypcrLYwU"
  ],
  "subgenres": {
    "grunge": 0.07692307692307693,
    "rock": 0.21794871794871795,
    "post-grunge": 0.02564102564102564,
    "alternative metal": 0.11538461538461539,
    "art rock": 0.02564102564102564,
    "alternative rock": 0.07692307692307693,
    "punk": 0.02564102564102564,
    "skate punk": 0.02564102564102564,
    "nu metal": 0.10256410256410256,
    "rap metal": 0.10256410256410256,
    "metal": 0.05128205128205128,
    "heavy metal": 0.01282051282051282,
    "stoner rock": 0.01282051282051282,
    "doom metal": 0.01282051282051282,
    "hard rock": 0.01282051282051282,
    "classic rock": 0.01282051282051282,
    "pop punk": 0.01282051282051282,
    "emo pop": 0.01282051282051282,
    "emo": 0.01282051282051282,
    "funk rock": 0.01282051282051282,
    "garage rock": 0.01282051282051282,
    "blues rock": 0.01282051282051282,
    "rap rock": 0.01282051282051282
  },
  "supergenres": {
    "Rock": 0.5454545454545454,
    "Metal": 0.45454545454545453
  }
}