{
  "user_id": "nirvana-2mZiZyvSZCxoHtdGOydRwt-2",
  "top_tracks": [
    "spotify:track:2SHTKB8YYlawTGIuJ2b2ok",
    "spotify:track:2MLHyLy5z5l5YRp7momlgw",
    "spotify:track:6L89mwZXSOwYl76YXfX13s",
    "spotify:track:3o7TMr6RmIusYH7Kkg7ujR",
    "spotify:track:1VNWaY3uNfoeWqb5U8x2QX",
    "spotify:track:1nFtiJxYdhtFfFtfXBv06s",
    "spotify:track:1FvDJ9KGxcqwv1utyPL3JZ",
    "spotify:track:5W8YXBz9MTIDyrpYaCg2Ky",
    "spotify:track:3IV4swNduIRunHREK80owz",
    "spotify:track:7j31rVgGX9Q2blT92VBEA0",
    "spotify:track:15VRO9CQwMpbqUYA7e6Hwg",
    "spotify:track:2hnMS47jN0etwvFPzYk11f",
    "spotify:track:7ygpwy2qP3NbrxVkHvUhXY",
    "spotify:track:1FkoVC85Ds3mFoK0fVqEqP",
    "spotify:track:1G391cbiT3v3Cywg8T7DM1",
    "spotify:track:30HCB1FoE77IfGRyNv4eFq",
    "spotify:track:63OQupATfueTdZMWTxW03A",
    "spotify:track:0EYOdF5FCkgOJJla8DI2Md",
    "spotify:track:5sFDReWLrZHLFZFjHsjUTS",
    "spotify:track:6ZOBP3NvffbU4SZcrnt1k6",
    "spotify:track:5gRcv46AMTrosmTOqrOV3Q",
    "spotify:track:3d9DChrdc6BOeFsbrZ3Is0",
    "spotify:track:0G21yYKMZoHa30cYVi1iA8",
    "spotify:track:0COqiPhxzoWICwFCS4eZcp",
    "spotify:track:3SFXsFpeGmBTtQvKiwYMDA"
  ],
  "subgenres": {
    "grunge": 0.08823529411764706,
    "rock": 0.17647058823529413,
    "alternative rock": 0.058823529411764705,
    "punk": 0.04411764705882353,
    "pop punk": 0.029411764705882353,
    "nu metal": 0.07352941176470588,
    "metal": 0.04411764705882353,
    "rap metal": 0.07352941176470588,
    "alternative metal": 0.08823529411764706,
    "new wave": 0.014705882352941176,
    "madchester": 0.029411764705882353,
    "jangle pop": 0.014705882352941176,
    "rap rock": 0.029411764705882353,
    "emo": 0.014705882352941176,
    "emo pop": 0.014705882352941176,
    "reggae rock": 0.014705882352941176,
    "ska punk": 0.014705882352941176,
    "ska": 0.014705882352941176,
    "britpop": 0.014705882352941176,
    "skate punk": 0.029411764705882353,
    "funk rock": 0.029411764705882353,
    "art rock": 0.014705882352941176,
    "post-grunge": 0.029411764705882353,
    "glam metal": 0.014705882352941176,
    "hard rock": 0.014705882352941176,
    "classic rock": 0.014705882352941176
  },
  "supergenres": {
    "Rock": 0.5970149253731343,
    "Metal": 0.3582089552238806,
    "Pop": 0.029850746268656716,
    "Folk/Acoustic": 0.014925373134328358
  }
}