{
  "user_id": "oasis-34fty458ZfppCwtVcILtLv-2",
  "top_tracks": [
    "spotify:track:2A7GGXmTlXuH9LOvBXgOX4",
    "spotify:track:1FTSo4v6BOZH9QxKc3MbVM",
    "spotify:track:7tFiyTwD0nx5a1eklYtX2J",
    "spotify:track:3d9DChrdc6BOeFsbrZ3Is0",
    "spotify:track:5hkdfA87RZvNaxl6XiveOA",
    "spotify:track:1Z5Uc9jMuuVQxtRZTforfX",
    "spotify:track:7EZC6E7UjZe63f1jRmkWxt",
    "spotify:track:6ORqU0bHbVCRjXm9AjyHyZ",
    "spotify:track:1FvDJ9KGxcqwv1utyPL3JZ",
    "spotify:track:64BbK9SFKH2jk86U3dGj2P",
    "spotify:track:60QLLec3yKDwloXCyummPy",
    "spotify:track:11LmqTE2naFULdEP94AUBa",
    "spotify:track:0gEyKnHvgkrkBM6fbeHdwK",
    "spotify:track:0ntQJM78wzOLVeCUAW7Y45",
    "spotify:track:0U87auHx1iZTEFcq9KVdmO",
    "spotify:track:4jJfa4mO5JjV9Tz2aAxE2M",
    "spotify:track:48UPSzbZjgc449aqz8bxox",
    "spotify:track:3BQHpFgAp4l80e1XslIjNI",
    "spotify:track:7LVHVU3tWfcxj5aiPFEW4Q",
    "spotify:track:0lVdukU9ejbFQwZIhg47hx",
    "spotify:track:1xxPQaR29dAf3yxaafByeD",
    "spotify:track:63OQupATfueTdZMWTxW03A",
    "spotify:track:20I8RduZC2PWMWTDCZuuAN",
    "spotify:track:0pNeVovbiZHkulpGeOx1Gj",
    "spotify:track:1oTo3ijRbaDAtrjJrGAPSw"
  ],
  "subgenres": {
    "britpop": 0.12280701754385964,
    "madchester": 0.14035087719298245,
    "rock": 0.19298245614035087,
    "alternative rock": 0.08771929824561403,
    "classic rock": 0.05263157894736842,
    "glam rock": 0.017543859649122806,
    "funk rock": 0.05263157894736842,
    "punk": 0.05263157894736842,
    "pop punk": 0.05263157894736842,
    "new wave": 0.03508771929824561,
    "jangle pop": 0.03508771929824561,
    "grunge": 0.017543859649122806,
    "modern rock": 0.017543859649122806,
    "psychedelic rock": 0.03508771929824561,
    "art rock": 0.017543859649122806,
    "indie rock": 0.017543859649122806,
    "emo pop": 0.017543859649122806,
    "skate punk": 0.017543859649122806,
    "emo": 0.017543859649122806
  },
  "supergenres": {
    "Pop": 0.16071428571428573,
    "Rock": 0.8214285714285714,
    "Metal": 0.017857142857142856
  }
}