{
  "user_id": "sundress-3aLutwPwoq3LPASQTYU6zX-1",
  "top_tracks": [
    "spotify:track:2aPTvyE09vUCRwVvj0I8WK",
    "spotify:track:3N3d4OWbPVxTQVBFqNyykk",
    "spotify:track:7lPgKA5mLFNmGPMdb07OlM",
    "spotify:track:2sbtixigDCbjXBTMRSEECS",
    "spotify:track:5OxPPsNISnSHTxDFZfxcAP",
    "spotify:track:0xIuPDzJSnJywALez8dwKR",
    "spotify:track:45dGKmN6jw7PgK6Dw2rEp2",
    "spotify:track:0r8zCsvfWIZsugwszlxETN",
    "spotify:track:7s2HYAN8PSba9OGqgTL7mo",
    "spotify:track:59NraMJsLaMCVtwXTSia8i",
    "spotify:track:6RCS56Qm4zSnFkwM6DSOhB",
    "spotify:track:2Ny0SqN4HHB7nfdre6YlDb",
    "spotify:track:4yDPUrGef0gWT4LSS13lwy",
    "spotify:track:2lLBATFvJpahfWTC1lOLQ6",
    "spotify:track:04GPHj5NdoZxlztLXsPxXA",
    "spotify:track:1tEto4JrqNmBZFH5uAiYqb",
    "spotify:track:5Qd3StpLOKGkotZvM0dDnP",
    "spotify:track:0pJPdSVti6cTM1Q6xYGmcf",
    "spotify:track:5q07j0N0ckUn3YXvBSJrHt",
    "spotify:track:6EMynpZ10GVcwVqiLZj6Ye",
    "spotify:track:0w05P3bo83lomFtlrjSPbj",
    "spotify:track:2J2x5N7N3LWYZfz4nH9uff",
    "spotify:track:10ORPaqqpwChV0WgXp5pp7",
    "spotify:track:2073QOEC8rBtSyTsRyaWiP",
    "spotify:track:6CGMZijOAZvTXG21T8t6R0"
  ],
  "subgenres": {
    "rap": 0.041666666666666664,
    "hip hop": 0.020833333333333332,
    "indie rock": 0.020833333333333332,
    "baroque pop": 0.020833333333333332,
    "punjabi hip hop": 0.0625,
    "punjabi pop": 0.08333333333333333,
    "desi": 0.0625,
    "bhangra": 0.10416666666666667,
    "desi hip hop": 0.020833333333333332,
    "desi pop": 0.041666666666666664,
    "classic rock": 0.020833333333333332,
    "rock": 0.041666666666666664,
    "hard rock": 0.020833333333333332,
    "rock and roll": 0.020833333333333332,
    "hypertechno": 0.020833333333333332,
    "bollywood": 0.041666666666666664,
    "glam rock": 0.041666666666666664,
    "art rock": 0.041666666666666664,
    "alternative dance": 0.041666666666666664,
    "electronic rock": 0.041666666666666664,
    "new rave": 0.041666666666666664,
    "edm": 0.020833333333333332,
    "britpop": 0.020833333333333332,
    "madchester": 0.020833333333333332,
    "space rock": 0.020833333333333332,
    "ambient": 0.020833333333333332,
    "sufi": 0.020833333333333332,
    "qawwali": 0.020833333333333332
  },
  "supergenres": {
    "Hip Hop": 0.16666666666666666,
    "Rock": 0.40476190476190477,
    "Pop": 0.19047619047619047,
    "World/Traditional": 0.16666666666666666,
    "Electronic": 0.07142857142857142
  }
}