{
  "user_id": "the_rolling-3yoS7AFclOLR1KqrdOaMcV-1",
  "top_tracks": [
    "spotify:track:63T7DJ1AFDD6Bn8VzG6JE8",
    "spotify:track:5CQ30WqJwcep0pYcV4AMNc",
    "spotify:track:40riOy7x9W7GXjyGp4pjAv",
    "spotify:track:31AOj9sFz2gM0O3hMARRBx",
    "spotify:track:6mFkJmJqdDVQ1REhVfGgd1",
    "spotify:track:2PzU4IB8Dr6mxV3lHuaG34",
    "spotify:track:1Y373MqadDRtclJNdnUXVc",
    "spotify:track:78lgmZwycJ3nzsdgmPPGNx",
    "spotify:track:7e89621JPkKaeDSTQ3avtg",
    "spotify:track:4YMQXzscifAREG0a7KNGhB",
    "spotify:track:7HKez549fwJQDzx3zLjHKC",
    "spotify:track:4gMgiXfqyzZLMhsksGmbQV",
    "spotify:track:2LawezPeJhN4AWuSB0GtAU",
    "spotify:track:3dmqIB2Qxe2XZobw9gXxJ6",
    "spotify:track:0hCB0YR03f6AmQaHbwWDe8",
    "spotify:track:6H3kDe7CGoWYBabAeVWGiD",
    "spotify:track:39shmbIHICJ2Wxnk1fPSdz",
    "spotify:track:7BY005dacJkbO6EPiOh2wb",
    "spotify:track:2K2M0TcglCRLLpFOzKeFZA",
    "spotify:track:3eYCJXTViFwl5mdtcTsF4G",
    "spotify:track:77oU2rjC5XbjQfNe3bD6so",
    "spotify:track:6zeE5tKyr8Nu882DQhhSQI",
    "spotify:track:1QEEqeFIZktqIpPI4jSVSF",
    "spotify:track:72Z17vmmeQKAg8bptWvpVG",
    "spotify:track:7Ar4G7Ci11gpt6sfH9Cgz5"
  ],
  "subgenres": {
    "classic rock": 0.28169014084507044,
    "rock": 0.18309859154929578,
    "hard rock": 0.056338028169014086,
    "rock and roll": 0.04225352112676056,
    "soft rock": 0.028169014084507043,
    "jangle pop": 0.014084507042253521,
    "alternative rock": 0.014084507042253521,
    "progressive rock": 0.04225352112676056,
    "psychedelic rock": 0.056338028169014086,
    "symphonic rock": 0.028169014084507043,
    "art rock": 0.04225352112676056,
    "metal": 0.014084507042253521,
    "heavy metal": 0.014084507042253521,
    "stoner rock": 0.014084507042253521,
    "doom metal": 0.014084507042253521,
    "southern rock": 0.04225352112676056,
    "country rock": 0.014084507042253521,
    "punk": 0.014084507042253521,
    "acid rock": 0.028169014084507043,
    "blues rock": 0.014084507042253521,
    "album rock": 0.028169014084507043,
    "glam rock": 0.014084507042253521
  },
  "supergenres": {
    "Rock": 0.9411764705882353,
    "Pop": 0.014705882352941176,
    "Metal": 0.04411764705882353
  }
}