{
  "user_id": "the_beatles-4OWUKCryi1l2GuFYStGokT-1",
  "top_tracks": [
    "spotify:track:6dGnYIeXmHdcikdzNNDMm2",
    "spotify:track:40riOy7x9W7GXjyGp4pjAv",
    "spotify:track:70C4NyhjD5OZUMzvWZ3njJ",
    "spotify:track:0GjEhVFGZW8afUYGChu3Rr",
    "spotify:track:1JSTJqkT5qHq8MDJnJbRE1",
    "spotify:track:3BQHpFgAp4l80e1XslIjNI",
    "spotify:track:7BY005dacJkbO6EPiOh2wb",
    "spotify:track:2LawezPeJhN4AWuSB0GtAU",
    "spotify:track:5y788ya4NvwhBznoDIcXwK",
    "spotify:track:4s6LhHAV5SEsOV0lC2tjvJ",
    "spotify:track:68BTFws92cRztMS1oQ7Ewj",
    "spotify:track:0bfvHnWWOeU1U5XeKyVLbW",
    "spotify:track:1WN4uNclrDuczTO3bCr8s1",
    "spotify:track:3yrSvpt2l1xhsV9Em88Pul",
    "spotify:track:6l8EbYRtQMgKOyc1gcDHF9",
    "spotify:track:3KfbEIOC7YIv90FIfNSZpo",
    "spotify:track:5CQ30WqJwcep0pYcV4AMNc",
    "spotify:track:4IHc6SzGPnzSPuHVEPzpJc",
    "spotify:track:4U45aEWtQhrm8A5mxPaFZ7",
    "spotify:track:0KZodeWxqxd88F9wY1cqgs",
    "spotify:track:1RP85mAmvJ8baqjP53kFJu",
    "spotify:track:0djZ2ndRfAL69WYNra5jRC",
    "spotify:track:48i055G1OT5KxGGftwFxWy",
    "spotify:track:1FvDJ9KGxcqwv1utyPL3JZ",
    "spotify:track:31AOj9sFz2gM0O3hMARRBx"
  ],
  "subgenres": {
    "classic rock": 0.23684210526315788,
    "psychedelic rock": 0.13157894736842105,
    "soft rock": 0.07894736842105263,
    "southern rock": 0.02631578947368421,
    "country rock": 0.02631578947368421,
    "folk rock": 0.10526315789473684,
    "folk": 0.07894736842105263,
    "christmas": 0.02631578947368421,
    "rock": 0.05263157894736842,
    "hard rock": 0.02631578947368421,
    "rock and roll": 0.02631578947368421,
    "baroque pop": 0.02631578947368421,
    "rockabilly": 0.02631578947368421,
    "new wave": 0.02631578947368421,
    "madchester": 0.02631578947368421,
    "jangle pop": 0.05263157894736842,
    "alternative rock": 0.02631578947368421
  },
  "supergenres": {
    "Rock": 0.8333333333333334,
    "Folk/Acoustic": 0.08333333333333333,
    "Pop": 0.08333333333333333
  }
}