{
  "user_id": "the_killers-0zR0G69ovhQMFPr8jemUt4-1",
  "top_tracks": [
    "spotify:track:6PwjJ58I4t7Mae9xfZ9l9v",
    "spotify:track:2nLtzopw4rPReszdYBJU6h",
    "spotify:track:6Qyc6fS4DsZjB2mRW9DsQs",
    "spotify:track:0lP4HYLmvowOKdsQ7CVkuq",
    "spotify:track:3ZOEytgrvLwQaqXreDs2Jx",
    "spotify:track:70wYA8oYHoMzhRRkARoMhU",
    "spotify:track:7w87IxuO7BDcJ3YUqCyMTT",
    "spotify:track:3FtYbEfBqAlGO46NUDQSAt",
    "spotify:track:2m1hi0nfMR9vdGC8UcrnwU",
    "spotify:track:6GG73Jik4jUlQCkKg9JuGO",
    "spotify:track:003vvx7Niy0yvhvHt4a68B",
    "spotify:track:0nnwn7LWHCAu09jfuH1xTA",
    "spotify:track:20I8RduZC2PWMWTDCZuuAN",
    "spotify:track:4EchqUKQ3qAQuRNKmeIpnf",
    "spotify:track:5B5eTk7DF8KVp1zpQoY1XY",
    "spotify:track:1sTsuZTdANkiFd7T34H3nb",
    "spotify:track:5ghIJDpPoe3CfHMGu71E6T",
    "spotify:track:6nTiIhLmQ3FWhvrGafw2zj",
    "spotify:track:3Zwu2K0Qa5sT6teCCHPShP",
    "spotify:track:60a0Rd6pjrkxjPbaKzXjfq",
    "spotify:track:5vollujufHY0jMZxx77VWr",
    "spotify:track:7ygpwy2qP3NbrxVkHvUhXY",
    "spotify:track:7j31rVgGX9Q2blT92VBEA0",
    "spotify:track:6L89mwZXSOwYl76YXfX13s",
    "spotify:track:2TfSHkHiFO4gRztVIkggkE"
  ],
  "subgenres": {
    "alternative rock": 0.12244897959183673,
    "nu metal": 0.061224489795918366,
    "rap metal": 0.04081632653061224,
    "rock": 0.12244897959183673,
    "alternative metal": 0.04081632653061224,
    "modern rock": 0.02040816326530612,
    "funk rock": 0.02040816326530612,
    "indie": 0.02040816326530612,
    "pop punk": 0.14285714285714285,
    "punk": 0.08163265306122448,
    "emo pop": 0.10204081632653061,
    "skate punk": 0.04081632653061224,
    "emo": 0.10204081632653061,
    "indie rock": 0.02040816326530612,
    "grunge": 0.02040816326530612,
    "britpop": 0.02040816326530612,
    "madchester": 0.02040816326530612
  },
  "supergenres": {
    "Rock": 0.7674418604651163,
    "Metal": 0.20930232558139536,
    "Pop": 0.023255813953488372
  }
}