{
  "user_id": "ac_dc-5m3qTsZchMmr6RxktXJkvb-1",
  "top_tracks": [
    "spotify:track:08mG3Y1vljYA6bvDt4Wqkj",
    "spotify:track:5ghIJDpPoe3CfHMGu71E6T",
    "spotify:track:1Y373MqadDRtclJNdnUXVc",
    "spotify:track:0gmbgwZ8iqyMPmXefof8Yf",
    "spotify:track:4EchqUKQ3qAQuRNKmeIpnf",
    "spotify:track:2zYzyRzz6pRmhPzyfMEC8s",
    "spotify:track:3YuaBvuZqcwN3CEAyyoaei",
    "spotify:track:4P5KoWXOxwuobLmHXLMobV",
    "spotify:track:7tFiyTwD0nx5a1eklYtX2J",
    "spotify:track:3ZOEytgrvLwQaqXreDs2Jx",
    "spotify:track:57bgtoPSgt236HzfBOd8kj",
    "spotify:track:2HHtWyy5CgaQbC7XSoOb0e",
    "spotify:track:63T7DJ1AFDD6Bn8VzG6JE8",
    "spotify:track:6TfBA04WJ3X1d1wXhaCFVT",
    "spotify:track:2LawezPeJhN4AWuSB0GtAU",
    "spotify:track:7LRMbd3LEoV5wZJvXT1Lwb",
    "spotify:track:6L89mwZXSOwYl76YXfX13s",
    "spotify:track:0ee1DiZF94NSqqpG0XHUzH",
    "spotify:track:07q0QVgO56EorrSGHC48y3",
    "spotify:track:3dPQuX8Gs42Y7b454ybpMR",
    "spotify:track:2SiXAy7TuUkycRVbbWDEpo",
    "spotify:track:3d9DChrdc6BOeFsbrZ3Is0",
    "spotify:track:6nTiIhLmQ3FWhvrGafw2zj",
    "spotify:track:2TofEeQobQ9YoK7EFds698",
    "spotify:track:5X79VgaOn8pDTpTKu3PixN"
  ],
  "subgenres": {
    "rock": 0.2328767123287671,
    "hard rock": 0.0958904109589041,
    "classic rock": 0.136986301369863,
    "rock and roll": 0.0684931506849315,
    "grunge": 0.0410958904109589,
    "metal": 0.0136986301369863,
    "heavy metal": 0.0136986301369863,
    "stoner rock": 0.0136986301369863,
    "doom metal": 0.0136986301369863,
    "post-grunge": 0.0273972602739726,
    "punk": 0.0547945205479452,
    "skate punk": 0.0273972602739726,
    "alternative metal": 0.0136986301369863,
    "glam rock": 0.0410958904109589,
    "funk rock": 0.0273972602739726,
    "alternative rock": 0.0410958904109589,
    "southern rock": 0.0136986301369863,
    "country rock": 0.0136986301369863,
    "pop punk": 0.0273972602739726,
    "glam metal": 0.0547945205479452,
    "garage rock": 0.0136986301369863,
    "blues rock": 0.0136986301369863
  },
  "supergenres": {
    "Rock": 0.8235294117647058,
    "Metal": 0.17647058823529413
  }
}