{
  "user_id": "bad_bunny-6LcZc3RtIdrhvkPursidLa-1",
  "top_tracks": [
    "spotify:track:3sK8wGT43QFpWrvNQsrQya",
    "spotify:track:6WatFBLVB0x077xWeoVc2k",
    "spotify:track:2yzshFeBIwH8tWIqHEFLeD",
    "spotify:track:0l0vcZMU7AOeQmUIREoI2U",
    "spotify:track:7bywjHOc0wSjGGbj04XbVi",
    "spotify:track:3k3NWokhRRkEPhCzPmV8TW",
    "spotify:track:69Ej1xrGjOcHvIMtMKxK0G",
    "spotify:track:2esZG2XFtuoWWA9AfDvSxy",
    "spotify:track:2tTmW7RDtMQtBk7m2rYeSw",
    "spotify:track:0fea68AdmYNygeTGI4RC18",
    "spotify:track:5TFD2bmFKGhoCRbX61nXY5",
    "spotify:track:1cOboCuWYI2osTOfolMRS6",
    "spotify:track:3HqcNJdZ2seoGxhn0wVNDK",
    "spotify:track:1yoMvmasuxZfqHEipJhRbp",
    "spotify:track:5QjmUqgpPQgXgg4606DqZF",
    "spotify:track:6Xom58OOXk2SoU711L2IXO",
    "spotify:track:40a82F3K2UTbeoLlXXXZBd",
    "spotify:track:1YYfyJ2yCvGFCxwjsIqEK9",
    "spotify:track:505v13epFXodT9fVAJ6h8k",
    "spotify:track:3D24ErT1MMmUfXWotSj2A2",
    "spotify:track:5WEF0icHWmAZBBMglBd599",
    "spotify:track:6G4U9avyBNEfP0fAIduev3",
    "spotify:track:1fTjqf10accJCDYstPwwZ6",
    "spotify:track:1m69ELEgE6k5ZWsap40ozt",
    "spotify:track:0DWdj2oZMBFSzRsi2Cvfzf"
  ],
  "subgenres": {
    "reggaeton": 0.19540229885057472,
    "trap latino": 0.10344827586206896,
    "urbano latino": 0.1839080459770115,
    "latin": 0.1724137931034483,
    "cumbia norte\u00f1a": 0.011494252873563218,
    "banda": 0.034482758620689655,
    "norte\u00f1o": 0.011494252873563218,
    "m\u00fasica mexicana": 0.034482758620689655,
    "corrido": 0.034482758620689655,
    "corridos tumbados": 0.034482758620689655,
    "grupera": 0.011494252873563218,
    "corridos b\u00e9licos": 0.034482758620689655,
    "tejano": 0.011494252873563218,
    "reggaeton chileno": 0.011494252873563218,
    "argentine trap": 0.011494252873563218,
    "electro corridos": 0.022988505747126436,
    "sad sierre\u00f1o": 0.022988505747126436,
    "latin afrobeat": 0.022988505747126436,
    "sierre\u00f1o": 0.011494252873563218,
    "bachata": 0.011494252873563218,
    "bachata pop": 0.011494252873563218
  },
  "supergenres": {
    "Latin": 1.0
  }
}