{
  "user_id": "gorillaz-1qvSgXL6BJimuqsyALKYpy-1",
  "top_tracks": [
    "spotify:track:0d28khcov6AiegSCpG5TuT",
    "spotify:track:58ge6dfP91o9oXMzq3XkIS",
    "spotify:track:6K4t31amVTZDgR3sKmwUJJ",
    "spotify:track:7w87IxuO7BDcJ3YUqCyMTT",
    "spotify:track:3FtYbEfBqAlGO46NUDQSAt",
    "spotify:track:0q6LuUqGLUiCPP1cbdwFs3",
    "spotify:track:3ZOEytgrvLwQaqXreDs2Jx",
    "spotify:track:003vvx7Niy0yvhvHt4a68B",
    "spotify:track:10nyNJ6zNy2YVYLrcwLccB",
    "spotify:track:3YuaBvuZqcwN3CEAyyoaei",
    "spotify:track:4Hff1IjRbLGeLgFgxvHflk",
    "spotify:track:20I8RduZC2PWMWTDCZuuAN",
    "spotify:track:4P5KoWXOxwuobLmHXLMobV",
    "spotify:track:6PwjJ58I4t7Mae9xfZ9l9v",
    "spotify:track:70LcF31zb1H0PyJoS1Sx1r",
    "spotify:track:1foMv2HQwfQ2vntFf9HFeG",
    "spotify:track:3CRDbSIZ4r5MsZ0YwxuEkn",
    "spotify:track:1FTSo4v6BOZH9QxKc3MbVM",
    "spotify:track:4iZxeyibg6w4EFCOoAQ6Eh",
    "spotify:track:1G391cbiT3v3Cywg8T7DM1",
    "spotify:track:7yMiX7n9SBvadzox8T5jzT",
    "spotify:track:0snQkGI5qnAmohLE7jTsTn",
    "spotify:track:11LmqTE2naFULdEP94AUBa",
    "spotify:track:3dPQuX8Gs42Y7b454ybpMR",
    "spotify:track:4iG2gAwKXsOcijVaVXzRPW"
  ],
  "subgenres": {
    "indie": 0.1282051282051282,
    "garage rock": 0.05128205128205128,
    "psychedelic pop": 0.02564102564102564,
    "funk rock": 0.05128205128205128,
    "alternative rock": 0.20512820512820512,
    "rock": 0.15384615384615385,
    "art rock": 0.05128205128205128,
    "grunge": 0.07692307692307693,
    "post-grunge": 0.02564102564102564,
    "alternative metal": 0.05128205128205128,
    "indie rock": 0.02564102564102564,
    "britpop": 0.02564102564102564,
    "madchester": 0.02564102564102564,
    "nu metal": 0.02564102564102564,
    "metal": 0.02564102564102564,
    "rap metal": 0.02564102564102564,
    "blues rock": 0.02564102564102564
  },
  "supergenres": {
    "Rock": 0.7647058823529411,
    "Pop": 0.058823529411764705,
    "Metal": 0.17647058823529413
  }
}