{
  "user_id": "gorillaz-1qvSgXL6BJimuqsyALKYpy-2",
  "top_tracks": [
    "spotify:track:60SvhHtwefT0e2G7i7kOH3",
    "spotify:track:64BbK9SFKH2jk86U3dGj2P",
    "spotify:track:2DlHlPMa4M17kufBvI2lEN",
    "spotify:track:2Z8WuEywRWYTKe1NybPQEW",
    "spotify:track:086myS9r57YsLbJpU0TgK9",
    "spotify:track:1kSWrMDt439cT64WpjJigW",
    "spotify:track:3lPr8ghNDBLc2uZovNyLs9",
    "spotify:track:1FvDJ9KGxcqwv1utyPL3JZ",
    "spotify:track:7hm4HTk9encxT0LYC0J6oI",
    "spotify:track:2lwwrWVKdf3LR9lbbhnr6R",
    "spotify:track:2bfGNzdiRa1jXZRdfssSzR",
    "spotify:track:1jJci4qxiYcOHhQR247rEU",
    "spotify:track:48UPSzbZjgc449aqz8bxox",
    "spotify:track:0WQiDwKJclirSYG9v5tayI",
    "spotify:track:7aQjPecQdIuNd1sz3KCDhD",
    "spotify:track:3qdDjz9kOvquEFbvXBYOMQ",
    "spotify:track:6dBUzqjtbnIa1TwYbyw5CM",
    "spotify:track:7j31rVgGX9Q2blT92VBEA0",
    "spotify:track:2PpruBYCo4H7WOBJ7Q2EwM",
    "spotify:track:5hM5arv9KDbCHS0k9uqwjr",
    "spotify:track:3lIxtCaROdRDuTnNBDm3n2",
    "spotify:track:2MLHyLy5z5l5YRp7momlgw",
    "spotify:track:63OQupATfueTdZMWTxW03A",
    "spotify:track:3HfhB8sYqLlVmpBPb7cc2x",
    "spotify:track:1JmRbZclLHgneDrpyA9e3X"
  ],
  "subgenres": {
    "funk rock": 0.05128205128205128,
    "alternative rock": 0.1794871794871795,
    "rock": 0.10256410256410256,
    "nu metal": 0.02564102564102564,
    "metal": 0.02564102564102564,
    "alternative metal": 0.02564102564102564,
    "rap metal": 0.02564102564102564,
    "indie": 0.1282051282051282,
    "garage rock": 0.05128205128205128,
    "new wave": 0.05128205128205128,
    "madchester": 0.05128205128205128,
    "jangle pop": 0.05128205128205128,
    "indie rock": 0.05128205128205128,
    "emo": 0.02564102564102564,
    "pop punk": 0.02564102564102564,
    "emo pop": 0.02564102564102564,
    "southern hip hop": 0.02564102564102564,
    "hip hop": 0.02564102564102564,
    "psychedelic pop": 0.02564102564102564,
    "art rock": 0.02564102564102564
  },
  "supergenres": {
    "Rock": 0.7272727272727273,
    "Metal": 0.12121212121212122,
    "Pop": 0.09090909090909091,
    "Hip Hop": 0.06060606060606061
  }
}