{
  "user_id": "guns_n'__ro-16JHeU8pP3VJgjaN6cna80-2",
  "top_tracks": [
    "spotify:track:4JiEyzf0Md7KEFFGWDDdCr",
    "spotify:track:2DlHlPMa4M17kufBvI2lEN",
    "spotify:track:1xqVri47rxr9oRpUgJa8rf",
    "spotify:track:5UWwZ5lm5PKu6eKsHAGxOk",
    "spotify:track:1Y373MqadDRtclJNdnUXVc",
    "spotify:track:0rFWuqFgHAfuzE8uSB9TWR",
    "spotify:track:11LmqTE2naFULdEP94AUBa",
    "spotify:track:7ygpwy2qP3NbrxVkHvUhXY",
    "spotify:track:63T7DJ1AFDD6Bn8VzG6JE8",
    "spotify:track:2LawezPeJhN4AWuSB0GtAU",
    "spotify:track:1OEoNpiyqBghuEUaT6Je6U",
    "spotify:track:0v1XpBHnsbkCn7iJ9Ucr1l",
    "spotify:track:2zYzyRzz6pRmhPzyfMEC8s",
    "spotify:track:3d9DChrdc6BOeFsbrZ3Is0",
    "spotify:track:7e89621JPkKaeDSTQ3avtg",
    "spotify:track:7CBFRsUz1pz1cS12soVhih",
    "spotify:track:6mFkJmJqdDVQ1REhVfGgd1",
    "spotify:track:6ZOBP3NvffbU4SZcrnt1k6",
    "spotify:track:2YodwKJnbPyNKe8XXSE9V7",
    "spotify:track:48UPSzbZjgc449aqz8bxox",
    "spotify:track:6i4Qi1mJxXjqNIL9HfJhRs",
    "spotify:track:0WoFs3EdGOx58yX5BtXvOa",
    "spotify:track:2CtemffYhT0DJWcT1XW047",
    "spotify:track:7EZC6E7UjZe63f1jRmkWxt",
    "spotify:track:70LcF31zb1H0PyJoS1Sx1r"
  ],
  "subgenres": {
    "rock": 0.2345679012345679,
    "glam metal": 0.08641975308641975,
    "hard rock": 0.1111111111111111,
    "classic rock": 0.13580246913580246,
    "nu metal": 0.012345679012345678,
    "metal": 0.037037037037037035,
    "alternative metal": 0.012345679012345678,
    "rap metal": 0.012345679012345678,
    "glam rock": 0.012345679012345678,
    "post-grunge": 0.024691358024691357,
    "alternative rock": 0.04938271604938271,
    "grunge": 0.037037037037037035,
    "modern rock": 0.012345679012345678,
    "heavy metal": 0.024691358024691357,
    "stoner rock": 0.012345679012345678,
    "doom metal": 0.012345679012345678,
    "britpop": 0.012345679012345678,
    "madchester": 0.012345679012345678,
    "southern rock": 0.024691358024691357,
    "country rock": 0.012345679012345678,
    "rock and roll": 0.012345679012345678,
    "funk rock": 0.024691358024691357,
    "progressive rock": 0.012345679012345678,
    "psychedelic rock": 0.012345679012345678,
    "symphonic rock": 0.012345679012345678,
    "art rock": 0.024691358024691357,
    "thrash metal": 0.012345679012345678
  },
  "supergenres": {
    "Rock": 0.75,
    "Metal": 0.2375,
    "Pop": 0.0125
  }
}