{
  "user_id": "michael_jac-5Seki47tWtdSKWCIiBqsPd-2",
  "top_tracks": [
    "spotify:track:46eu3SBuFCXWsPT39Yg3tJ",
    "spotify:track:4PTG3Z6ehGkBFwjybzWkR8",
    "spotify:track:2PpruBYCo4H7WOBJ7Q2EwM",
    "spotify:track:7rIovIsXE6kMn629b7kDig",
    "spotify:track:3koCCeSaVUyrRo3N2gHrd8",
    "spotify:track:4jnFqNWeJCeCRHc4HCdxfd",
    "spotify:track:6I9VzXrHxO9rA9A5euc8Ak",
    "spotify:track:4uOKFydzAejjSFqYbv1XPt",
    "spotify:track:2dCmGcEOQrMQhMMS8Vj7Ca",
    "spotify:track:2TofEeQobQ9YoK7EFds698",
    "spotify:track:2LlQb7Uoj1kKyGhlkBf9aC",
    "spotify:track:0O45fw2L5vsWpdsOdXwNAR",
    "spotify:track:2374M0fQpWi3dLnB54qaLX",
    "spotify:track:40riOy7x9W7GXjyGp4pjAv",
    "spotify:track:32OlwWuMpZ6b0aN2RZOeMS",
    "spotify:track:2gSNBigeWMVtY3QBIvPAEc",
    "spotify:track:2WfaOiMkCvy7F5fcp2zZ8L",
    "spotify:track:1AWQoqb9bSvzTjaLralEkT",
    "spotify:track:7hQJA50XrCWABAu5v6QZ4i",
    "spotify:track:6kWJvPfC4DgUpRsXKNa9z9",
    "spotify:track:7EsjkelQuoUlJXEw7SeVV4",
    "spotify:track:6btyEL6NwUa97Nex9cZFvo",
    "spotify:track:02VBYrHfVwfEWXk5DXyf0T",
    "spotify:track:2OgVsp77En2nju8pnCieVU",
    "spotify:track:3vkQ5DAB1qQMYO4Mr9zJN6"
  ],
  "subgenres": {
    "southern hip hop": 0.043478260869565216,
    "hip hop": 0.043478260869565216,
    "disco": 0.13043478260869565,
    "pop": 0.043478260869565216,
    "reggae": 0.043478260869565216,
    "funk": 0.043478260869565216,
    "motown": 0.043478260869565216,
    "glam metal": 0.043478260869565216,
    "rock": 0.08695652173913043,
    "soft rock": 0.08695652173913043,
    "classic rock": 0.13043478260869565,
    "new wave": 0.043478260869565216,
    "synthpop": 0.043478260869565216,
    "glam rock": 0.043478260869565216,
    "eurodance": 0.043478260869565216,
    "europop": 0.043478260869565216,
    "album rock": 0.043478260869565216
  },
  "supergenres": {
    "Hip Hop": 0.08695652173913043,
    "R&B": 0.2608695652173913,
    "Pop": 0.17391304347826086,
    "Metal": 0.043478260869565216,
    "Rock": 0.43478260869565216
  }
}