{
  "user_id": "never_let_y-3cOvG4XLHBOgGGeql8vbrS-1",
  "top_tracks": [
    "spotify:track:1sxUaLi0G2vB7dl4ogtCxH",
    "spotify:track:53eJFr4Mfbw5PXJ01K6cFw",
    "spotify:track:2fuYa3Lx06QQJAm0MjztKr",
    "spotify:track:32gRS0sQDC8ZNRdqXNAmsu",
    "spotify:track:56SkdBKyR2zOkjk6wVFI9s",
    "spotify:track:0T1GlrtHRjMs5aArBMOhbE",
    "spotify:track:1EryAkZ0VHstC6haIxVBiE",
    "spotify:track:4jJfa4mO5JjV9Tz2aAxE2M",
    "spotify:track:4i4ArYpqtsA3MJ1k0o2dxq",
    "spotify:track:5MP8QCjsJQPJ5ApdHMg3dl",
    "spotify:track:6l8umVDkC2ObhWrMSh3oQs",
    "spotify:track:3Oa8vnNXStoOHLbJwwMEDP",
    "spotify:track:2f54wXHtwFpcp9kRJfZHsR",
    "spotify:track:5QTxFnGygVM4jFQiBovmRo",
    "spotify:track:3qhlB30KknSejmIvZZLjOD",
    "spotify:track:2kN05N1AQQplsgFweFAqYb",
    "spotify:track:1AvHhZQgxzqi02r3gbKk4g",
    "spotify:track:6XuplqgBw2Kan9owJtqURw",
    "spotify:track:3WMiYUvvJqdkL8NrXP02wC",
    "spotify:track:4PCD9jZRM2VswisaTBhc25",
    "spotify:track:436bx0eHJS5DPgIyfsDU31",
    "spotify:track:5QLHGv0DfpeXLNFo7SFEy1",
    "spotify:track:12dU3vAh6AFoJkisorfoUl",
    "spotify:track:0kqjHBa6pLwj9RQPRPd05y",
    "spotify:track:1xstbgsiIPLA9FN6lU8fMN"
  ],
  "subgenres": {
    "grunge": 0.06521739130434782,
    "rock": 0.13043478260869565,
    "post-grunge": 0.043478260869565216,
    "art rock": 0.021739130434782608,
    "alternative rock": 0.10869565217391304,
    "nu metal": 0.021739130434782608,
    "alternative metal": 0.021739130434782608,
    "rap metal": 0.021739130434782608,
    "shoegaze": 0.043478260869565216,
    "britpop": 0.06521739130434782,
    "madchester": 0.06521739130434782,
    "post-punk": 0.043478260869565216,
    "noise rock": 0.021739130434782608,
    "punk": 0.021739130434782608,
    "new wave": 0.021739130434782608,
    "darkwave": 0.021739130434782608,
    "classic rock": 0.021739130434782608,
    "hard rock": 0.021739130434782608,
    "psychedelic pop": 0.021739130434782608,
    "modern rock": 0.021739130434782608,
    "midwest emo": 0.043478260869565216,
    "slowcore": 0.021739130434782608,
    "dream pop": 0.021739130434782608,
    "post-rock": 0.021739130434782608,
    "emo": 0.021739130434782608,
    "indie punk": 0.021739130434782608,
    "math rock": 0.021739130434782608
  },
  "supergenres": {
    "Rock": 0.7555555555555555,
    "Metal": 0.1111111111111111,
    "Pop": 0.1111111111111111,
    "Folk/Acoustic": 0.022222222222222223
  }
}