{
  "user_id": "queen-1aNFkYUK4qTUe8H96jEOzA-1",
  "top_tracks": [
    "spotify:track:7tFiyTwD0nx5a1eklYtX2J",
    "spotify:track:0GjEhVFGZW8afUYGChu3Rr",
    "spotify:track:0ee1DiZF94NSqqpG0XHUzH",
    "spotify:track:1JSTJqkT5qHq8MDJnJbRE1",
    "spotify:track:40riOy7x9W7GXjyGp4pjAv",
    "spotify:track:7hQJA50XrCWABAu5v6QZ4i",
    "spotify:track:4RvWPyQ5RL0ao9LPZeSouE",
    "spotify:track:63T7DJ1AFDD6Bn8VzG6JE8",
    "spotify:track:2RChe0r2cMoyOvuKobZy44",
    "spotify:track:2zYzyRzz6pRmhPzyfMEC8s",
    "spotify:track:57JVGBtBLCfHw2muk5416J",
    "spotify:track:5ghIJDpPoe3CfHMGu71E6T",
    "spotify:track:2HHtWyy5CgaQbC7XSoOb0e",
    "spotify:track:3ZOEytgrvLwQaqXreDs2Jx",
    "spotify:track:2TofEeQobQ9YoK7EFds698",
    "spotify:track:54flyrjcdnQdco7300avMJ",
    "spotify:track:57bgtoPSgt236HzfBOd8kj",
    "spotify:track:1jDJFeK9x3OZboIAHsY9k2",
    "spotify:track:5WDLRQ3VCdVrKw0njWe5E5",
    "spotify:track:2LawezPeJhN4AWuSB0GtAU",
    "spotify:track:7GqWnsKhMtEW0nzki5o0d8",
    "spotify:track:0v1XpBHnsbkCn7iJ9Ucr1l",
    "spotify:track:08mG3Y1vljYA6bvDt4Wqkj",
    "spotify:track:1Y373MqadDRtclJNdnUXVc",
    "spotify:track:6L89mwZXSOwYl76YXfX13s"
  ],
  "subgenres": {
    "classic rock": 0.20689655172413793,
    "rock": 0.27586206896551724,
    "glam rock": 0.08620689655172414,
    "glam metal": 0.06896551724137931,
    "soft rock": 0.017241379310344827,
    "new wave": 0.017241379310344827,
    "synthpop": 0.017241379310344827,
    "hard rock": 0.06896551724137931,
    "rock and roll": 0.05172413793103448,
    "grunge": 0.017241379310344827,
    "funk rock": 0.017241379310344827,
    "alternative rock": 0.017241379310344827,
    "southern rock": 0.017241379310344827,
    "country rock": 0.017241379310344827,
    "metal": 0.017241379310344827,
    "heavy metal": 0.017241379310344827,
    "stoner rock": 0.017241379310344827,
    "doom metal": 0.017241379310344827,
    "punk": 0.017241379310344827,
    "pop punk": 0.017241379310344827
  },
  "supergenres": {
    "Rock": 0.8545454545454545,
    "Metal": 0.12727272727272726,
    "Pop": 0.01818181818181818
  }
}