{
  "user_id": "radiohead-1bcUbLMRmaIVQMeGj6zna8-1",
  "top_tracks": [
    "spotify:track:70LcF31zb1H0PyJoS1Sx1r",
    "spotify:track:7wCmS9TTVUcIhRalDYFgPy",
    "spotify:track:1LzNfuep1bnAUR9skqdHCK",
    "spotify:track:0WQiDwKJclirSYG9v5tayI",
    "spotify:track:42qNWdLKCI41S4uzfamhFM",
    "spotify:track:10nyNJ6zNy2YVYLrcwLccB",
    "spotify:track:11LmqTE2naFULdEP94AUBa",
    "spotify:track:1FTSo4v6BOZH9QxKc3MbVM",
    "spotify:track:1EryAkZ0VHstC6haIxVBiE",
    "spotify:track:1FvDJ9KGxcqwv1utyPL3JZ",
    "spotify:track:73CKjW3vsUXRpy3NnX4H7F",
    "spotify:track:2MLHyLy5z5l5YRp7momlgw",
    "spotify:track:1nFtiJxYdhtFfFtfXBv06s",
    "spotify:track:7hm4HTk9encxT0LYC0J6oI",
    "spotify:track:6dBUzqjtbnIa1TwYbyw5CM",
    "spotify:track:63OQupATfueTdZMWTxW03A",
    "spotify:track:1xaTREM89RbIxkcjlpf4Uw",
    "spotify:track:1oAwsWBovWRIp7qLMGPIet",
    "spotify:track:2YodwKJnbPyNKe8XXSE9V7",
    "spotify:track:57Xjny5yNzAcsxnusKmAfA",
    "spotify:track:2a1iMaoWQ5MnvLFBDv4qkf",
    "spotify:track:5UWwZ5lm5PKu6eKsHAGxOk",
    "spotify:track:7H0ya83CMmgFcOhw0UB6ow",
    "spotify:track:33HRECrmuelZxOpid6XTNX",
    "spotify:track:6BrMEbPSSj55nQhkgf6DnE"
  ],
  "subgenres": {
    "art rock": 0.08771929824561403,
    "alternative rock": 0.19298245614035087,
    "dream pop": 0.07017543859649122,
    "shoegaze": 0.05263157894736842,
    "slowcore": 0.03508771929824561,
    "new wave": 0.07017543859649122,
    "madchester": 0.08771929824561403,
    "jangle pop": 0.07017543859649122,
    "grunge": 0.07017543859649122,
    "rock": 0.08771929824561403,
    "britpop": 0.017543859649122806,
    "nu metal": 0.017543859649122806,
    "alternative metal": 0.017543859649122806,
    "rap metal": 0.017543859649122806,
    "garage rock": 0.03508771929824561,
    "indie rock": 0.03508771929824561,
    "post-grunge": 0.017543859649122806,
    "modern rock": 0.017543859649122806
  },
  "supergenres": {
    "Rock": 0.7368421052631579,
    "Pop": 0.15789473684210525,
    "Folk/Acoustic": 0.03508771929824561,
    "Metal": 0.07017543859649122
  }
}