{
  "user_id": "the_rolling-3yoS7AFclOLR1KqrdOaMcV-2",
  "top_tracks": [
    "spotify:track:1Ud6moTC0KyXMq1Oxfien0",
    "spotify:track:5fMwvrqujbQjUxcNPcYrUF",
    "spotify:track:0KZodeWxqxd88F9wY1cqgs",
    "spotify:track:7n3WO6ESKS1uCI9fgkGs66",
    "spotify:track:5HNCy40Ni5BZJFw1TKzRsC",
    "spotify:track:61UuPxxYUvacEH6SHIK3sU",
    "spotify:track:5tmrnhMxx39jnu3kjopMdP",
    "spotify:track:1xsYj84j7hUDDnTTerGWlH",
    "spotify:track:43btz2xjMKpcmjkuRsvxyg",
    "spotify:track:3yrSvpt2l1xhsV9Em88Pul",
    "spotify:track:3hJLKtTpgct9Y9wKww0BiR",
    "spotify:track:05uGBKRCuePsf43Hfm0JwX",
    "spotify:track:6DjKJgwe9c90Bd2iya0fre",
    "spotify:track:4PRGxHpCpF2yoOHYKQIEwD",
    "spotify:track:5VSAonaAPhhGn0G7hMYwWK",
    "spotify:track:7HIG9Utsra6sL79nA1Tn0y",
    "spotify:track:1a2iF9XymafjRk56q7oCxo",
    "spotify:track:1v2zyAJrChw5JnfafSkwkJ",
    "spotify:track:4yugZvBYaoREkJKtbG08Qr",
    "spotify:track:0QwZfbw26QeUoIy82Z2jYp",
    "spotify:track:0f7VY69zhtS20Xm5PVYCm5",
    "spotify:track:4vpeKl0vMGdAXpZiQB2Dtd",
    "spotify:track:7gSQv1OHpkIoAdUiRLdmI6",
    "spotify:track:3fH4KjXFYMmljxrcGrbPj9",
    "spotify:track:3DmHaJ9zYKj5Snos05lkVF"
  ],
  "subgenres": {
    "classic rock": 0.24561403508771928,
    "rock": 0.21052631578947367,
    "blues rock": 0.05263157894736842,
    "psychedelic rock": 0.07017543859649122,
    "progressive rock": 0.03508771929824561,
    "symphonic rock": 0.03508771929824561,
    "art rock": 0.03508771929824561,
    "hard rock": 0.03508771929824561,
    "rock and roll": 0.03508771929824561,
    "soft rock": 0.03508771929824561,
    "folk rock": 0.017543859649122806,
    "blues": 0.03508771929824561,
    "classic blues": 0.03508771929824561,
    "southern rock": 0.017543859649122806,
    "modern blues": 0.03508771929824561,
    "jangle pop": 0.017543859649122806,
    "alternative rock": 0.017543859649122806,
    "acid rock": 0.017543859649122806,
    "new wave": 0.017543859649122806
  },
  "supergenres": {
    "Rock": 0.9056603773584906,
    "Blues": 0.07547169811320754,
    "Pop": 0.018867924528301886
  }
}