{
  "user_id": "train-41wGhbkZXokXDqqDAghvrh-2",
  "top_tracks": [
    "spotify:track:77hjM9bMmgfTGJXv14UFmi",
    "spotify:track:0wqOReZDnrefefEsrIGeR4",
    "spotify:track:1hGy2eLcmC8eKx7qr1tOqx",
    "spotify:track:0FDzzruyVECATHXKHFs9eJ",
    "spotify:track:1X1DWw2pcNZ8zSub3uhlNz",
    "spotify:track:2MWOqewf5j0qf2b6S5J6cS",
    "spotify:track:3gbBpTdY8lnQwqxNCcf795",
    "spotify:track:22PMfvdz35fFKYnJyMn077",
    "spotify:track:2m1hi0nfMR9vdGC8UcrnwU",
    "spotify:track:1jF7IL57ayN4Ity3jQqGu0",
    "spotify:track:2uXlHCUbq9OMUwx3hrk06o",
    "spotify:track:4llK75pXNWZz6KAho2Gp16",
    "spotify:track:0815caqt2Lytro5EIzMufT",
    "spotify:track:6YUTL4dYpB9xZO5qExPf05",
    "spotify:track:3adeqciqrsp6PQqR0hGDC7",
    "spotify:track:0lHAMNU8RGiIObScrsRgmP",
    "spotify:track:6qn9YLKt13AGvpq9jfO8py",
    "spotify:track:4356Typ82hUiFAynbLYbPn",
    "spotify:track:6lanRgr6wXibZr8KgzXxBl",
    "spotify:track:0DwClY2t9YAWHBROMIgrXb",
    "spotify:track:1NpW5kyvO4XrNJ3rnfcNy3",
    "spotify:track:1gihuPhrLraKYrJMAEONyc",
    "spotify:track:1p80LdxRV74UKvL8gnD7ky",
    "spotify:track:6nek1Nin9q48AVZcWs9e9D",
    "spotify:track:3TGRqZ0a2l1LRblBkJoaDx"
  ],
  "subgenres": {
    "soft pop": 0.19047619047619047,
    "post-grunge": 0.09523809523809523,
    "pop punk": 0.047619047619047616,
    "punk": 0.047619047619047616,
    "emo pop": 0.047619047619047616,
    "rock": 0.047619047619047616,
    "skate punk": 0.047619047619047616,
    "emo": 0.047619047619047616,
    "folk pop": 0.09523809523809523,
    "pop": 0.047619047619047616,
    "edm": 0.14285714285714285,
    "dance": 0.047619047619047616,
    "r&b": 0.047619047619047616,
    "indie folk": 0.047619047619047616
  },
  "supergenres": {
    "Metal": 0.21428571428571427,
    "Rock": 0.2857142857142857,
    "Pop": 0.07142857142857142,
    "Electronic": 0.2857142857142857,
    "R&B": 0.07142857142857142,
    "Folk/Acoustic": 0.07142857142857142
  }
}